{"type": "FeatureCollection", "features": [{"type": "Feature", "geometry": {"type": "Point", "coordinates": [-0.257, 39.8842]}, "properties": {"id": "ce542678ebc4", "ine": "12007", "first_utc": "2026-07-25T09:09:00Z", "last_utc": "2026-07-28T02:53:00Z", "detections": 1833, "frp_max_mw": 4855.2, "frp_total_mw": 80035.5, "pixel_area_ha": 9082.8, "status": "active", "fire_class": "forest", "official_area_ha": 10046.0, "perimeter_id": "570518", "municipality": "Alfondeguilla", "province": "Castelló/Castellón", "region": "Comunitat Valenciana", "muni_dist_km": 0.07}}, {"type": "Feature", "geometry": {"type": "Point", "coordinates": [-2.0316, 40.9513]}, "properties": {"id": "23d5fcf72db5", "ine": "19115", "first_utc": "2026-07-21T12:14:00Z", "last_utc": "2026-07-22T03:08:00Z", "detections": 195, "frp_max_mw": 4061.7, "frp_total_mw": 24993.0, "pixel_area_ha": 1434.1, "status": "out", "fire_class": "forest", "official_area_ha": 2958.0, "perimeter_id": "562292", "municipality": "Establés", "province": "Guadalajara", "region": "Castilla-La Mancha", "muni_dist_km": 2.57}}, {"type": "Feature", "geometry": {"type": "Point", "coordinates": [-6.43, 42.5605]}, "properties": {"id": "e2656799ff43", "ine": "24049", "first_utc": "2026-07-22T19:55:00Z", "last_utc": "2026-07-24T13:33:00Z", "detections": 180, "frp_max_mw": 2717.1, "frp_total_mw": 13274.9, "pixel_area_ha": 928.0, "status": "out", "fire_class": "forest", "official_area_ha": 0.25, "perimeter_id": "562635", "municipality": "Castropodame", "province": "León", "region": "Castilla y León", "muni_dist_km": 0.47}}, {"type": "Feature", "geometry": {"type": "Point", "coordinates": [-7.0672, 37.4572]}, "properties": {"id": "6b6b02582cbc", "ine": "21006", "first_utc": "2026-06-08T12:19:00Z", "last_utc": "2026-06-10T14:16:00Z", "detections": 650, "frp_max_mw": 2653.5, "frp_total_mw": 29490.3, "pixel_area_ha": 4372.7, "status": "out", "fire_class": "agricultural", "official_area_ha": 4595.0, "perimeter_id": "504962", "municipality": "Alosno", "province": "Huelva", "region": "Andalucía", "muni_dist_km": 0.12}}, {"type": "Feature", "geometry": {"type": "Point", "coordinates": [-3.0751, 41.1112]}, "properties": {"id": "f42d8e3ec507", "ine": "19226", "first_utc": "2026-07-16T12:08:00Z", "last_utc": "2026-07-24T14:52:00Z", "detections": 5108, "frp_max_mw": 2255.7, "frp_total_mw": 238842.7, "pixel_area_ha": 24928.4, "status": "out", "fire_class": "forest", "official_area_ha": 33022.0, "perimeter_id": "561620", "municipality": "Prádena de Atienza", "province": "Guadalajara", "region": "Castilla-La Mancha", "muni_dist_km": 0.01}}, {"type": "Feature", "geometry": {"type": "Point", "coordinates": [-4.5585, 40.3626]}, "properties": {"id": "bf20a32e0893", "ine": "05054", "first_utc": "2026-07-22T13:36:00Z", "last_utc": "2026-07-28T04:42:00Z", "detections": 10384, "frp_max_mw": 1898.5, "frp_total_mw": 382709.1, "pixel_area_ha": 50039.5, "status": "active", "fire_class": "forest", "official_area_ha": 23078.0, "perimeter_id": "52448", "municipality": "Casavieja", "province": "Ávila", "region": "Castilla y León", "muni_dist_km": 0.08}}, {"type": "Feature", "geometry": {"type": "Point", "coordinates": [-8.2188, 42.4669]}, "properties": {"id": "d9718870644f", "ine": "32011", "first_utc": "2026-06-14T01:39:00Z", "last_utc": "2026-06-15T02:41:00Z", "detections": 60, "frp_max_mw": 1614.0, "frp_total_mw": 4679.7, "pixel_area_ha": 464.0, "status": "out", "fire_class": "forest", "official_area_ha": 297.0, "perimeter_id": "510745", "municipality": "Beariz", "province": "Ourense", "region": "Galicia", "muni_dist_km": 3.04}}, {"type": "Feature", "geometry": {"type": "Point", "coordinates": [-1.0874, 42.3318]}, "properties": {"id": "6a38dbb3cbe7", "ine": "50051", "first_utc": "2026-07-15T09:11:00Z", "last_utc": "2026-07-18T14:05:00Z", "detections": 1244, "frp_max_mw": 1537.3, "frp_total_mw": 38978.6, "pixel_area_ha": 8407.9, "status": "out", "fire_class": "mixed", "official_area_ha": 15045.0, "perimeter_id": "561527", "municipality": "Biota", "province": "Zaragoza", "region": "Aragón", "muni_dist_km": 0.15}}, {"type": "Feature", "geometry": {"type": "Point", "coordinates": [-3.8187, 38.5173]}, "properties": {"id": "a1ba118867e6", "ine": "13075", "first_utc": "2026-06-29T13:01:00Z", "last_utc": "2026-06-30T03:19:00Z", "detections": 29, "frp_max_mw": 1118.5, "frp_total_mw": 3042.7, "pixel_area_ha": 253.1, "status": "out", "fire_class": "forest", "official_area_ha": 397.0, "perimeter_id": "549555", "municipality": "San Lorenzo de Calatrava", "province": "Ciudad Real", "region": "Castilla-La Mancha", "muni_dist_km": 5.56}}, {"type": "Feature", "geometry": {"type": "Point", "coordinates": [0.3616, 41.9159]}, "properties": {"id": "d422d1c3867b", "ine": "22205", "first_utc": "2026-06-25T12:02:00Z", "last_utc": "2026-06-26T12:19:00Z", "detections": 192, "frp_max_mw": 973.7, "frp_total_mw": 15219.5, "pixel_area_ha": 1687.2, "status": "out", "fire_class": "agricultural", "official_area_ha": 4376.0, "perimeter_id": "534923", "municipality": "San Esteban de Litera", "province": "Huesca", "region": "Aragón", "muni_dist_km": 1.66}}, {"type": "Feature", "geometry": {"type": "Point", "coordinates": [-4.2175, 40.4723]}, "properties": {"id": "ae2afeb34c0e", "ine": "28125", "first_utc": "2026-07-24T14:52:00Z", "last_utc": "2026-07-25T14:20:00Z", "detections": 338, "frp_max_mw": 809.4, "frp_total_mw": 4512.8, "pixel_area_ha": 2235.5, "status": "out", "fire_class": "forest", "official_area_ha": 15849.0, "perimeter_id": "565281", "municipality": "Robledo de Chavela", "province": "Madrid", "region": "Comunidad de Madrid", "muni_dist_km": 0.11}}, {"type": "Feature", "geometry": {"type": "Point", "coordinates": [1.5011, 41.356]}, "properties": {"id": "95b9f1caf52b", "ine": "43090", "first_utc": "2026-07-08T14:33:00Z", "last_utc": "2026-07-08T14:33:00Z", "detections": 1, "frp_max_mw": 802.3, "frp_total_mw": 802.3, "pixel_area_ha": 14.1, "status": "out", "fire_class": "forest", "municipality": "El Montmell", "province": "Tarragona", "region": "Cataluña", "muni_dist_km": 2.96}}, {"type": "Feature", "geometry": {"type": "Point", "coordinates": [-3.9911, 41.0671]}, "properties": {"id": "e22d24318d04", "ine": "40157", "first_utc": "2026-07-20T15:37:00Z", "last_utc": "2026-07-21T03:25:00Z", "detections": 48, "frp_max_mw": 789.3, "frp_total_mw": 1525.8, "pixel_area_ha": 435.9, "status": "out", "fire_class": "agricultural", "official_area_ha": 3495.0, "perimeter_id": "562090", "municipality": "Pelayos del Arroyo", "province": "Segovia", "region": "Castilla y León", "muni_dist_km": 0.92}}, {"type": "Feature", "geometry": {"type": "Point", "coordinates": [3.0285, 41.8947]}, "properties": {"id": "a85b098230ff", "ine": "17022", "first_utc": "2026-07-03T09:34:00Z", "last_utc": "2026-07-05T01:43:00Z", "detections": 588, "frp_max_mw": 719.6, "frp_total_mw": 48652.9, "pixel_area_ha": 3233.8, "status": "out", "fire_class": "urban", "official_area_ha": 2030.0, "perimeter_id": "550037", "municipality": "La Bisbal d'Empordà", "province": "Girona", "region": "Cataluña", "muni_dist_km": 0.75}}, {"type": "Feature", "geometry": {"type": "Point", "coordinates": [-0.5468, 41.8599]}, "properties": {"id": "7f25189a534b", "ine": "50137", "first_utc": "2026-06-30T14:25:00Z", "last_utc": "2026-07-02T14:03:00Z", "detections": 315, "frp_max_mw": 715.0, "frp_total_mw": 8697.9, "pixel_area_ha": 1940.3, "status": "out", "fire_class": "agricultural", "official_area_ha": 2830.0, "perimeter_id": "549516", "municipality": "Leciñena", "province": "Zaragoza", "region": "Aragón", "muni_dist_km": 1.89}}, {"type": "Feature", "geometry": {"type": "Point", "coordinates": [1.6122, 41.7096]}, "properties": {"id": "ea18c251a9e0", "ine": "08002", "first_utc": "2026-07-14T15:03:00Z", "last_utc": "2026-07-14T15:03:00Z", "detections": 1, "frp_max_mw": 709.8, "frp_total_mw": 709.8, "pixel_area_ha": 14.1, "status": "out", "fire_class": "forest", "municipality": "Aguilar de Segarra", "province": "Barcelona", "region": "Cataluña", "muni_dist_km": 2.28}}, {"type": "Feature", "geometry": {"type": "Point", "coordinates": [-6.0345, 42.7374]}, "properties": {"id": "a370fc848e5e", "ine": "24184", "first_utc": "2026-07-22T19:55:00Z", "last_utc": "2026-07-26T13:16:00Z", "detections": 579, "frp_max_mw": 692.6, "frp_total_mw": 19400.5, "pixel_area_ha": 2587.0, "status": "out", "fire_class": "forest", "official_area_ha": 0.5, "perimeter_id": "562641", "municipality": "Valdesamario", "province": "León", "region": "Castilla y León", "muni_dist_km": 0.1}}, {"type": "Feature", "geometry": {"type": "Point", "coordinates": [1.5173, 41.3592]}, "properties": {"id": "704f15e49be3", "ine": "43090", "first_utc": "2026-07-08T14:33:00Z", "last_utc": "2026-07-08T14:33:00Z", "detections": 1, "frp_max_mw": 671.2, "frp_total_mw": 671.2, "pixel_area_ha": 14.1, "status": "out", "fire_class": "forest", "municipality": "El Montmell", "province": "Tarragona", "region": "Cataluña", "muni_dist_km": 3.98}}, {"type": "Feature", "geometry": {"type": "Point", "coordinates": [-6.4153, 41.7559]}, "properties": {"id": "d2f63a23b057", "ine": "49173", "first_utc": "2026-07-22T19:55:00Z", "last_utc": "2026-07-22T19:55:00Z", "detections": 1, "frp_max_mw": 573.0, "frp_total_mw": 573.0, "pixel_area_ha": 14.1, "status": "out", "fire_class": "forest", "municipality": "Rábano de Aliste", "province": "Zamora", "region": "Castilla y León", "muni_dist_km": 3.6}}, {"type": "Feature", "geometry": {"type": "Point", "coordinates": [2.2608, 41.4989]}, "properties": {"id": "259ebd84a0db", "ine": "08282", "first_utc": "2026-06-26T09:54:00Z", "last_utc": "2026-06-26T13:23:00Z", "detections": 13, "frp_max_mw": 499.8, "frp_total_mw": 1278.4, "pixel_area_ha": 112.5, "status": "out", "fire_class": "urban", "official_area_ha": 49.0, "perimeter_id": "544629", "municipality": "Tiana", "province": "Barcelona", "region": "Cataluña", "muni_dist_km": 1.0}}, {"type": "Feature", "geometry": {"type": "Point", "coordinates": [-7.2622, 42.4509]}, "properties": {"id": "82a06379c038", "ine": "27052", "first_utc": "2026-07-11T20:57:00Z", "last_utc": "2026-07-13T02:36:00Z", "detections": 23, "frp_max_mw": 499.7, "frp_total_mw": 843.0, "pixel_area_ha": 239.0, "status": "out", "fire_class": "forest", "official_area_ha": 178.0, "perimeter_id": "561229", "municipality": "Ribas de Sil", "province": "Lugo", "region": "Galicia", "muni_dist_km": 2.2}}, {"type": "Feature", "geometry": {"type": "Point", "coordinates": [-6.4548, 41.746]}, "properties": {"id": "376b355b49d5", "ine": "49173", "first_utc": "2026-07-22T19:55:00Z", "last_utc": "2026-07-22T19:55:00Z", "detections": 1, "frp_max_mw": 498.7, "frp_total_mw": 498.7, "pixel_area_ha": 14.1, "status": "out", "fire_class": "forest", "municipality": "Rábano de Aliste", "province": "Zamora", "region": "Castilla y León", "muni_dist_km": 2.69}}, {"type": "Feature", "geometry": {"type": "Point", "coordinates": [-4.3337, 40.2664]}, "properties": {"id": "a26fd70535e8", "ine": "28171", "first_utc": "2026-07-22T19:55:00Z", "last_utc": "2026-07-23T15:52:00Z", "detections": 33, "frp_max_mw": 492.2, "frp_total_mw": 1054.5, "pixel_area_ha": 337.4, "status": "out", "fire_class": "forest", "official_area_ha": 3673.0, "perimeter_id": "567459", "municipality": "Villa del Prado", "province": "Madrid", "region": "Comunidad de Madrid", "muni_dist_km": 1.53}}, {"type": "Feature", "geometry": {"type": "Point", "coordinates": [-3.1586, 41.1454]}, "properties": {"id": "3c3c557e2d05", "ine": "19146", "first_utc": "2026-07-21T14:37:00Z", "last_utc": "2026-07-21T14:37:00Z", "detections": 2, "frp_max_mw": 454.0, "frp_total_mw": 681.5, "pixel_area_ha": 28.1, "status": "out", "fire_class": "forest", "municipality": "La Huerce", "province": "Guadalajara", "region": "Castilla-La Mancha", "muni_dist_km": 0.73}}, {"type": "Feature", "geometry": {"type": "Point", "coordinates": [-1.0333, 42.3637]}, "properties": {"id": "4746acfd44b6", "ine": "50148", "first_utc": "2026-07-17T15:20:00Z", "last_utc": "2026-07-17T19:57:00Z", "detections": 3, "frp_max_mw": 441.6, "frp_total_mw": 478.7, "pixel_area_ha": 42.2, "status": "out", "fire_class": "agricultural", "official_area_ha": 210.0, "perimeter_id": "236515", "municipality": "Luesia", "province": "Zaragoza", "region": "Aragón", "muni_dist_km": 1.39}}, {"type": "Feature", "geometry": {"type": "Point", "coordinates": [-4.3743, 40.3074]}, "properties": {"id": "73524d4262f5", "ine": "28031", "first_utc": "2026-07-26T14:29:00Z", "last_utc": "2026-07-26T14:29:00Z", "detections": 1, "frp_max_mw": 416.8, "frp_total_mw": 416.8, "pixel_area_ha": 14.1, "status": "out", "fire_class": "forest", "municipality": "Cadalso de los Vidrios", "province": "Madrid", "region": "Comunidad de Madrid", "muni_dist_km": 5.06}}, {"type": "Feature", "geometry": {"type": "Point", "coordinates": [-4.0387, 39.5673]}, "properties": {"id": "8ba8391448c2", "ine": "45092", "first_utc": "2026-07-23T20:34:00Z", "last_utc": "2026-07-25T02:13:00Z", "detections": 150, "frp_max_mw": 414.4, "frp_total_mw": 11361.1, "pixel_area_ha": 1026.4, "status": "out", "fire_class": "forest", "official_area_ha": 1002.0, "perimeter_id": "567385", "municipality": "Marjaliza", "province": "Toledo", "region": "Castilla-La Mancha", "muni_dist_km": 4.17}}, {"type": "Feature", "geometry": {"type": "Point", "coordinates": [-4.3686, 40.2912]}, "properties": {"id": "ca9fb62fea7e", "ine": "45013", "first_utc": "2026-07-26T14:29:00Z", "last_utc": "2026-07-26T14:29:00Z", "detections": 1, "frp_max_mw": 412.2, "frp_total_mw": 412.2, "pixel_area_ha": 14.1, "status": "out", "fire_class": "forest", "municipality": "Almorox", "province": "Toledo", "region": "Castilla-La Mancha", "muni_dist_km": 5.12}}, {"type": "Feature", "geometry": {"type": "Point", "coordinates": [-2.0108, 37.1767]}, "properties": {"id": "db4aa299d357", "ine": "04059", "first_utc": "2026-07-09T15:09:00Z", "last_utc": "2026-07-11T02:19:00Z", "detections": 618, "frp_max_mw": 398.5, "frp_total_mw": 18570.9, "pixel_area_ha": 4049.3, "status": "out", "fire_class": "forest", "official_area_ha": 5400.0, "perimeter_id": "561098", "municipality": "Lubrín", "province": "Almería", "region": "Andalucía", "muni_dist_km": 0.16}}, {"type": "Feature", "geometry": {"type": "Point", "coordinates": [-6.4993, 42.6432]}, "properties": {"id": "a151a21e357d", "ine": "24014", "first_utc": "2026-06-24T21:18:00Z", "last_utc": "2026-06-26T14:18:00Z", "detections": 238, "frp_max_mw": 376.5, "frp_total_mw": 2653.4, "pixel_area_ha": 1167.0, "status": "out", "fire_class": "forest", "official_area_ha": 516.99, "perimeter_id": "534864", "municipality": "Bembibre", "province": "León", "region": "Castilla y León", "muni_dist_km": 2.04}}, {"type": "Feature", "geometry": {"type": "Point", "coordinates": [-3.4271, 38.4483]}, "properties": {"id": "4279d3d6dcda", "ine": "13016", "first_utc": "2026-07-27T12:02:00Z", "last_utc": "2026-07-27T15:07:00Z", "detections": 65, "frp_max_mw": 367.5, "frp_total_mw": 6005.6, "pixel_area_ha": 351.5, "status": "dying_down", "fire_class": "forest", "municipality": "Almuradiel", "province": "Ciudad Real", "region": "Castilla-La Mancha", "muni_dist_km": 4.63}}, {"type": "Feature", "geometry": {"type": "Point", "coordinates": [-6.8791, 37.2248]}, "properties": {"id": "2ee82620f1e3", "ine": "21055", "first_utc": "2026-07-06T20:57:00Z", "last_utc": "2026-07-07T01:54:00Z", "detections": 3, "frp_max_mw": 351.7, "frp_total_mw": 379.1, "pixel_area_ha": 42.2, "status": "out", "fire_class": "forest", "municipality": "Palos de la Frontera", "province": "Huelva", "region": "Andalucía", "muni_dist_km": 3.53}}, {"type": "Feature", "geometry": {"type": "Point", "coordinates": [-6.3845, 42.5723]}, "properties": {"id": "a64961227638", "ine": "24049", "first_utc": "2026-07-22T21:33:00Z", "last_utc": "2026-07-22T21:33:00Z", "detections": 2, "frp_max_mw": 322.0, "frp_total_mw": 421.2, "pixel_area_ha": 28.1, "status": "out", "fire_class": "forest", "official_area_ha": 0.04, "municipality": "Castropodame", "province": "León", "region": "Castilla y León", "muni_dist_km": 4.43}}, {"type": "Feature", "geometry": {"type": "Point", "coordinates": [-5.4098, 38.4084]}, "properties": {"id": "4e302e02dbb6", "ine": "14011", "first_utc": "2026-07-04T14:12:00Z", "last_utc": "2026-07-04T15:16:00Z", "detections": 6, "frp_max_mw": 319.2, "frp_total_mw": 489.3, "pixel_area_ha": 84.4, "status": "out", "fire_class": "mixed", "official_area_ha": 152.0, "perimeter_id": "557524", "municipality": "Los Blázquez", "province": "Córdoba", "region": "Andalucía", "muni_dist_km": 4.01}}, {"type": "Feature", "geometry": {"type": "Point", "coordinates": [1.6597, 41.5553]}, "properties": {"id": "19743b89510e", "ine": "08165", "first_utc": "2026-07-06T14:54:00Z", "last_utc": "2026-07-10T02:38:00Z", "detections": 65, "frp_max_mw": 309.4, "frp_total_mw": 1833.3, "pixel_area_ha": 379.6, "status": "out", "fire_class": "forest", "official_area_ha": 495.0, "perimeter_id": "557647", "municipality": "La Pobla de Claramunt", "province": "Barcelona", "region": "Cataluña", "muni_dist_km": 0.4}}, {"type": "Feature", "geometry": {"type": "Point", "coordinates": [-5.0745, 43.14]}, "properties": {"id": "80c14189f7dd", "ine": "24106", "first_utc": "2026-07-02T12:23:00Z", "last_utc": "2026-07-07T04:29:00Z", "detections": 114, "frp_max_mw": 290.7, "frp_total_mw": 2327.3, "pixel_area_ha": 703.0, "status": "out", "fire_class": "forest", "official_area_ha": 551.0, "perimeter_id": "541189", "municipality": "Oseja de Sajambre", "province": "León", "region": "Castilla y León", "muni_dist_km": 0.86}}, {"type": "Feature", "geometry": {"type": "Point", "coordinates": [1.0959, 42.0446]}, "properties": {"id": "263ac003d1a6", "ine": "25042", "first_utc": "2026-07-06T14:54:00Z", "last_utc": "2026-07-06T14:54:00Z", "detections": 2, "frp_max_mw": 287.3, "frp_total_mw": 314.0, "pixel_area_ha": 28.1, "status": "out", "fire_class": "forest", "municipality": "La Baronia de Rialb", "province": "Lleida", "region": "Cataluña", "muni_dist_km": 7.23}}, {"type": "Feature", "geometry": {"type": "Point", "coordinates": [-6.2144, 38.2029]}, "properties": {"id": "3488bbab7f90", "ine": "06052", "first_utc": "2026-06-01T13:44:00Z", "last_utc": "2026-06-01T15:39:00Z", "detections": 31, "frp_max_mw": 268.3, "frp_total_mw": 2595.6, "pixel_area_ha": 407.7, "status": "out", "fire_class": "forest", "official_area_ha": 634.0, "perimeter_id": "502489", "municipality": "Fuente de Cantos", "province": "Badajoz", "region": "Extremadura", "muni_dist_km": 6.08}}, {"type": "Feature", "geometry": {"type": "Point", "coordinates": [-0.3502, 39.8244]}, "properties": {"id": "b8e92ee9cee1", "ine": "12018", "first_utc": "2026-07-05T12:14:00Z", "last_utc": "2026-07-06T03:51:00Z", "detections": 40, "frp_max_mw": 262.1, "frp_total_mw": 1991.5, "pixel_area_ha": 323.4, "status": "out", "fire_class": "forest", "official_area_ha": 170.0, "perimeter_id": "557383", "municipality": "Azuébar", "province": "Castelló/Castellón", "region": "Comunitat Valenciana", "muni_dist_km": 1.21}}, {"type": "Feature", "geometry": {"type": "Point", "coordinates": [-8.6159, 42.7586]}, "properties": {"id": "9d0e0ba5d50f", "ine": "15065", "first_utc": "2026-06-12T20:04:00Z", "last_utc": "2026-06-13T15:07:00Z", "detections": 36, "frp_max_mw": 253.8, "frp_total_mw": 2629.3, "pixel_area_ha": 309.3, "status": "out", "fire_class": "forest", "official_area_ha": 269.0, "perimeter_id": "510837", "municipality": "Padrón", "province": "A Coruña", "region": "Galicia", "muni_dist_km": 0.47}}, {"type": "Feature", "geometry": {"type": "Point", "coordinates": [-4.587, 40.4353]}, "properties": {"id": "cd155ad2f880", "ine": "05022", "first_utc": "2026-07-24T21:12:00Z", "last_utc": "2026-07-25T14:20:00Z", "detections": 126, "frp_max_mw": 244.4, "frp_total_mw": 1266.1, "pixel_area_ha": 745.2, "status": "out", "fire_class": "forest", "official_area_ha": 1577.0, "perimeter_id": "572496", "municipality": "El Barraco", "province": "Ávila", "region": "Castilla y León", "muni_dist_km": 0.07}}, {"type": "Feature", "geometry": {"type": "Point", "coordinates": [-3.9473, 37.1535]}, "properties": {"id": "592591c2c0a5", "ine": "18138", "first_utc": "2026-06-03T14:27:00Z", "last_utc": "2026-06-03T15:16:00Z", "detections": 6, "frp_max_mw": 240.9, "frp_total_mw": 359.3, "pixel_area_ha": 84.4, "status": "out", "fire_class": "forest", "municipality": "Moraleda de Zafayona", "province": "Granada", "region": "Andalucía", "muni_dist_km": 2.21}}, {"type": "Feature", "geometry": {"type": "Point", "coordinates": [-5.3061, 37.1075]}, "properties": {"id": "c97aa604e68f", "ine": "41077", "first_utc": "2026-07-04T12:32:00Z", "last_utc": "2026-07-04T15:16:00Z", "detections": 15, "frp_max_mw": 236.4, "frp_total_mw": 1034.9, "pixel_area_ha": 126.5, "status": "out", "fire_class": "forest", "official_area_ha": 197.0, "perimeter_id": "555495", "municipality": "La Puebla de Cazalla", "province": "Sevilla", "region": "Andalucía", "muni_dist_km": 5.83}}, {"type": "Feature", "geometry": {"type": "Point", "coordinates": [-5.9969, 39.3326]}, "properties": {"id": "acb6aa406483", "ine": "10165", "first_utc": "2026-07-10T13:59:00Z", "last_utc": "2026-07-10T15:48:00Z", "detections": 14, "frp_max_mw": 227.3, "frp_total_mw": 859.5, "pixel_area_ha": 168.7, "status": "out", "fire_class": "forest", "municipality": "Santa Ana", "province": "Cáceres", "region": "Extremadura", "muni_dist_km": 0.39}}, {"type": "Feature", "geometry": {"type": "Point", "coordinates": [-2.896, 41.3642]}, "properties": {"id": "ddaee3769861", "ine": "42026", "first_utc": "2026-07-13T13:57:00Z", "last_utc": "2026-07-13T14:27:00Z", "detections": 6, "frp_max_mw": 225.2, "frp_total_mw": 498.4, "pixel_area_ha": 84.4, "status": "out", "fire_class": "mixed", "official_area_ha": 70.0, "perimeter_id": "562515", "municipality": "Arenillas", "province": "Soria", "region": "Castilla y León", "muni_dist_km": 3.47}}, {"type": "Feature", "geometry": {"type": "Point", "coordinates": [-7.7599, 43.431]}, "properties": {"id": "65899c680430", "ine": "27021", "first_utc": "2026-06-15T14:03:00Z", "last_utc": "2026-06-16T13:46:00Z", "detections": 13, "frp_max_mw": 224.0, "frp_total_mw": 749.8, "pixel_area_ha": 126.5, "status": "out", "fire_class": "forest", "municipality": "Xermade", "province": "Lugo", "region": "Galicia", "muni_dist_km": 6.33}}, {"type": "Feature", "geometry": {"type": "Point", "coordinates": [-4.3705, 40.2621]}, "properties": {"id": "00d63445e01c", "ine": "45013", "first_utc": "2026-07-22T15:14:00Z", "last_utc": "2026-07-22T19:55:00Z", "detections": 3, "frp_max_mw": 218.9, "frp_total_mw": 318.8, "pixel_area_ha": 42.2, "status": "out", "fire_class": "forest", "official_area_ha": 855.0, "perimeter_id": "567373", "municipality": "Almorox", "province": "Toledo", "region": "Castilla-La Mancha", "muni_dist_km": 1.66}}, {"type": "Feature", "geometry": {"type": "Point", "coordinates": [-5.3358, 36.756]}, "properties": {"id": "74da1759afc1", "ine": "11019", "first_utc": "2026-07-06T12:29:00Z", "last_utc": "2026-07-06T14:54:00Z", "detections": 40, "frp_max_mw": 215.2, "frp_total_mw": 1854.5, "pixel_area_ha": 267.1, "status": "out", "fire_class": "forest", "official_area_ha": 243.0, "perimeter_id": "557327", "municipality": "Grazalema", "province": "Cádiz", "region": "Andalucía", "muni_dist_km": 3.59}}, {"type": "Feature", "geometry": {"type": "Point", "coordinates": [-1.8951, 37.0547]}, "properties": {"id": "0eea4e0f1180", "ine": "04032", "first_utc": "2026-06-17T15:56:00Z", "last_utc": "2026-06-17T15:56:00Z", "detections": 1, "frp_max_mw": 207.5, "frp_total_mw": 207.5, "pixel_area_ha": 14.1, "status": "out", "fire_class": "forest", "municipality": "Carboneras", "province": "Almería", "region": "Andalucía", "muni_dist_km": 6.91}}, {"type": "Feature", "geometry": {"type": "Point", "coordinates": [-5.5557, 38.6426]}, "properties": {"id": "ab73488b8c47", "ine": "06047", "first_utc": "2026-06-28T12:44:00Z", "last_utc": "2026-06-29T14:05:00Z", "detections": 51, "frp_max_mw": 206.7, "frp_total_mw": 3163.2, "pixel_area_ha": 379.6, "status": "out", "fire_class": "forest", "official_area_ha": 222.0, "perimeter_id": "541138", "municipality": "Esparragosa de la Serena", "province": "Badajoz", "region": "Extremadura", "muni_dist_km": 2.49}}, {"type": "Feature", "geometry": {"type": "Point", "coordinates": [1.9897, 41.3086]}, "properties": {"id": "172b60b8d4fd", "ine": "08089", "first_utc": "2026-07-08T11:51:00Z", "last_utc": "2026-07-08T13:33:00Z", "detections": 8, "frp_max_mw": 205.6, "frp_total_mw": 478.2, "pixel_area_ha": 70.3, "status": "out", "fire_class": "urban", "official_area_ha": 8.0, "perimeter_id": "561188", "municipality": "Gavà", "province": "Barcelona", "region": "Cataluña", "muni_dist_km": 1.43}}, {"type": "Feature", "geometry": {"type": "Point", "coordinates": [-5.5368, 41.0129]}, "properties": {"id": "c5469c46befe", "ine": "37152", "first_utc": "2026-06-21T13:16:00Z", "last_utc": "2026-06-23T02:11:00Z", "detections": 14, "frp_max_mw": 204.0, "frp_total_mw": 427.6, "pixel_area_ha": 84.4, "status": "out", "fire_class": "forest", "official_area_ha": 0.01, "municipality": "Gomecello", "province": "Salamanca", "region": "Castilla y León", "muni_dist_km": 1.96}}, {"type": "Feature", "geometry": {"type": "Point", "coordinates": [-4.7257, 41.6159]}, "properties": {"id": "a1562e80d594", "ine": "47076", "first_utc": "2026-07-03T20:38:00Z", "last_utc": "2026-07-04T04:14:00Z", "detections": 15, "frp_max_mw": 200.1, "frp_total_mw": 318.7, "pixel_area_ha": 98.4, "status": "out", "fire_class": "forest", "official_area_ha": 1.0, "municipality": "Laguna de Duero", "province": "Valladolid", "region": "Castilla y León", "muni_dist_km": 4.38}}, {"type": "Feature", "geometry": {"type": "Point", "coordinates": [-6.481, 42.5708]}, "properties": {"id": "ea60f6169e2e", "ine": "24049", "first_utc": "2026-07-22T21:33:00Z", "last_utc": "2026-07-22T21:33:00Z", "detections": 2, "frp_max_mw": 197.4, "frp_total_mw": 350.3, "pixel_area_ha": 28.1, "status": "out", "fire_class": "forest", "official_area_ha": 810.0, "municipality": "Castropodame", "province": "León", "region": "Castilla y León", "muni_dist_km": 3.14}}, {"type": "Feature", "geometry": {"type": "Point", "coordinates": [-6.7186, 42.2859]}, "properties": {"id": "f486d21dc537", "ine": "24067", "first_utc": "2026-07-22T12:49:00Z", "last_utc": "2026-07-23T15:52:00Z", "detections": 13, "frp_max_mw": 195.9, "frp_total_mw": 596.5, "pixel_area_ha": 126.5, "status": "out", "fire_class": "forest", "official_area_ha": 68.9, "perimeter_id": "15651", "municipality": "Encinedo", "province": "León", "region": "Castilla y León", "muni_dist_km": 6.37}}, {"type": "Feature", "geometry": {"type": "Point", "coordinates": [-7.0244, 41.9528]}, "properties": {"id": "7bae6c36978a", "ine": "32048", "first_utc": "2026-06-21T03:34:00Z", "last_utc": "2026-06-21T15:14:00Z", "detections": 18, "frp_max_mw": 194.3, "frp_total_mw": 432.9, "pixel_area_ha": 196.8, "status": "out", "fire_class": "forest", "official_area_ha": 54.0, "perimeter_id": "527070", "municipality": "A Mezquita", "province": "Ourense", "region": "Galicia", "muni_dist_km": 5.6}}, {"type": "Feature", "geometry": {"type": "Point", "coordinates": [-4.5446, 41.399]}, "properties": {"id": "be9e56aef626", "ine": "47053", "first_utc": "2026-07-14T15:05:00Z", "last_utc": "2026-07-14T15:05:00Z", "detections": 1, "frp_max_mw": 193.9, "frp_total_mw": 193.9, "pixel_area_ha": 14.1, "status": "out", "fire_class": "forest", "official_area_ha": 2.78, "municipality": "Cogeces de Íscar", "province": "Valladolid", "region": "Castilla y León", "muni_dist_km": 1.33}}, {"type": "Feature", "geometry": {"type": "Point", "coordinates": [-6.6732, 38.29]}, "properties": {"id": "3ac6a2b96cd8", "ine": "06050", "first_utc": "2026-07-06T12:29:00Z", "last_utc": "2026-07-07T02:47:00Z", "detections": 76, "frp_max_mw": 193.3, "frp_total_mw": 2235.4, "pixel_area_ha": 562.4, "status": "out", "fire_class": "mixed", "official_area_ha": 550.0, "perimeter_id": "557326", "municipality": "Fregenal de la Sierra", "province": "Badajoz", "region": "Extremadura", "muni_dist_km": 9.89}}, {"type": "Feature", "geometry": {"type": "Point", "coordinates": [-5.8962, 42.9025]}, "properties": {"id": "88978c4bb942", "ine": "24164", "first_utc": "2026-07-02T01:45:00Z", "last_utc": "2026-07-02T15:39:00Z", "detections": 44, "frp_max_mw": 192.5, "frp_total_mw": 1424.7, "pixel_area_ha": 225.0, "status": "out", "fire_class": "forest", "official_area_ha": 154.0, "perimeter_id": "549858", "municipality": "Sena de Luna", "province": "León", "region": "Castilla y León", "muni_dist_km": 1.98}}, {"type": "Feature", "geometry": {"type": "Point", "coordinates": [-2.6406, 39.8411]}, "properties": {"id": "9aefd542f459", "ine": "16130", "first_utc": "2026-06-13T12:25:00Z", "last_utc": "2026-06-13T12:25:00Z", "detections": 4, "frp_max_mw": 188.9, "frp_total_mw": 207.2, "pixel_area_ha": 56.2, "status": "out", "fire_class": "forest", "municipality": "Montalbo", "province": "Cuenca", "region": "Castilla-La Mancha", "muni_dist_km": 2.4}}, {"type": "Feature", "geometry": {"type": "Point", "coordinates": [-0.4686, 40.75]}, "properties": {"id": "223a50c6adc4", "ine": "44151", "first_utc": "2026-07-24T11:53:00Z", "last_utc": "2026-07-25T02:56:00Z", "detections": 65, "frp_max_mw": 188.2, "frp_total_mw": 1886.6, "pixel_area_ha": 674.9, "status": "out", "fire_class": "forest", "municipality": "Molinos", "province": "Teruel", "region": "Aragón", "muni_dist_km": 4.1}}, {"type": "Feature", "geometry": {"type": "Point", "coordinates": [2.1225, 41.6378]}, "properties": {"id": "be5c528ed3e3", "ine": "08033", "first_utc": "2026-07-06T12:49:00Z", "last_utc": "2026-07-08T02:11:00Z", "detections": 93, "frp_max_mw": 184.8, "frp_total_mw": 1981.3, "pixel_area_ha": 478.0, "status": "out", "fire_class": "forest", "municipality": "Caldes de Montbui", "province": "Barcelona", "region": "Cataluña", "muni_dist_km": 1.17}}, {"type": "Feature", "geometry": {"type": "Point", "coordinates": [-4.5583, 41.3965]}, "properties": {"id": "1d723671ff11", "ine": "47053", "first_utc": "2026-07-14T15:05:00Z", "last_utc": "2026-07-14T15:05:00Z", "detections": 1, "frp_max_mw": 180.6, "frp_total_mw": 180.6, "pixel_area_ha": 14.1, "status": "out", "fire_class": "forest", "municipality": "Cogeces de Íscar", "province": "Valladolid", "region": "Castilla y León", "muni_dist_km": 2.2}}, {"type": "Feature", "geometry": {"type": "Point", "coordinates": [-1.6525, 42.7615]}, "properties": {"id": "a4d097913a40", "ine": "31109", "first_utc": "2026-07-24T12:57:00Z", "last_utc": "2026-07-24T13:53:00Z", "detections": 18, "frp_max_mw": 178.7, "frp_total_mw": 585.9, "pixel_area_ha": 210.9, "status": "out", "fire_class": "forest", "municipality": "Galar", "province": "Navarra", "region": "Comunidad Foral de Navarra", "muni_dist_km": 1.52}}, {"type": "Feature", "geometry": {"type": "Point", "coordinates": [-6.8377, 42.6883]}, "properties": {"id": "99ae5f7cb503", "ine": "24209", "first_utc": "2026-06-27T12:17:00Z", "last_utc": "2026-06-28T03:38:00Z", "detections": 30, "frp_max_mw": 175.2, "frp_total_mw": 827.7, "pixel_area_ha": 225.0, "status": "out", "fire_class": "forest", "official_area_ha": 50.0, "perimeter_id": "15140", "municipality": "Villafranca del Bierzo", "province": "León", "region": "Castilla y León", "muni_dist_km": 2.0}}, {"type": "Feature", "geometry": {"type": "Point", "coordinates": [1.1876, 41.5905]}, "properties": {"id": "99cdd2166949", "ine": "25143", "first_utc": "2026-07-08T20:36:00Z", "last_utc": "2026-07-09T11:51:00Z", "detections": 10, "frp_max_mw": 170.4, "frp_total_mw": 216.9, "pixel_area_ha": 98.4, "status": "out", "fire_class": "forest", "official_area_ha": 380.0, "perimeter_id": "561275", "municipality": "Montornès de Segarra", "province": "Lleida", "region": "Cataluña", "muni_dist_km": 1.79}}, {"type": "Feature", "geometry": {"type": "Point", "coordinates": [-6.7599, 37.2238]}, "properties": {"id": "03f27b1d91cc", "ine": "21046", "first_utc": "2026-07-10T12:19:00Z", "last_utc": "2026-07-10T15:48:00Z", "detections": 45, "frp_max_mw": 170.2, "frp_total_mw": 2339.3, "pixel_area_ha": 365.6, "status": "out", "fire_class": "forest", "municipality": "Lucena del Puerto", "province": "Huelva", "region": "Andalucía", "muni_dist_km": 2.61}}, {"type": "Feature", "geometry": {"type": "Point", "coordinates": [-5.5279, 43.0214]}, "properties": {"id": "1db085a18447", "ine": "24037", "first_utc": "2026-07-06T20:59:00Z", "last_utc": "2026-07-11T03:13:00Z", "detections": 104, "frp_max_mw": 170.1, "frp_total_mw": 2878.8, "pixel_area_ha": 379.6, "status": "out", "fire_class": "forest", "official_area_ha": 93.0, "perimeter_id": "561103", "municipality": "Cármenes", "province": "León", "region": "Castilla y León", "muni_dist_km": 4.65}}, {"type": "Feature", "geometry": {"type": "Point", "coordinates": [-4.548, 41.4084]}, "properties": {"id": "70236c12a394", "ine": "47053", "first_utc": "2026-07-14T15:05:00Z", "last_utc": "2026-07-14T15:05:00Z", "detections": 1, "frp_max_mw": 169.6, "frp_total_mw": 169.6, "pixel_area_ha": 14.1, "status": "out", "fire_class": "forest", "municipality": "Cogeces de Íscar", "province": "Valladolid", "region": "Castilla y León", "muni_dist_km": 0.74}}, {"type": "Feature", "geometry": {"type": "Point", "coordinates": [-6.1736, 42.7011]}, "properties": {"id": "8d47956a7f6a", "ine": "24210", "first_utc": "2026-07-07T20:00:00Z", "last_utc": "2026-07-08T13:53:00Z", "detections": 62, "frp_max_mw": 166.9, "frp_total_mw": 1439.0, "pixel_area_ha": 323.4, "status": "out", "fire_class": "forest", "official_area_ha": 112.2, "perimeter_id": "561123", "municipality": "Villagatón", "province": "León", "region": "Castilla y León", "muni_dist_km": 6.6}}, {"type": "Feature", "geometry": {"type": "Point", "coordinates": [-6.937, 42.6971]}, "properties": {"id": "1364213b7138", "ine": "24009", "first_utc": "2026-07-24T10:09:00Z", "last_utc": "2026-07-24T13:55:00Z", "detections": 15, "frp_max_mw": 164.7, "frp_total_mw": 571.8, "pixel_area_ha": 112.5, "status": "out", "fire_class": "forest", "official_area_ha": 20.0, "perimeter_id": "570517", "municipality": "Balboa", "province": "León", "region": "Castilla y León", "muni_dist_km": 1.93}}, {"type": "Feature", "geometry": {"type": "Point", "coordinates": [-3.7705, 39.8124]}, "properties": {"id": "dcd89342256d", "ine": "45191", "first_utc": "2026-07-08T20:36:00Z", "last_utc": "2026-07-09T04:08:00Z", "detections": 80, "frp_max_mw": 158.3, "frp_total_mw": 852.5, "pixel_area_ha": 520.2, "status": "out", "fire_class": "forest", "official_area_ha": 527.0, "perimeter_id": "561100", "municipality": "Villamuelas", "province": "Toledo", "region": "Castilla-La Mancha", "muni_dist_km": 1.25}}, {"type": "Feature", "geometry": {"type": "Point", "coordinates": [1.2855, 42.4594]}, "properties": {"id": "d96097208a81", "ine": "25089", "first_utc": "2026-07-24T11:53:00Z", "last_utc": "2026-07-25T02:11:00Z", "detections": 23, "frp_max_mw": 154.6, "frp_total_mw": 635.0, "pixel_area_ha": 168.7, "status": "out", "fire_class": "forest", "official_area_ha": 15.0, "perimeter_id": "572412", "municipality": "Farrera", "province": "Lleida", "region": "Cataluña", "muni_dist_km": 2.1}}, {"type": "Feature", "geometry": {"type": "Point", "coordinates": [-4.7817, 37.9799]}, "properties": {"id": "a80ff9785abb", "ine": "14047", "first_utc": "2026-07-24T13:31:00Z", "last_utc": "2026-07-25T02:13:00Z", "detections": 20, "frp_max_mw": 151.6, "frp_total_mw": 643.5, "pixel_area_ha": 210.9, "status": "out", "fire_class": "forest", "municipality": "Obejo", "province": "Córdoba", "region": "Andalucía", "muni_dist_km": 9.81}}, {"type": "Feature", "geometry": {"type": "Point", "coordinates": [-7.0674, 37.5009]}, "properties": {"id": "38f1418b5b35", "ine": "21063", "first_utc": "2026-06-04T21:23:00Z", "last_utc": "2026-06-05T12:27:00Z", "detections": 137, "frp_max_mw": 149.0, "frp_total_mw": 1241.4, "pixel_area_ha": 942.0, "status": "out", "fire_class": "agricultural", "official_area_ha": 1038.0, "perimeter_id": "504390", "municipality": "San Bartolomé de la Torre", "province": "Huelva", "region": "Andalucía", "muni_dist_km": 3.87}}, {"type": "Feature", "geometry": {"type": "Point", "coordinates": [0.4828, 41.8684]}, "properties": {"id": "4c87648af13c", "ine": "22009", "first_utc": "2026-07-08T20:36:00Z", "last_utc": "2026-07-09T02:56:00Z", "detections": 32, "frp_max_mw": 148.5, "frp_total_mw": 336.9, "pixel_area_ha": 182.8, "status": "out", "fire_class": "mixed", "official_area_ha": 362.0, "perimeter_id": "560889", "municipality": "Albelda", "province": "Huesca", "region": "Aragón", "muni_dist_km": 1.22}}, {"type": "Feature", "geometry": {"type": "Point", "coordinates": [-4.9475, 37.7503]}, "properties": {"id": "b0aac49468ac", "ine": "14033", "first_utc": "2026-07-09T12:38:00Z", "last_utc": "2026-07-09T14:18:00Z", "detections": 6, "frp_max_mw": 146.7, "frp_total_mw": 201.9, "pixel_area_ha": 70.3, "status": "out", "fire_class": "likely_agricultural", "municipality": "Guadalcázar", "province": "Córdoba", "region": "Andalucía", "muni_dist_km": 2.01}}, {"type": "Feature", "geometry": {"type": "Point", "coordinates": [1.6251, 41.7112]}, "properties": {"id": "ff9b0423ce08", "ine": "08002", "first_utc": "2026-07-14T15:03:00Z", "last_utc": "2026-07-14T15:03:00Z", "detections": 1, "frp_max_mw": 145.7, "frp_total_mw": 145.7, "pixel_area_ha": 14.1, "status": "out", "fire_class": "likely_agricultural", "municipality": "Aguilar de Segarra", "province": "Barcelona", "region": "Cataluña", "muni_dist_km": 2.14}}, {"type": "Feature", "geometry": {"type": "Point", "coordinates": [-0.4057, 42.1563]}, "properties": {"id": "bc31fead3948", "ine": "22125", "first_utc": "2026-07-04T15:16:00Z", "last_utc": "2026-07-04T15:16:00Z", "detections": 1, "frp_max_mw": 144.1, "frp_total_mw": 144.1, "pixel_area_ha": 14.1, "status": "out", "fire_class": "likely_agricultural", "municipality": "Huesca", "province": "Huesca", "region": "Aragón", "muni_dist_km": 3.73}}, {"type": "Feature", "geometry": {"type": "Point", "coordinates": [0.2112, 42.4794]}, "properties": {"id": "1010ab5f94dd", "ine": "22190", "first_utc": "2026-07-16T12:08:00Z", "last_utc": "2026-07-17T14:05:00Z", "detections": 39, "frp_max_mw": 143.5, "frp_total_mw": 878.0, "pixel_area_ha": 253.1, "status": "out", "fire_class": "forest", "official_area_ha": 92.0, "perimeter_id": "561624", "municipality": "El Pueyo de Araguás", "province": "Huesca", "region": "Aragón", "muni_dist_km": 0.82}}, {"type": "Feature", "geometry": {"type": "Point", "coordinates": [-5.4208, 37.5553]}, "properties": {"id": "dcb4918877e0", "ine": "41022", "first_utc": "2026-07-16T14:42:00Z", "last_utc": "2026-07-16T14:42:00Z", "detections": 2, "frp_max_mw": 142.8, "frp_total_mw": 254.3, "pixel_area_ha": 28.1, "status": "out", "fire_class": "likely_agricultural", "municipality": "La Campana", "province": "Sevilla", "region": "Andalucía", "muni_dist_km": 1.13}}, {"type": "Feature", "geometry": {"type": "Point", "coordinates": [-5.9634, 36.7898]}, "properties": {"id": "7930862891f9", "ine": "41903", "first_utc": "2026-07-26T13:59:00Z", "last_utc": "2026-07-26T14:35:00Z", "detections": 4, "frp_max_mw": 137.6, "frp_total_mw": 331.4, "pixel_area_ha": 42.2, "status": "out", "fire_class": "likely_agricultural", "municipality": "El Cuervo de Sevilla", "province": "Sevilla", "region": "Andalucía", "muni_dist_km": 9.01}}, {"type": "Feature", "geometry": {"type": "Point", "coordinates": [2.1657, 41.7254]}, "properties": {"id": "334b1c712dcd", "ine": "08239", "first_utc": "2026-06-24T12:19:00Z", "last_utc": "2026-06-24T13:14:00Z", "detections": 6, "frp_max_mw": 136.7, "frp_total_mw": 272.4, "pixel_area_ha": 56.2, "status": "out", "fire_class": "agricultural", "official_area_ha": 12.0, "perimeter_id": "534924", "municipality": "Sant Quirze Safaja", "province": "Barcelona", "region": "Cataluña", "muni_dist_km": 1.45}}, {"type": "Feature", "geometry": {"type": "Point", "coordinates": [1.4973, 41.3662]}, "properties": {"id": "f0a5882a65f2", "ine": "43090", "first_utc": "2026-07-08T14:33:00Z", "last_utc": "2026-07-08T14:33:00Z", "detections": 1, "frp_max_mw": 135.9, "frp_total_mw": 135.9, "pixel_area_ha": 14.1, "status": "out", "fire_class": "forest", "municipality": "El Montmell", "province": "Tarragona", "region": "Cataluña", "muni_dist_km": 3.95}}, {"type": "Feature", "geometry": {"type": "Point", "coordinates": [-6.5918, 42.4715]}, "properties": {"id": "2f9eb2dc52d6", "ine": "24115", "first_utc": "2026-07-07T20:00:00Z", "last_utc": "2026-07-08T13:53:00Z", "detections": 27, "frp_max_mw": 134.8, "frp_total_mw": 556.4, "pixel_area_ha": 225.0, "status": "out", "fire_class": "forest", "official_area_ha": 50.1, "perimeter_id": "206043", "municipality": "Ponferrada", "province": "León", "region": "Castilla y León", "muni_dist_km": 2.23}}, {"type": "Feature", "geometry": {"type": "Point", "coordinates": [-4.5619, 41.4059]}, "properties": {"id": "f316a0140c5d", "ine": "47087", "first_utc": "2026-07-14T15:05:00Z", "last_utc": "2026-07-14T15:05:00Z", "detections": 1, "frp_max_mw": 133.1, "frp_total_mw": 133.1, "pixel_area_ha": 14.1, "status": "out", "fire_class": "likely_agricultural", "municipality": "Megeces", "province": "Valladolid", "region": "Castilla y León", "muni_dist_km": 1.92}}, {"type": "Feature", "geometry": {"type": "Point", "coordinates": [-4.3889, 41.9328]}, "properties": {"id": "a15fe081ca06", "ine": "34146", "first_utc": "2026-07-09T15:12:00Z", "last_utc": "2026-07-09T15:12:00Z", "detections": 1, "frp_max_mw": 129.9, "frp_total_mw": 129.9, "pixel_area_ha": 14.1, "status": "out", "fire_class": "forest", "official_area_ha": 0.2, "municipality": "Reinoso de Cerrato", "province": "Palencia", "region": "Castilla y León", "muni_dist_km": 3.07}}, {"type": "Feature", "geometry": {"type": "Point", "coordinates": [-2.4699, 42.4445]}, "properties": {"id": "583c55e09919", "ine": "26084", "first_utc": "2026-07-04T12:34:00Z", "last_utc": "2026-07-04T15:16:00Z", "detections": 28, "frp_max_mw": 127.8, "frp_total_mw": 697.2, "pixel_area_ha": 182.8, "status": "out", "fire_class": "agricultural", "official_area_ha": 119.0, "perimeter_id": "557388", "municipality": "Lardero", "province": "La Rioja", "region": "La Rioja", "muni_dist_km": 2.0}}, {"type": "Feature", "geometry": {"type": "Point", "coordinates": [-5.0875, 36.4841]}, "properties": {"id": "74ba52be72f2", "ine": "29051", "first_utc": "2026-07-09T15:09:00Z", "last_utc": "2026-07-09T15:09:00Z", "detections": 1, "frp_max_mw": 126.2, "frp_total_mw": 126.2, "pixel_area_ha": 14.1, "status": "out", "fire_class": "likely_agricultural", "municipality": "Estepona", "province": "Málaga", "region": "Andalucía", "muni_dist_km": 5.15}}, {"type": "Feature", "geometry": {"type": "Point", "coordinates": [-6.0868, 40.0011]}, "properties": {"id": "ca0952dfd293", "ine": "10148", "first_utc": "2026-07-01T20:59:00Z", "last_utc": "2026-07-01T20:59:00Z", "detections": 1, "frp_max_mw": 125.5, "frp_total_mw": 125.5, "pixel_area_ha": 14.1, "status": "out", "fire_class": "forest", "official_area_ha": 15.0, "perimeter_id": "273871", "municipality": "Plasencia", "province": "Cáceres", "region": "Extremadura", "muni_dist_km": 4.86}}, {"type": "Feature", "geometry": {"type": "Point", "coordinates": [-6.8513, 42.69]}, "properties": {"id": "2d4571263316", "ine": "24209", "first_utc": "2026-06-24T21:18:00Z", "last_utc": "2026-06-26T04:04:00Z", "detections": 105, "frp_max_mw": 124.8, "frp_total_mw": 2231.4, "pixel_area_ha": 660.8, "status": "out", "fire_class": "forest", "official_area_ha": 336.78, "perimeter_id": "534866", "municipality": "Villafranca del Bierzo", "province": "León", "region": "Castilla y León", "muni_dist_km": 1.44}}, {"type": "Feature", "geometry": {"type": "Point", "coordinates": [-7.0948, 37.5284]}, "properties": {"id": "44322cb12e53", "ine": "21006", "first_utc": "2026-07-24T14:52:00Z", "last_utc": "2026-07-24T14:52:00Z", "detections": 2, "frp_max_mw": 124.6, "frp_total_mw": 193.3, "pixel_area_ha": 28.1, "status": "out", "fire_class": "likely_agricultural", "municipality": "Alosno", "province": "Huelva", "region": "Andalucía", "muni_dist_km": 3.68}}, {"type": "Feature", "geometry": {"type": "Point", "coordinates": [0.855, 41.9697]}, "properties": {"id": "38cc610213d4", "ine": "25062", "first_utc": "2026-07-11T13:42:00Z", "last_utc": "2026-07-11T14:48:00Z", "detections": 4, "frp_max_mw": 120.2, "frp_total_mw": 211.5, "pixel_area_ha": 42.2, "status": "out", "fire_class": "forest", "official_area_ha": 22.0, "perimeter_id": "561274", "municipality": "Camarasa", "province": "Lleida", "region": "Cataluña", "muni_dist_km": 6.28}}, {"type": "Feature", "geometry": {"type": "Point", "coordinates": [-6.1303, 42.6512]}, "properties": {"id": "1bb6daf74f33", "ine": "24210", "first_utc": "2026-07-23T20:34:00Z", "last_utc": "2026-07-23T20:34:00Z", "detections": 1, "frp_max_mw": 116.5, "frp_total_mw": 116.5, "pixel_area_ha": 14.1, "status": "out", "fire_class": "forest", "municipality": "Villagatón", "province": "León", "region": "Castilla y León", "muni_dist_km": 4.25}}, {"type": "Feature", "geometry": {"type": "Point", "coordinates": [1.2983, 41.8362]}, "properties": {"id": "8387641d1966", "ine": "25191", "first_utc": "2026-07-07T13:16:00Z", "last_utc": "2026-07-07T13:53:00Z", "detections": 24, "frp_max_mw": 116.2, "frp_total_mw": 1430.5, "pixel_area_ha": 210.9, "status": "out", "fire_class": "agricultural", "official_area_ha": 120.0, "perimeter_id": "558907", "municipality": "Sanaüja", "province": "Lleida", "region": "Cataluña", "muni_dist_km": 2.67}}, {"type": "Feature", "geometry": {"type": "Point", "coordinates": [0.1121, 42.1474]}, "properties": {"id": "b9dca42837b3", "ine": "22908", "first_utc": "2026-06-14T12:08:00Z", "last_utc": "2026-06-14T14:08:00Z", "detections": 12, "frp_max_mw": 116.0, "frp_total_mw": 278.1, "pixel_area_ha": 84.4, "status": "out", "fire_class": "forest", "municipality": "Hoz y Costean", "province": "Huesca", "region": "Aragón", "muni_dist_km": 3.32}}, {"type": "Feature", "geometry": {"type": "Point", "coordinates": [-7.0629, 37.6206]}, "properties": {"id": "f27acfee5a26", "ine": "21075", "first_utc": "2026-07-22T02:13:00Z", "last_utc": "2026-07-23T02:30:00Z", "detections": 102, "frp_max_mw": 113.1, "frp_total_mw": 1386.9, "pixel_area_ha": 871.7, "status": "out", "fire_class": "mixed", "official_area_ha": 1721.0, "perimeter_id": "562615", "municipality": "Villanueva de las Cruces", "province": "Huelva", "region": "Andalucía", "muni_dist_km": 1.53}}, {"type": "Feature", "geometry": {"type": "Point", "coordinates": [-1.145, 37.979]}, "properties": {"id": "85c6764023fa", "ine": "30005", "first_utc": "2026-06-20T14:10:00Z", "last_utc": "2026-06-20T14:37:00Z", "detections": 4, "frp_max_mw": 108.0, "frp_total_mw": 240.4, "pixel_area_ha": 56.2, "status": "out", "fire_class": "likely_agricultural", "municipality": "Alcantarilla", "province": "Murcia", "region": "Región de Murcia", "muni_dist_km": 6.19}}, {"type": "Feature", "geometry": {"type": "Point", "coordinates": [-4.3272, 42.2333]}, "properties": {"id": "482ceb85b146", "ine": "34034", "first_utc": "2026-07-02T12:06:00Z", "last_utc": "2026-07-02T12:23:00Z", "detections": 19, "frp_max_mw": 108.0, "frp_total_mw": 599.1, "pixel_area_ha": 182.8, "status": "out", "fire_class": "forest", "official_area_ha": 3.8, "municipality": "Boadilla del Camino", "province": "Palencia", "region": "Castilla y León", "muni_dist_km": 1.53}}, {"type": "Feature", "geometry": {"type": "Point", "coordinates": [-1.0912, 42.2638]}, "properties": {"id": "4b60c7c77266", "ine": "50036", "first_utc": "2026-07-17T19:57:00Z", "last_utc": "2026-07-17T19:57:00Z", "detections": 1, "frp_max_mw": 105.9, "frp_total_mw": 105.9, "pixel_area_ha": 14.1, "status": "out", "fire_class": "forest", "municipality": "Asín", "province": "Zaragoza", "region": "Aragón", "muni_dist_km": 2.99}}, {"type": "Feature", "geometry": {"type": "Point", "coordinates": [0.0758, 42.1343]}, "properties": {"id": "15b4ae71a6c4", "ine": "22201", "first_utc": "2026-06-14T14:08:00Z", "last_utc": "2026-06-14T14:08:00Z", "detections": 1, "frp_max_mw": 105.3, "frp_total_mw": 105.3, "pixel_area_ha": 14.1, "status": "out", "fire_class": "likely_agricultural", "municipality": "Salas Altas", "province": "Huesca", "region": "Aragón", "muni_dist_km": 1.63}}, {"type": "Feature", "geometry": {"type": "Point", "coordinates": [-6.0392, 43.3998]}, "properties": {"id": "a50deae0d097", "ine": "33010", "first_utc": "2026-06-13T12:27:00Z", "last_utc": "2026-06-14T03:00:00Z", "detections": 18, "frp_max_mw": 103.4, "frp_total_mw": 973.0, "pixel_area_ha": 126.5, "status": "out", "fire_class": "forest", "official_area_ha": 51.0, "perimeter_id": "529443", "municipality": "Candamo", "province": "Asturias", "region": "Principado de Asturias", "muni_dist_km": 5.2}}, {"type": "Feature", "geometry": {"type": "Point", "coordinates": [-6.6158, 37.2369]}, "properties": {"id": "6500d2d1c68e", "ine": "21061", "first_utc": "2026-07-08T13:31:00Z", "last_utc": "2026-07-08T13:53:00Z", "detections": 3, "frp_max_mw": 100.6, "frp_total_mw": 181.5, "pixel_area_ha": 42.2, "status": "out", "fire_class": "likely_agricultural", "municipality": "Rociana del Condado", "province": "Huelva", "region": "Andalucía", "muni_dist_km": 5.8}}, {"type": "Feature", "geometry": {"type": "Point", "coordinates": [0.3274, 41.8857]}, "properties": {"id": "13a1b34ee06c", "ine": "22205", "first_utc": "2026-06-17T12:53:00Z", "last_utc": "2026-06-17T13:25:00Z", "detections": 2, "frp_max_mw": 97.5, "frp_total_mw": 106.3, "pixel_area_ha": 14.1, "status": "out", "fire_class": "likely_agricultural", "municipality": "San Esteban de Litera", "province": "Huesca", "region": "Aragón", "muni_dist_km": 1.32}}, {"type": "Feature", "geometry": {"type": "Point", "coordinates": [-2.3525, 42.9357]}, "properties": {"id": "735ad18468cd", "ine": "01061", "first_utc": "2026-06-23T01:49:00Z", "last_utc": "2026-06-25T02:51:00Z", "detections": 74, "frp_max_mw": 95.3, "frp_total_mw": 1531.4, "pixel_area_ha": 337.4, "status": "out", "fire_class": "forest", "official_area_ha": 109.0, "perimeter_id": "544661", "municipality": "Zalduondo", "province": "Araba/Álava", "region": "País Vasco", "muni_dist_km": 2.97}}, {"type": "Feature", "geometry": {"type": "Point", "coordinates": [-4.1659, 38.6019]}, "properties": {"id": "0f9bcc5b2eb9", "ine": "13048", "first_utc": "2026-07-15T13:21:00Z", "last_utc": "2026-07-15T15:41:00Z", "detections": 29, "frp_max_mw": 93.7, "frp_total_mw": 791.1, "pixel_area_ha": 365.6, "status": "out", "fire_class": "mixed", "official_area_ha": 852.0, "perimeter_id": "561706", "municipality": "Hinojosas de Calatrava", "province": "Ciudad Real", "region": "Castilla-La Mancha", "muni_dist_km": 3.23}}, {"type": "Feature", "geometry": {"type": "Point", "coordinates": [-6.3022, 39.8271]}, "properties": {"id": "0dd65d146819", "ine": "10056", "first_utc": "2026-07-09T21:16:00Z", "last_utc": "2026-07-10T03:32:00Z", "detections": 47, "frp_max_mw": 92.8, "frp_total_mw": 630.3, "pixel_area_ha": 393.7, "status": "out", "fire_class": "forest", "official_area_ha": 184.0, "perimeter_id": "561180", "municipality": "Casas de Millán", "province": "Cáceres", "region": "Extremadura", "muni_dist_km": 3.56}}, {"type": "Feature", "geometry": {"type": "Point", "coordinates": [-1.2078, 37.9221]}, "properties": {"id": "6c55c6fd3652", "ine": "30005", "first_utc": "2026-07-18T13:10:00Z", "last_utc": "2026-07-18T13:46:00Z", "detections": 4, "frp_max_mw": 92.5, "frp_total_mw": 147.6, "pixel_area_ha": 42.2, "status": "out", "fire_class": "likely_agricultural", "municipality": "Alcantarilla", "province": "Murcia", "region": "Región de Murcia", "muni_dist_km": 5.83}}, {"type": "Feature", "geometry": {"type": "Point", "coordinates": [-6.4216, 42.9783]}, "properties": {"id": "f2c5419226a1", "ine": "24202", "first_utc": "2026-07-09T14:20:00Z", "last_utc": "2026-07-12T02:53:00Z", "detections": 54, "frp_max_mw": 92.2, "frp_total_mw": 518.3, "pixel_area_ha": 239.0, "status": "out", "fire_class": "forest", "official_area_ha": 78.0, "perimeter_id": "561231", "municipality": "Villablino", "province": "León", "region": "Castilla y León", "muni_dist_km": 6.29}}, {"type": "Feature", "geometry": {"type": "Point", "coordinates": [-5.0436, 39.8524]}, "properties": {"id": "c631d9f10035", "ine": "45028", "first_utc": "2026-06-13T12:25:00Z", "last_utc": "2026-06-13T14:05:00Z", "detections": 18, "frp_max_mw": 91.4, "frp_total_mw": 453.5, "pixel_area_ha": 182.8, "status": "out", "fire_class": "forest", "municipality": "Calera y Chozas", "province": "Toledo", "region": "Castilla-La Mancha", "muni_dist_km": 2.56}}, {"type": "Feature", "geometry": {"type": "Point", "coordinates": [-2.3643, 43.0859]}, "properties": {"id": "977bc31ae8cc", "ine": "20011", "first_utc": "2026-07-06T11:55:00Z", "last_utc": "2026-07-06T14:12:00Z", "detections": 9, "frp_max_mw": 90.9, "frp_total_mw": 227.7, "pixel_area_ha": 56.2, "status": "out", "fire_class": "forest", "official_area_ha": 7.0, "perimeter_id": "561139", "municipality": "Antzuola", "province": "Gipuzkoa", "region": "País Vasco", "muni_dist_km": 1.33}}, {"type": "Feature", "geometry": {"type": "Point", "coordinates": [1.5139, 41.3695]}, "properties": {"id": "31faf03981e3", "ine": "43090", "first_utc": "2026-07-08T14:33:00Z", "last_utc": "2026-07-08T14:33:00Z", "detections": 1, "frp_max_mw": 89.2, "frp_total_mw": 89.2, "pixel_area_ha": 14.1, "status": "out", "fire_class": "likely_agricultural", "municipality": "El Montmell", "province": "Tarragona", "region": "Cataluña", "muni_dist_km": 4.78}}, {"type": "Feature", "geometry": {"type": "Point", "coordinates": [1.9453, 41.3945]}, "properties": {"id": "263771bc4f57", "ine": "08068", "first_utc": "2026-07-22T12:29:00Z", "last_utc": "2026-07-22T13:36:00Z", "detections": 4, "frp_max_mw": 88.0, "frp_total_mw": 187.0, "pixel_area_ha": 56.2, "status": "out", "fire_class": "forest", "official_area_ha": 15.0, "perimeter_id": "567406", "municipality": "Cervelló", "province": "Barcelona", "region": "Cataluña", "muni_dist_km": 0.2}}, {"type": "Feature", "geometry": {"type": "Point", "coordinates": [-6.0759, 42.566]}, "properties": {"id": "3ded28e52467", "ine": "24093", "first_utc": "2026-07-07T20:00:00Z", "last_utc": "2026-07-07T20:00:00Z", "detections": 2, "frp_max_mw": 86.5, "frp_total_mw": 167.7, "pixel_area_ha": 28.1, "status": "out", "fire_class": "forest", "official_area_ha": 489.0, "perimeter_id": "558902", "municipality": "Magaz de Cepeda", "province": "León", "region": "Castilla y León", "muni_dist_km": 2.41}}, {"type": "Feature", "geometry": {"type": "Point", "coordinates": [-3.7151, 40.0447]}, "properties": {"id": "cac7dd87a234", "ine": "45021", "first_utc": "2026-07-01T20:59:00Z", "last_utc": "2026-07-02T02:43:00Z", "detections": 6, "frp_max_mw": 85.9, "frp_total_mw": 104.6, "pixel_area_ha": 42.2, "status": "out", "fire_class": "forest", "official_area_ha": 75.0, "perimeter_id": "557597", "municipality": "Borox", "province": "Toledo", "region": "Castilla-La Mancha", "muni_dist_km": 0.65}}, {"type": "Feature", "geometry": {"type": "Point", "coordinates": [-5.1653, 37.1573]}, "properties": {"id": "b96350605b0d", "ine": "41100", "first_utc": "2026-07-04T10:13:00Z", "last_utc": "2026-07-04T10:13:00Z", "detections": 1, "frp_max_mw": 84.8, "frp_total_mw": 84.8, "pixel_area_ha": 14.1, "status": "out", "fire_class": "likely_agricultural", "municipality": "Villanueva de San Juan", "province": "Sevilla", "region": "Andalucía", "muni_dist_km": 9.69}}, {"type": "Feature", "geometry": {"type": "Point", "coordinates": [1.3421, 41.8561]}, "properties": {"id": "7bb8bf5bd990", "ine": "25191", "first_utc": "2026-06-13T12:25:00Z", "last_utc": "2026-06-13T15:05:00Z", "detections": 22, "frp_max_mw": 84.2, "frp_total_mw": 530.1, "pixel_area_ha": 196.8, "status": "out", "fire_class": "agricultural", "official_area_ha": 59.0, "perimeter_id": "511314", "municipality": "Sanaüja", "province": "Lleida", "region": "Cataluña", "muni_dist_km": 2.15}}, {"type": "Feature", "geometry": {"type": "Point", "coordinates": [-5.3448, 43.1408]}, "properties": {"id": "f2ae79d4be3f", "ine": "33015", "first_utc": "2026-07-12T02:00:00Z", "last_utc": "2026-07-14T03:02:00Z", "detections": 25, "frp_max_mw": 84.2, "frp_total_mw": 423.5, "pixel_area_ha": 182.8, "status": "out", "fire_class": "forest", "official_area_ha": 51.0, "perimeter_id": "561232", "municipality": "Caso", "province": "Asturias", "region": "Principado de Asturias", "muni_dist_km": 1.88}}, {"type": "Feature", "geometry": {"type": "Point", "coordinates": [-2.318, 41.2766]}, "properties": {"id": "1a55044394de", "ine": "42018", "first_utc": "2026-07-16T12:08:00Z", "last_utc": "2026-07-16T13:48:00Z", "detections": 23, "frp_max_mw": 83.1, "frp_total_mw": 817.9, "pixel_area_ha": 309.3, "status": "out", "fire_class": "forest", "official_area_ha": 379.28, "perimeter_id": "562509", "municipality": "Almaluez", "province": "Soria", "region": "Castilla y León", "muni_dist_km": 3.6}}, {"type": "Feature", "geometry": {"type": "Point", "coordinates": [-6.6701, 42.6915]}, "properties": {"id": "ee1336544621", "ine": "24143", "first_utc": "2026-06-19T13:53:00Z", "last_utc": "2026-06-19T15:37:00Z", "detections": 6, "frp_max_mw": 83.0, "frp_total_mw": 248.2, "pixel_area_ha": 70.3, "status": "out", "fire_class": "forest", "official_area_ha": 122.24, "perimeter_id": "529441", "municipality": "Sancedo", "province": "León", "region": "Castilla y León", "muni_dist_km": 3.16}}, {"type": "Feature", "geometry": {"type": "Point", "coordinates": [-6.979, 42.6976]}, "properties": {"id": "03f624600147", "ine": "24198", "first_utc": "2026-06-24T21:18:00Z", "last_utc": "2026-06-26T02:53:00Z", "detections": 134, "frp_max_mw": 78.5, "frp_total_mw": 2075.1, "pixel_area_ha": 857.7, "status": "out", "fire_class": "forest", "official_area_ha": 223.86, "perimeter_id": "11917", "municipality": "Vega de Valcarce", "province": "León", "region": "Castilla y León", "muni_dist_km": 0.82}}, {"type": "Feature", "geometry": {"type": "Point", "coordinates": [-5.1713, 37.1428]}, "properties": {"id": "b5a8fe1127fd", "ine": "41100", "first_utc": "2026-07-04T10:13:00Z", "last_utc": "2026-07-04T10:13:00Z", "detections": 1, "frp_max_mw": 78.5, "frp_total_mw": 78.5, "pixel_area_ha": 14.1, "status": "out", "fire_class": "likely_agricultural", "municipality": "Villanueva de San Juan", "province": "Sevilla", "region": "Andalucía", "muni_dist_km": 8.01}}, {"type": "Feature", "geometry": {"type": "Point", "coordinates": [-4.383, 40.2614]}, "properties": {"id": "3f0e8a5fcee5", "ine": "45013", "first_utc": "2026-07-22T15:14:00Z", "last_utc": "2026-07-22T15:14:00Z", "detections": 1, "frp_max_mw": 76.8, "frp_total_mw": 76.8, "pixel_area_ha": 14.1, "status": "out", "fire_class": "likely_agricultural", "municipality": "Almorox", "province": "Toledo", "region": "Castilla-La Mancha", "muni_dist_km": 1.63}}, {"type": "Feature", "geometry": {"type": "Point", "coordinates": [-0.8147, 38.5328]}, "properties": {"id": "1c0229fad0ad", "ine": "03123", "first_utc": "2026-07-04T12:32:00Z", "last_utc": "2026-07-04T13:25:00Z", "detections": 3, "frp_max_mw": 76.6, "frp_total_mw": 117.5, "pixel_area_ha": 42.2, "status": "out", "fire_class": "mixed", "official_area_ha": 4.0, "perimeter_id": "561102", "municipality": "Sax", "province": "Alacant/Alicante", "region": "Comunitat Valenciana", "muni_dist_km": 1.58}}, {"type": "Feature", "geometry": {"type": "Point", "coordinates": [-3.6698, 38.1748]}, "properties": {"id": "ff7ebaf47b5c", "ine": "23021", "first_utc": "2026-06-30T14:22:00Z", "last_utc": "2026-06-30T14:22:00Z", "detections": 2, "frp_max_mw": 75.0, "frp_total_mw": 137.0, "pixel_area_ha": 28.1, "status": "out", "fire_class": "likely_agricultural", "municipality": "Carboneros", "province": "Jaén", "region": "Andalucía", "muni_dist_km": 5.68}}, {"type": "Feature", "geometry": {"type": "Point", "coordinates": [-6.9755, 37.3076]}, "properties": {"id": "844d11357170", "ine": "21041", "first_utc": "2026-06-01T01:30:00Z", "last_utc": "2026-06-03T14:27:00Z", "detections": 54, "frp_max_mw": 73.8, "frp_total_mw": 407.0, "pixel_area_ha": 393.7, "status": "out", "fire_class": "forest", "official_area_ha": 295.0, "perimeter_id": "501143", "municipality": "Huelva", "province": "Huelva", "region": "Andalucía", "muni_dist_km": 4.16}}, {"type": "Feature", "geometry": {"type": "Point", "coordinates": [-0.8557, 41.5732]}, "properties": {"id": "767f3485b81b", "ine": "50089", "first_utc": "2026-06-15T01:00:00Z", "last_utc": "2026-06-16T01:45:00Z", "detections": 15, "frp_max_mw": 73.0, "frp_total_mw": 255.2, "pixel_area_ha": 140.6, "status": "out", "fire_class": "forest", "municipality": "Cuarte de Huerva", "province": "Zaragoza", "region": "Aragón", "muni_dist_km": 5.38}}, {"type": "Feature", "geometry": {"type": "Point", "coordinates": [-3.1671, 41.1541]}, "properties": {"id": "e0a82ce507a9", "ine": "19146", "first_utc": "2026-07-21T14:37:00Z", "last_utc": "2026-07-21T14:37:00Z", "detections": 1, "frp_max_mw": 73.0, "frp_total_mw": 73.0, "pixel_area_ha": 14.1, "status": "out", "fire_class": "likely_agricultural", "municipality": "La Huerce", "province": "Guadalajara", "region": "Castilla-La Mancha", "muni_dist_km": 1.61}}, {"type": "Feature", "geometry": {"type": "Point", "coordinates": [-5.2932, 37.653]}, "properties": {"id": "c8626b44db10", "ine": "14049", "first_utc": "2026-06-13T09:39:00Z", "last_utc": "2026-06-13T15:03:00Z", "detections": 50, "frp_max_mw": 72.5, "frp_total_mw": 522.2, "pixel_area_ha": 435.9, "status": "out", "fire_class": "forest", "municipality": "Palma del Río", "province": "Córdoba", "region": "Andalucía", "muni_dist_km": 0.7}}, {"type": "Feature", "geometry": {"type": "Point", "coordinates": [-4.1635, 38.6486]}, "properties": {"id": "c938d5d29d28", "ine": "13071", "first_utc": "2026-07-22T12:29:00Z", "last_utc": "2026-07-22T15:14:00Z", "detections": 19, "frp_max_mw": 71.9, "frp_total_mw": 580.5, "pixel_area_ha": 140.6, "status": "out", "fire_class": "forest", "official_area_ha": 72.0, "perimeter_id": "567460", "municipality": "Puertollano", "province": "Ciudad Real", "region": "Castilla-La Mancha", "muni_dist_km": 8.22}}, {"type": "Feature", "geometry": {"type": "Point", "coordinates": [-0.4454, 40.7923]}, "properties": {"id": "76510bda2c68", "ine": "44151", "first_utc": "2026-07-24T19:34:00Z", "last_utc": "2026-07-24T19:34:00Z", "detections": 2, "frp_max_mw": 70.8, "frp_total_mw": 125.7, "pixel_area_ha": 28.1, "status": "out", "fire_class": "forest", "municipality": "Molinos", "province": "Teruel", "region": "Aragón", "muni_dist_km": 3.13}}, {"type": "Feature", "geometry": {"type": "Point", "coordinates": [0.394, 40.4633]}, "properties": {"id": "3f07bba9c63b", "ine": "12027", "first_utc": "2026-06-22T14:14:00Z", "last_utc": "2026-06-22T14:14:00Z", "detections": 2, "frp_max_mw": 70.6, "frp_total_mw": 135.3, "pixel_area_ha": 28.1, "status": "out", "fire_class": "likely_agricultural", "municipality": "Benicarló", "province": "Castelló/Castellón", "region": "Comunitat Valenciana", "muni_dist_km": 2.2}}, {"type": "Feature", "geometry": {"type": "Point", "coordinates": [-0.5297, 40.739]}, "properties": {"id": "7a84b34faee9", "ine": "44096", "first_utc": "2026-07-20T20:14:00Z", "last_utc": "2026-07-22T12:29:00Z", "detections": 200, "frp_max_mw": 70.2, "frp_total_mw": 1783.2, "pixel_area_ha": 1462.2, "status": "out", "fire_class": "forest", "official_area_ha": 1367.0, "perimeter_id": "562091", "municipality": "Ejulve", "province": "Teruel", "region": "Aragón", "muni_dist_km": 1.11}}, {"type": "Feature", "geometry": {"type": "Point", "coordinates": [-8.6498, 42.7527]}, "properties": {"id": "edd60f10828e", "ine": "15065", "first_utc": "2026-06-12T20:04:00Z", "last_utc": "2026-06-12T20:04:00Z", "detections": 1, "frp_max_mw": 69.0, "frp_total_mw": 69.0, "pixel_area_ha": 14.1, "status": "out", "fire_class": "likely_agricultural", "municipality": "Padrón", "province": "A Coruña", "region": "Galicia", "muni_dist_km": 1.62}}, {"type": "Feature", "geometry": {"type": "Point", "coordinates": [-4.3005, 40.2673]}, "properties": {"id": "dde1e8685f34", "ine": "28171", "first_utc": "2026-07-22T19:55:00Z", "last_utc": "2026-07-23T14:12:00Z", "detections": 20, "frp_max_mw": 68.8, "frp_total_mw": 652.3, "pixel_area_ha": 196.8, "status": "out", "fire_class": "agricultural", "official_area_ha": 123.0, "perimeter_id": "273043", "municipality": "Villa del Prado", "province": "Madrid", "region": "Comunidad de Madrid", "muni_dist_km": 0.58}}, {"type": "Feature", "geometry": {"type": "Point", "coordinates": [-4.8279, 41.6454]}, "properties": {"id": "75e8ec39f402", "ine": "47051", "first_utc": "2026-06-23T13:14:00Z", "last_utc": "2026-06-23T13:31:00Z", "detections": 4, "frp_max_mw": 68.2, "frp_total_mw": 113.1, "pixel_area_ha": 56.2, "status": "out", "fire_class": "forest", "official_area_ha": 44.0, "municipality": "Ciguñuela", "province": "Valladolid", "region": "Castilla y León", "muni_dist_km": 2.51}}, {"type": "Feature", "geometry": {"type": "Point", "coordinates": [-4.3768, 41.9348]}, "properties": {"id": "c1bbe878de0e", "ine": "34146", "first_utc": "2026-07-09T15:12:00Z", "last_utc": "2026-07-09T15:12:00Z", "detections": 1, "frp_max_mw": 68.1, "frp_total_mw": 68.1, "pixel_area_ha": 14.1, "status": "out", "fire_class": "forest", "official_area_ha": 0.65, "municipality": "Reinoso de Cerrato", "province": "Palencia", "region": "Castilla y León", "muni_dist_km": 2.93}}, {"type": "Feature", "geometry": {"type": "Point", "coordinates": [-7.2583, 38.6326]}, "properties": {"id": "329717f10584", "ine": "06042", "first_utc": "2026-07-25T13:14:00Z", "last_utc": "2026-07-25T15:29:00Z", "detections": 14, "frp_max_mw": 67.9, "frp_total_mw": 356.7, "pixel_area_ha": 126.5, "status": "out", "fire_class": "forest", "municipality": "Cheles", "province": "Badajoz", "region": "Extremadura", "muni_dist_km": 9.63}}, {"type": "Feature", "geometry": {"type": "Point", "coordinates": [-6.309, 38.7595]}, "properties": {"id": "f0899cb6a74b", "ine": "06004", "first_utc": "2026-07-24T21:12:00Z", "last_utc": "2026-07-25T02:13:00Z", "detections": 2, "frp_max_mw": 67.6, "frp_total_mw": 68.6, "pixel_area_ha": 28.1, "status": "out", "fire_class": "forest", "official_area_ha": 36.0, "perimeter_id": "572378", "municipality": "Alange", "province": "Badajoz", "region": "Extremadura", "muni_dist_km": 4.87}}, {"type": "Feature", "geometry": {"type": "Point", "coordinates": [-0.3391, 42.2274]}, "properties": {"id": "704ca4f4f162", "ine": "22150", "first_utc": "2026-07-04T19:40:00Z", "last_utc": "2026-07-05T03:06:00Z", "detections": 65, "frp_max_mw": 67.0, "frp_total_mw": 619.8, "pixel_area_ha": 407.7, "status": "out", "fire_class": "forest", "official_area_ha": 229.0, "perimeter_id": "557387", "municipality": "Loporzano", "province": "Huesca", "region": "Aragón", "muni_dist_km": 1.78}}, {"type": "Feature", "geometry": {"type": "Point", "coordinates": [-3.9925, 39.8401]}, "properties": {"id": "a4903f4c9f3a", "ine": "45168", "first_utc": "2026-06-03T12:14:00Z", "last_utc": "2026-06-03T15:16:00Z", "detections": 38, "frp_max_mw": 66.6, "frp_total_mw": 822.0, "pixel_area_ha": 309.3, "status": "out", "fire_class": "forest", "official_area_ha": 266.0, "perimeter_id": "501747", "municipality": "Toledo", "province": "Toledo", "region": "Castilla-La Mancha", "muni_dist_km": 2.85}}, {"type": "Feature", "geometry": {"type": "Point", "coordinates": [-2.0151, 42.5168]}, "properties": {"id": "7abedfbfa3cb", "ine": "31012", "first_utc": "2026-07-06T11:55:00Z", "last_utc": "2026-07-06T11:55:00Z", "detections": 3, "frp_max_mw": 66.4, "frp_total_mw": 145.0, "pixel_area_ha": 42.2, "status": "out", "fire_class": "likely_agricultural", "municipality": "Allo", "province": "Navarra", "region": "Comunidad Foral de Navarra", "muni_dist_km": 2.45}}, {"type": "Feature", "geometry": {"type": "Point", "coordinates": [-7.7342, 43.4374]}, "properties": {"id": "0daa508787c5", "ine": "27033", "first_utc": "2026-06-15T14:44:00Z", "last_utc": "2026-06-15T14:44:00Z", "detections": 2, "frp_max_mw": 65.8, "frp_total_mw": 101.2, "pixel_area_ha": 28.1, "status": "out", "fire_class": "likely_agricultural", "municipality": "Muras", "province": "Lugo", "region": "Galicia", "muni_dist_km": 7.37}}, {"type": "Feature", "geometry": {"type": "Point", "coordinates": [-6.7874, 42.871]}, "properties": {"id": "9f109b84a972", "ine": "24036", "first_utc": "2026-06-24T21:18:00Z", "last_utc": "2026-06-25T13:42:00Z", "detections": 13, "frp_max_mw": 64.9, "frp_total_mw": 129.2, "pixel_area_ha": 98.4, "status": "out", "fire_class": "forest", "official_area_ha": 17.0, "perimeter_id": "534869", "municipality": "Candín", "province": "León", "region": "Castilla y León", "muni_dist_km": 4.09}}, {"type": "Feature", "geometry": {"type": "Point", "coordinates": [2.8361, 42.1245]}, "properties": {"id": "a842e42c1fd2", "ine": "17218", "first_utc": "2026-07-03T11:47:00Z", "last_utc": "2026-07-03T14:40:00Z", "detections": 16, "frp_max_mw": 64.5, "frp_total_mw": 285.7, "pixel_area_ha": 126.5, "status": "out", "fire_class": "agricultural", "official_area_ha": 42.0, "perimeter_id": "555402", "municipality": "Vilademuls", "province": "Girona", "region": "Cataluña", "muni_dist_km": 2.17}}, {"type": "Feature", "geometry": {"type": "Point", "coordinates": [-6.4358, 41.7537]}, "properties": {"id": "af5f6402dfd5", "ine": "49273", "first_utc": "2026-07-22T21:33:00Z", "last_utc": "2026-07-23T02:47:00Z", "detections": 5, "frp_max_mw": 64.2, "frp_total_mw": 126.5, "pixel_area_ha": 56.2, "status": "out", "fire_class": "forest", "official_area_ha": 167.9, "municipality": "Viñas", "province": "Zamora", "region": "Castilla y León", "muni_dist_km": 2.63}}, {"type": "Feature", "geometry": {"type": "Point", "coordinates": [-5.2519, 37.1469]}, "properties": {"id": "b21aa825a8e7", "ine": "41077", "first_utc": "2026-07-04T10:15:00Z", "last_utc": "2026-07-04T10:15:00Z", "detections": 1, "frp_max_mw": 63.6, "frp_total_mw": 63.6, "pixel_area_ha": 14.1, "status": "out", "fire_class": "likely_agricultural", "municipality": "La Puebla de Cazalla", "province": "Sevilla", "region": "Andalucía", "muni_dist_km": 2.69}}, {"type": "Feature", "geometry": {"type": "Point", "coordinates": [-0.4112, 40.8007]}, "properties": {"id": "86352e054033", "ine": "44151", "first_utc": "2026-07-24T19:34:00Z", "last_utc": "2026-07-24T19:34:00Z", "detections": 2, "frp_max_mw": 62.4, "frp_total_mw": 102.2, "pixel_area_ha": 28.1, "status": "out", "fire_class": "forest", "municipality": "Molinos", "province": "Teruel", "region": "Aragón", "muni_dist_km": 5.25}}, {"type": "Feature", "geometry": {"type": "Point", "coordinates": [-3.9844, 36.8302]}, "properties": {"id": "145caefb3e20", "ine": "29016", "first_utc": "2026-07-17T12:23:00Z", "last_utc": "2026-07-17T15:18:00Z", "detections": 25, "frp_max_mw": 62.2, "frp_total_mw": 557.0, "pixel_area_ha": 154.7, "status": "out", "fire_class": "forest", "municipality": "Árchez", "province": "Málaga", "region": "Andalucía", "muni_dist_km": 0.54}}, {"type": "Feature", "geometry": {"type": "Point", "coordinates": [-6.0838, 37.5598]}, "properties": {"id": "b7d839fa7a88", "ine": "41049", "first_utc": "2026-07-04T10:13:00Z", "last_utc": "2026-07-04T15:16:00Z", "detections": 30, "frp_max_mw": 60.7, "frp_total_mw": 749.9, "pixel_area_ha": 281.2, "status": "out", "fire_class": "forest", "municipality": "Guillena", "province": "Sevilla", "region": "Andalucía", "muni_dist_km": 5.16}}, {"type": "Feature", "geometry": {"type": "Point", "coordinates": [-3.1033, 37.1841]}, "properties": {"id": "1d75433a8f9c", "ine": "18018", "first_utc": "2026-07-14T13:38:00Z", "last_utc": "2026-07-14T13:38:00Z", "detections": 1, "frp_max_mw": 58.7, "frp_total_mw": 58.7, "pixel_area_ha": 14.1, "status": "out", "fire_class": "likely_agricultural", "municipality": "Alquife", "province": "Granada", "region": "Andalucía", "muni_dist_km": 0.6}}, {"type": "Feature", "geometry": {"type": "Point", "coordinates": [-6.1209, 39.2856]}, "properties": {"id": "dc5a40aa0016", "ine": "10198", "first_utc": "2026-07-09T12:38:00Z", "last_utc": "2026-07-09T13:31:00Z", "detections": 3, "frp_max_mw": 58.0, "frp_total_mw": 88.2, "pixel_area_ha": 42.2, "status": "out", "fire_class": "likely_agricultural", "municipality": "Valdefuentes", "province": "Cáceres", "region": "Extremadura", "muni_dist_km": 0.86}}, {"type": "Feature", "geometry": {"type": "Point", "coordinates": [-3.6099, 40.974]}, "properties": {"id": "50815ed9f2b2", "ine": "28027", "first_utc": "2026-07-16T20:55:00Z", "last_utc": "2026-07-17T04:17:00Z", "detections": 30, "frp_max_mw": 57.1, "frp_total_mw": 343.8, "pixel_area_ha": 225.0, "status": "out", "fire_class": "forest", "official_area_ha": 862.0, "perimeter_id": "562521", "municipality": "Buitrago del Lozoya", "province": "Madrid", "region": "Comunidad de Madrid", "muni_dist_km": 0.59}}, {"type": "Feature", "geometry": {"type": "Point", "coordinates": [-7.1021, 37.5412]}, "properties": {"id": "18c9916b3966", "ine": "21006", "first_utc": "2026-07-24T14:52:00Z", "last_utc": "2026-07-24T14:52:00Z", "detections": 1, "frp_max_mw": 56.7, "frp_total_mw": 56.7, "pixel_area_ha": 14.1, "status": "out", "fire_class": "likely_agricultural", "municipality": "Alosno", "province": "Huelva", "region": "Andalucía", "muni_dist_km": 2.49}}, {"type": "Feature", "geometry": {"type": "Point", "coordinates": [-3.5621, 36.9208]}, "properties": {"id": "660efe4faa11", "ine": "18902", "first_utc": "2026-07-25T12:38:00Z", "last_utc": "2026-07-25T15:29:00Z", "detections": 39, "frp_max_mw": 55.6, "frp_total_mw": 960.5, "pixel_area_ha": 309.3, "status": "out", "fire_class": "mixed", "official_area_ha": 146.0, "perimeter_id": "572367", "municipality": "El Valle", "province": "Granada", "region": "Andalucía", "muni_dist_km": 2.06}}, {"type": "Feature", "geometry": {"type": "Point", "coordinates": [-6.9001, 40.2713]}, "properties": {"id": "d34c1381386c", "ine": "37221", "first_utc": "2026-07-20T15:37:00Z", "last_utc": "2026-07-20T15:37:00Z", "detections": 1, "frp_max_mw": 55.1, "frp_total_mw": 55.1, "pixel_area_ha": 14.1, "status": "out", "fire_class": "likely_agricultural", "municipality": "Navasfrías", "province": "Salamanca", "region": "Castilla y León", "muni_dist_km": 7.63}}, {"type": "Feature", "geometry": {"type": "Point", "coordinates": [-1.1664, 37.9745]}, "properties": {"id": "ce7407b7cb88", "ine": "30005", "first_utc": "2026-06-20T14:37:00Z", "last_utc": "2026-06-20T14:37:00Z", "detections": 2, "frp_max_mw": 54.6, "frp_total_mw": 73.1, "pixel_area_ha": 28.1, "status": "out", "fire_class": "likely_agricultural", "municipality": "Alcantarilla", "province": "Murcia", "region": "Región de Murcia", "muni_dist_km": 5.41}}, {"type": "Feature", "geometry": {"type": "Point", "coordinates": [-4.2523, 43.0536]}, "properties": {"id": "d8801afa25ae", "ine": "39032", "first_utc": "2026-06-24T01:32:00Z", "last_utc": "2026-06-25T03:13:00Z", "detections": 32, "frp_max_mw": 54.3, "frp_total_mw": 363.9, "pixel_area_ha": 168.7, "status": "out", "fire_class": "forest", "official_area_ha": 75.0, "perimeter_id": "286388", "municipality": "Hermandad de Campoo de Suso", "province": "Cantabria", "region": "Cantabria", "muni_dist_km": 2.77}}, {"type": "Feature", "geometry": {"type": "Point", "coordinates": [-3.9748, 38.9938]}, "properties": {"id": "ec629fee73e8", "ine": "13034", "first_utc": "2026-06-09T12:36:00Z", "last_utc": "2026-06-09T14:16:00Z", "detections": 14, "frp_max_mw": 54.0, "frp_total_mw": 235.5, "pixel_area_ha": 98.4, "status": "out", "fire_class": "forest", "municipality": "Ciudad Real", "province": "Ciudad Real", "region": "Castilla-La Mancha", "muni_dist_km": 2.13}}, {"type": "Feature", "geometry": {"type": "Point", "coordinates": [-3.5848, 40.0612]}, "properties": {"id": "14d171d144dc", "ine": "45161", "first_utc": "2026-06-21T09:56:00Z", "last_utc": "2026-06-21T09:56:00Z", "detections": 2, "frp_max_mw": 53.9, "frp_total_mw": 85.7, "pixel_area_ha": 28.1, "status": "out", "fire_class": "likely_agricultural", "municipality": "Seseña", "province": "Toledo", "region": "Castilla-La Mancha", "muni_dist_km": 7.04}}, {"type": "Feature", "geometry": {"type": "Point", "coordinates": [-4.6113, 39.8832]}, "properties": {"id": "c92ccb597efa", "ine": "45089", "first_utc": "2026-07-05T12:14:00Z", "last_utc": "2026-07-05T14:29:00Z", "detections": 13, "frp_max_mw": 52.5, "frp_total_mw": 180.6, "pixel_area_ha": 112.5, "status": "out", "fire_class": "mixed", "official_area_ha": 33.0, "perimeter_id": "557604", "municipality": "Malpica de Tajo", "province": "Toledo", "region": "Castilla-La Mancha", "muni_dist_km": 2.12}}, {"type": "Feature", "geometry": {"type": "Point", "coordinates": [-5.5004, 38.2567]}, "properties": {"id": "e576e27cf95f", "ine": "14029", "first_utc": "2026-06-22T12:10:00Z", "last_utc": "2026-06-22T12:57:00Z", "detections": 6, "frp_max_mw": 51.5, "frp_total_mw": 212.1, "pixel_area_ha": 84.4, "status": "out", "fire_class": "likely_agricultural", "municipality": "Fuente Obejuna", "province": "Córdoba", "region": "Andalucía", "muni_dist_km": 5.83}}, {"type": "Feature", "geometry": {"type": "Point", "coordinates": [-6.9387, 41.0422]}, "properties": {"id": "da4c3425999e", "ine": "37132", "first_utc": "2026-06-28T13:40:00Z", "last_utc": "2026-06-29T02:43:00Z", "detections": 16, "frp_max_mw": 50.5, "frp_total_mw": 437.5, "pixel_area_ha": 154.7, "status": "out", "fire_class": "forest", "municipality": "La Fregeneda", "province": "Salamanca", "region": "Castilla y León", "muni_dist_km": 6.26}}, {"type": "Feature", "geometry": {"type": "Point", "coordinates": [-4.4048, 39.8024]}, "properties": {"id": "eb84801bee70", "ine": "45136", "first_utc": "2026-06-11T12:17:00Z", "last_utc": "2026-06-11T15:26:00Z", "detections": 14, "frp_max_mw": 50.3, "frp_total_mw": 336.1, "pixel_area_ha": 126.5, "status": "out", "fire_class": "forest", "official_area_ha": 44.0, "perimeter_id": "510767", "municipality": "La Puebla de Montalbán", "province": "Toledo", "region": "Castilla-La Mancha", "muni_dist_km": 2.12}}, {"type": "Feature", "geometry": {"type": "Point", "coordinates": [-3.4421, 40.4263]}, "properties": {"id": "ba4929b59cf0", "ine": "28130", "first_utc": "2026-07-23T12:12:00Z", "last_utc": "2026-07-23T14:12:00Z", "detections": 10, "frp_max_mw": 50.2, "frp_total_mw": 119.7, "pixel_area_ha": 98.4, "status": "out", "fire_class": "likely_agricultural", "municipality": "San Fernando de Henares", "province": "Madrid", "region": "Comunidad de Madrid", "muni_dist_km": 3.48}}, {"type": "Feature", "geometry": {"type": "Point", "coordinates": [-5.3826, 37.5641]}, "properties": {"id": "beedce092f30", "ine": "41022", "first_utc": "2026-07-16T14:42:00Z", "last_utc": "2026-07-16T14:42:00Z", "detections": 2, "frp_max_mw": 50.1, "frp_total_mw": 79.9, "pixel_area_ha": 28.1, "status": "out", "fire_class": "likely_agricultural", "municipality": "La Campana", "province": "Sevilla", "region": "Andalucía", "muni_dist_km": 2.28}}, {"type": "Feature", "geometry": {"type": "Point", "coordinates": [-4.7672, 38.06]}, "properties": {"id": "95ac81476d12", "ine": "14047", "first_utc": "2026-06-13T12:25:00Z", "last_utc": "2026-06-14T14:22:00Z", "detections": 70, "frp_max_mw": 49.7, "frp_total_mw": 939.2, "pixel_area_ha": 590.5, "status": "out", "fire_class": "forest", "official_area_ha": 624.0, "perimeter_id": "13445", "municipality": "Obejo", "province": "Córdoba", "region": "Andalucía", "muni_dist_km": 0.85}}, {"type": "Feature", "geometry": {"type": "Point", "coordinates": [-6.8061, 42.6898]}, "properties": {"id": "943df4a7025d", "ine": "24209", "first_utc": "2026-06-27T20:02:00Z", "last_utc": "2026-06-27T20:02:00Z", "detections": 1, "frp_max_mw": 48.9, "frp_total_mw": 48.9, "pixel_area_ha": 14.1, "status": "out", "fire_class": "forest", "official_area_ha": 0.01, "municipality": "Villafranca del Bierzo", "province": "León", "region": "Castilla y León", "muni_dist_km": 1.07}}, {"type": "Feature", "geometry": {"type": "Point", "coordinates": [-4.725, 37.2965]}, "properties": {"id": "44f05d171beb", "ine": "41026", "first_utc": "2026-06-28T13:38:00Z", "last_utc": "2026-06-28T14:27:00Z", "detections": 4, "frp_max_mw": 48.8, "frp_total_mw": 112.1, "pixel_area_ha": 42.2, "status": "out", "fire_class": "likely_agricultural", "municipality": "Casariche", "province": "Sevilla", "region": "Andalucía", "muni_dist_km": 2.44}}, {"type": "Feature", "geometry": {"type": "Point", "coordinates": [-2.8624, 41.3729]}, "properties": {"id": "09148fd193a0", "ine": "42026", "first_utc": "2026-07-13T14:27:00Z", "last_utc": "2026-07-13T14:27:00Z", "detections": 1, "frp_max_mw": 48.7, "frp_total_mw": 48.7, "pixel_area_ha": 14.1, "status": "out", "fire_class": "forest", "official_area_ha": 70.73, "municipality": "Arenillas", "province": "Soria", "region": "Castilla y León", "muni_dist_km": 3.68}}, {"type": "Feature", "geometry": {"type": "Point", "coordinates": [1.1009, 41.7063]}, "properties": {"id": "4a1088c753eb", "ine": "25225", "first_utc": "2026-06-26T09:54:00Z", "last_utc": "2026-06-26T09:54:00Z", "detections": 1, "frp_max_mw": 48.1, "frp_total_mw": 48.1, "pixel_area_ha": 14.1, "status": "out", "fire_class": "agricultural", "municipality": "Tornabous", "province": "Lleida", "region": "Cataluña", "muni_dist_km": 3.47}}, {"type": "Feature", "geometry": {"type": "Point", "coordinates": [1.6071, 41.5425]}, "properties": {"id": "e1376e6a8b8b", "ine": "08048", "first_utc": "2026-07-06T19:19:00Z", "last_utc": "2026-07-06T19:19:00Z", "detections": 2, "frp_max_mw": 47.7, "frp_total_mw": 85.4, "pixel_area_ha": 28.1, "status": "out", "fire_class": "agricultural", "official_area_ha": 11.0, "perimeter_id": "561280", "municipality": "Carme", "province": "Barcelona", "region": "Cataluña", "muni_dist_km": 1.4}}, {"type": "Feature", "geometry": {"type": "Point", "coordinates": [-5.2104, 37.7217]}, "properties": {"id": "1abdd2359c7b", "ine": "14901", "first_utc": "2026-06-20T14:37:00Z", "last_utc": "2026-06-20T14:37:00Z", "detections": 1, "frp_max_mw": 47.1, "frp_total_mw": 47.1, "pixel_area_ha": 14.1, "status": "out", "fire_class": "likely_agricultural", "municipality": "Fuente Carreteros", "province": "Córdoba", "region": "Andalucía", "muni_dist_km": 7.84}}, {"type": "Feature", "geometry": {"type": "Point", "coordinates": [-6.9116, 40.2697]}, "properties": {"id": "73eaab3b9953", "ine": "10072", "first_utc": "2026-07-20T15:37:00Z", "last_utc": "2026-07-20T15:37:00Z", "detections": 1, "frp_max_mw": 46.6, "frp_total_mw": 46.6, "pixel_area_ha": 14.1, "status": "out", "fire_class": "likely_agricultural", "municipality": "Eljas", "province": "Cáceres", "region": "Extremadura", "muni_dist_km": 8.48}}, {"type": "Feature", "geometry": {"type": "Point", "coordinates": [-3.5933, 40.989]}, "properties": {"id": "8010038da518", "ine": "28027", "first_utc": "2026-07-16T20:55:00Z", "last_utc": "2026-07-16T20:55:00Z", "detections": 2, "frp_max_mw": 46.5, "frp_total_mw": 60.8, "pixel_area_ha": 28.1, "status": "out", "fire_class": "forest", "municipality": "Buitrago del Lozoya", "province": "Madrid", "region": "Comunidad de Madrid", "muni_dist_km": 2.52}}, {"type": "Feature", "geometry": {"type": "Point", "coordinates": [-8.9594, 42.6887]}, "properties": {"id": "08c251e0131e", "ine": "15071", "first_utc": "2026-07-02T21:40:00Z", "last_utc": "2026-07-02T21:40:00Z", "detections": 1, "frp_max_mw": 46.1, "frp_total_mw": 46.1, "pixel_area_ha": 14.1, "status": "out", "fire_class": "forest", "municipality": "Porto do Son", "province": "A Coruña", "region": "Galicia", "muni_dist_km": 2.44}}, {"type": "Feature", "geometry": {"type": "Point", "coordinates": [-4.9205, 37.1586]}, "properties": {"id": "a4749a27d8fd", "ine": "41062", "first_utc": "2026-06-09T10:19:00Z", "last_utc": "2026-06-09T10:19:00Z", "detections": 1, "frp_max_mw": 46.0, "frp_total_mw": 46.0, "pixel_area_ha": 14.1, "status": "out", "fire_class": "likely_agricultural", "municipality": "Martín de la Jara", "province": "Sevilla", "region": "Andalucía", "muni_dist_km": 4.11}}, {"type": "Feature", "geometry": {"type": "Point", "coordinates": [1.1685, 41.5907]}, "properties": {"id": "d0f5de843b06", "ine": "25109", "first_utc": "2026-07-08T20:36:00Z", "last_utc": "2026-07-08T20:36:00Z", "detections": 1, "frp_max_mw": 45.8, "frp_total_mw": 45.8, "pixel_area_ha": 14.1, "status": "out", "fire_class": "urban", "municipality": "Guimerà", "province": "Lleida", "region": "Cataluña", "muni_dist_km": 3.13}}, {"type": "Feature", "geometry": {"type": "Point", "coordinates": [-5.2789, 37.1527]}, "properties": {"id": "356bd8fbae06", "ine": "41077", "first_utc": "2026-07-04T10:13:00Z", "last_utc": "2026-07-04T10:13:00Z", "detections": 1, "frp_max_mw": 45.3, "frp_total_mw": 45.3, "pixel_area_ha": 14.1, "status": "out", "fire_class": "likely_agricultural", "municipality": "La Puebla de Cazalla", "province": "Sevilla", "region": "Andalucía", "muni_dist_km": 1.12}}, {"type": "Feature", "geometry": {"type": "Point", "coordinates": [-3.4844, 40.0037]}, "properties": {"id": "1fe090a79f72", "ine": "45123", "first_utc": "2026-07-10T12:19:00Z", "last_utc": "2026-07-10T12:55:00Z", "detections": 7, "frp_max_mw": 45.2, "frp_total_mw": 261.5, "pixel_area_ha": 70.3, "status": "out", "fire_class": "forest", "official_area_ha": 25.0, "perimeter_id": "561294", "municipality": "Ontígola", "province": "Toledo", "region": "Castilla-La Mancha", "muni_dist_km": 3.84}}, {"type": "Feature", "geometry": {"type": "Point", "coordinates": [-6.961, 38.8627]}, "properties": {"id": "cebc59d3d44b", "ine": "06015", "first_utc": "2026-06-09T21:23:00Z", "last_utc": "2026-06-09T21:23:00Z", "detections": 1, "frp_max_mw": 44.8, "frp_total_mw": 44.8, "pixel_area_ha": 14.1, "status": "out", "fire_class": "forest", "municipality": "Badajoz", "province": "Badajoz", "region": "Extremadura", "muni_dist_km": 9.25}}, {"type": "Feature", "geometry": {"type": "Point", "coordinates": [-3.5484, 38.3269]}, "properties": {"id": "82a45cb01679", "ine": "23076", "first_utc": "2026-07-09T14:20:00Z", "last_utc": "2026-07-09T15:09:00Z", "detections": 4, "frp_max_mw": 44.6, "frp_total_mw": 91.2, "pixel_area_ha": 56.2, "status": "out", "fire_class": "agricultural", "official_area_ha": 30.0, "perimeter_id": "561198", "municipality": "Santa Elena", "province": "Jaén", "region": "Andalucía", "muni_dist_km": 4.14}}, {"type": "Feature", "geometry": {"type": "Point", "coordinates": [-4.0657, 39.6312]}, "properties": {"id": "f0c259ca8aef", "ine": "45096", "first_utc": "2026-07-22T19:53:00Z", "last_utc": "2026-07-23T02:47:00Z", "detections": 20, "frp_max_mw": 44.5, "frp_total_mw": 125.7, "pixel_area_ha": 182.8, "status": "out", "fire_class": "forest", "official_area_ha": 387.0, "perimeter_id": "562602", "municipality": "Mazarambroz", "province": "Toledo", "region": "Castilla-La Mancha", "muni_dist_km": 1.51}}, {"type": "Feature", "geometry": {"type": "Point", "coordinates": [-6.535, 37.2241]}, "properties": {"id": "5af6501e7d56", "ine": "21061", "first_utc": "2026-06-13T12:59:00Z", "last_utc": "2026-06-13T13:21:00Z", "detections": 3, "frp_max_mw": 43.2, "frp_total_mw": 79.5, "pixel_area_ha": 42.2, "status": "out", "fire_class": "likely_agricultural", "municipality": "Rociana del Condado", "province": "Huelva", "region": "Andalucía", "muni_dist_km": 10.34}}, {"type": "Feature", "geometry": {"type": "Point", "coordinates": [0.1794, 41.9451]}, "properties": {"id": "89ce96d60b1d", "ine": "22082", "first_utc": "2026-06-15T14:03:00Z", "last_utc": "2026-06-15T14:44:00Z", "detections": 4, "frp_max_mw": 43.0, "frp_total_mw": 95.1, "pixel_area_ha": 56.2, "status": "out", "fire_class": "mixed", "official_area_ha": 47.0, "perimeter_id": "520867", "municipality": "Castejón del Puente", "province": "Huesca", "region": "Aragón", "muni_dist_km": 3.3}}, {"type": "Feature", "geometry": {"type": "Point", "coordinates": [-4.137, 42.2201]}, "properties": {"id": "09ef246c1c82", "ine": "09417", "first_utc": "2026-07-05T14:29:00Z", "last_utc": "2026-07-05T14:29:00Z", "detections": 2, "frp_max_mw": 42.9, "frp_total_mw": 85.8, "pixel_area_ha": 28.1, "status": "out", "fire_class": "forest", "municipality": "Vallejera", "province": "Burgos", "region": "Castilla y León", "muni_dist_km": 3.98}}, {"type": "Feature", "geometry": {"type": "Point", "coordinates": [-2.3542, 37.4353]}, "properties": {"id": "a9fac81ceacf", "ine": "04085", "first_utc": "2026-07-26T13:59:00Z", "last_utc": "2026-07-26T14:29:00Z", "detections": 2, "frp_max_mw": 42.7, "frp_total_mw": 56.0, "pixel_area_ha": 28.1, "status": "out", "fire_class": "likely_agricultural", "municipality": "Somontín", "province": "Almería", "region": "Andalucía", "muni_dist_km": 3.66}}, {"type": "Feature", "geometry": {"type": "Point", "coordinates": [-4.8945, 41.8773]}, "properties": {"id": "f420d346e50b", "ine": "47092", "first_utc": "2026-06-26T13:57:00Z", "last_utc": "2026-06-26T14:18:00Z", "detections": 4, "frp_max_mw": 42.5, "frp_total_mw": 63.6, "pixel_area_ha": 42.2, "status": "out", "fire_class": "forest", "official_area_ha": 17.9, "municipality": "Montealegre de Campos", "province": "Valladolid", "region": "Castilla y León", "muni_dist_km": 1.85}}, {"type": "Feature", "geometry": {"type": "Point", "coordinates": [-6.4793, 42.5359]}, "properties": {"id": "10c8944db1a1", "ine": "24100", "first_utc": "2026-06-24T21:18:00Z", "last_utc": "2026-06-25T14:18:00Z", "detections": 47, "frp_max_mw": 42.4, "frp_total_mw": 459.6, "pixel_area_ha": 295.3, "status": "out", "fire_class": "forest", "official_area_ha": 125.0, "perimeter_id": "534870", "municipality": "Molinaseca", "province": "León", "region": "Castilla y León", "muni_dist_km": 0.5}}, {"type": "Feature", "geometry": {"type": "Point", "coordinates": [-4.7325, 39.9217]}, "properties": {"id": "dbd78f4d5fd3", "ine": "45137", "first_utc": "2026-07-23T01:07:00Z", "last_utc": "2026-07-23T09:30:00Z", "detections": 29, "frp_max_mw": 42.3, "frp_total_mw": 489.9, "pixel_area_ha": 225.0, "status": "out", "fire_class": "forest", "official_area_ha": 124.0, "perimeter_id": "572399", "municipality": "La Pueblanueva", "province": "Toledo", "region": "Castilla-La Mancha", "muni_dist_km": 0.8}}, {"type": "Feature", "geometry": {"type": "Point", "coordinates": [2.3108, 41.4978]}, "properties": {"id": "b78714f55b11", "ine": "08281", "first_utc": "2026-06-26T09:54:00Z", "last_utc": "2026-06-26T09:54:00Z", "detections": 1, "frp_max_mw": 42.0, "frp_total_mw": 42.0, "pixel_area_ha": 14.1, "status": "out", "fire_class": "forest", "municipality": "Teià", "province": "Barcelona", "region": "Cataluña", "muni_dist_km": 0.96}}, {"type": "Feature", "geometry": {"type": "Point", "coordinates": [-5.3492, 38.5569]}, "properties": {"id": "4884b483c113", "ine": "06087", "first_utc": "2026-06-26T12:36:00Z", "last_utc": "2026-06-27T02:36:00Z", "detections": 10, "frp_max_mw": 41.6, "frp_total_mw": 97.3, "pixel_area_ha": 42.2, "status": "out", "fire_class": "forest", "official_area_ha": 13.0, "perimeter_id": "544999", "municipality": "Monterrubio de la Serena", "province": "Badajoz", "region": "Extremadura", "muni_dist_km": 9.89}}, {"type": "Feature", "geometry": {"type": "Point", "coordinates": [-6.4919, 42.5499]}, "properties": {"id": "2119ffad1957", "ine": "24100", "first_utc": "2026-07-22T19:55:00Z", "last_utc": "2026-07-22T19:55:00Z", "detections": 1, "frp_max_mw": 41.2, "frp_total_mw": 41.2, "pixel_area_ha": 14.1, "status": "out", "fire_class": "forest", "official_area_ha": 0.05, "municipality": "Molinaseca", "province": "León", "region": "Castilla y León", "muni_dist_km": 3.85}}, {"type": "Feature", "geometry": {"type": "Point", "coordinates": [-6.9485, 37.3208]}, "properties": {"id": "5a7fd06b1dfc", "ine": "21041", "first_utc": "2026-06-02T20:06:00Z", "last_utc": "2026-06-02T20:06:00Z", "detections": 1, "frp_max_mw": 41.0, "frp_total_mw": 41.0, "pixel_area_ha": 14.1, "status": "out", "fire_class": "forest", "municipality": "Huelva", "province": "Huelva", "region": "Andalucía", "muni_dist_km": 5.64}}, {"type": "Feature", "geometry": {"type": "Point", "coordinates": [-9.0974, 42.8602]}, "properties": {"id": "1934e4c0a5cd", "ine": "15020", "first_utc": "2026-07-21T13:55:00Z", "last_utc": "2026-07-21T14:31:00Z", "detections": 4, "frp_max_mw": 40.9, "frp_total_mw": 60.1, "pixel_area_ha": 42.2, "status": "out", "fire_class": "mixed", "official_area_ha": 2.0, "perimeter_id": "572483", "municipality": "Carnota", "province": "A Coruña", "region": "Galicia", "muni_dist_km": 1.41}}, {"type": "Feature", "geometry": {"type": "Point", "coordinates": [-1.9894, 40.9438]}, "properties": {"id": "e3649ebaedad", "ine": "19209", "first_utc": "2026-07-21T14:37:00Z", "last_utc": "2026-07-21T14:37:00Z", "detections": 2, "frp_max_mw": 40.8, "frp_total_mw": 70.1, "pixel_area_ha": 28.1, "status": "out", "fire_class": "likely_agricultural", "municipality": "Pardos", "province": "Guadalajara", "region": "Castilla-La Mancha", "muni_dist_km": 4.72}}, {"type": "Feature", "geometry": {"type": "Point", "coordinates": [-4.7017, 41.9693]}, "properties": {"id": "c268018d4f58", "ine": "34125", "first_utc": "2026-07-10T12:55:00Z", "last_utc": "2026-07-10T13:14:00Z", "detections": 3, "frp_max_mw": 40.5, "frp_total_mw": 85.9, "pixel_area_ha": 28.1, "status": "out", "fire_class": "forest", "official_area_ha": 22.0, "municipality": "Pedraza de Campos", "province": "Palencia", "region": "Castilla y León", "muni_dist_km": 1.15}}, {"type": "Feature", "geometry": {"type": "Point", "coordinates": [-5.9975, 36.2219]}, "properties": {"id": "496e31a482fe", "ine": "11039", "first_utc": "2026-06-30T12:59:00Z", "last_utc": "2026-06-30T14:22:00Z", "detections": 7, "frp_max_mw": 40.2, "frp_total_mw": 109.0, "pixel_area_ha": 70.3, "status": "out", "fire_class": "agricultural", "official_area_ha": 28.0, "perimeter_id": "557522", "municipality": "Vejer de la Frontera", "province": "Cádiz", "region": "Andalucía", "muni_dist_km": 7.89}}, {"type": "Feature", "geometry": {"type": "Point", "coordinates": [-3.1796, 36.9241]}, "properties": {"id": "e40d67e2b273", "ine": "18035", "first_utc": "2026-07-20T14:12:00Z", "last_utc": "2026-07-20T14:12:00Z", "detections": 3, "frp_max_mw": 39.9, "frp_total_mw": 87.0, "pixel_area_ha": 42.2, "status": "out", "fire_class": "agricultural", "official_area_ha": 16.0, "perimeter_id": "562517", "municipality": "Cádiar", "province": "Granada", "region": "Andalucía", "muni_dist_km": 1.08}}, {"type": "Feature", "geometry": {"type": "Point", "coordinates": [0.413, 40.4744]}, "properties": {"id": "1ae6bdf81080", "ine": "12027", "first_utc": "2026-06-22T11:51:00Z", "last_utc": "2026-06-22T14:14:00Z", "detections": 17, "frp_max_mw": 39.2, "frp_total_mw": 242.6, "pixel_area_ha": 126.5, "status": "out", "fire_class": "forest", "official_area_ha": 41.0, "perimeter_id": "530844", "municipality": "Benicarló", "province": "Castelló/Castellón", "region": "Comunitat Valenciana", "muni_dist_km": 3.16}}, {"type": "Feature", "geometry": {"type": "Point", "coordinates": [-3.0554, 42.2474]}, "properties": {"id": "5e55c6022d71", "ine": "26061", "first_utc": "2026-07-09T21:16:00Z", "last_utc": "2026-07-10T13:14:00Z", "detections": 85, "frp_max_mw": 39.2, "frp_total_mw": 1049.8, "pixel_area_ha": 407.7, "status": "out", "fire_class": "forest", "official_area_ha": 119.0, "perimeter_id": "561183", "municipality": "Ezcaray", "province": "La Rioja", "region": "La Rioja", "muni_dist_km": 1.48}}, {"type": "Feature", "geometry": {"type": "Point", "coordinates": [-1.694, 42.1323]}, "properties": {"id": "2e22f5db78e9", "ine": "31070", "first_utc": "2026-07-24T13:33:00Z", "last_utc": "2026-07-24T14:52:00Z", "detections": 4, "frp_max_mw": 39.1, "frp_total_mw": 84.1, "pixel_area_ha": 42.2, "status": "out", "fire_class": "likely_agricultural", "municipality": "Castejón", "province": "Navarra", "region": "Comunidad Foral de Navarra", "muni_dist_km": 2.72}}, {"type": "Feature", "geometry": {"type": "Point", "coordinates": [0.2393, 41.606]}, "properties": {"id": "36be9524fb83", "ine": "22245", "first_utc": "2026-06-25T20:21:00Z", "last_utc": "2026-06-26T02:53:00Z", "detections": 13, "frp_max_mw": 39.0, "frp_total_mw": 118.4, "pixel_area_ha": 98.4, "status": "out", "fire_class": "forest", "official_area_ha": 16.0, "perimeter_id": "534922", "municipality": "Velilla de Cinca", "province": "Huesca", "region": "Aragón", "muni_dist_km": 2.35}}, {"type": "Feature", "geometry": {"type": "Point", "coordinates": [-5.3247, 37.1101]}, "properties": {"id": "5e020327e1ca", "ine": "41077", "first_utc": "2026-07-04T15:16:00Z", "last_utc": "2026-07-04T15:16:00Z", "detections": 1, "frp_max_mw": 37.9, "frp_total_mw": 37.9, "pixel_area_ha": 14.1, "status": "out", "fire_class": "likely_agricultural", "municipality": "La Puebla de Cazalla", "province": "Sevilla", "region": "Andalucía", "muni_dist_km": 7.28}}, {"type": "Feature", "geometry": {"type": "Point", "coordinates": [-5.9273, 36.197]}, "properties": {"id": "91caea77daa1", "ine": "11007", "first_utc": "2026-07-07T15:31:00Z", "last_utc": "2026-07-07T15:31:00Z", "detections": 2, "frp_max_mw": 37.5, "frp_total_mw": 48.1, "pixel_area_ha": 28.1, "status": "out", "fire_class": "likely_agricultural", "municipality": "Barbate", "province": "Cádiz", "region": "Andalucía", "muni_dist_km": 2.31}}, {"type": "Feature", "geometry": {"type": "Point", "coordinates": [-4.2572, 39.8919]}, "properties": {"id": "76ba53df8d33", "ine": "45003", "first_utc": "2026-06-27T13:38:00Z", "last_utc": "2026-06-27T13:57:00Z", "detections": 18, "frp_max_mw": 37.4, "frp_total_mw": 354.3, "pixel_area_ha": 168.7, "status": "out", "fire_class": "likely_agricultural", "municipality": "Albarreal de Tajo", "province": "Toledo", "region": "Castilla-La Mancha", "muni_dist_km": 1.95}}, {"type": "Feature", "geometry": {"type": "Point", "coordinates": [-5.4436, 42.3403]}, "properties": {"id": "c09b044a8ae8", "ine": "24107", "first_utc": "2026-07-04T10:13:00Z", "last_utc": "2026-07-04T10:13:00Z", "detections": 1, "frp_max_mw": 37.3, "frp_total_mw": 37.3, "pixel_area_ha": 14.1, "status": "out", "fire_class": "likely_agricultural", "municipality": "Pajares de los Oteros", "province": "León", "region": "Castilla y León", "muni_dist_km": 1.12}}, {"type": "Feature", "geometry": {"type": "Point", "coordinates": [-0.589, 38.8867]}, "properties": {"id": "8081e1cbe4c2", "ine": "46042", "first_utc": "2026-07-11T20:55:00Z", "last_utc": "2026-07-13T02:36:00Z", "detections": 10, "frp_max_mw": 37.2, "frp_total_mw": 88.3, "pixel_area_ha": 56.2, "status": "out", "fire_class": "forest", "municipality": "Aielo de Malferit", "province": "València/Valencia", "region": "Comunitat Valenciana", "muni_dist_km": 1.36}}, {"type": "Feature", "geometry": {"type": "Point", "coordinates": [-4.3049, 39.7347]}, "properties": {"id": "aace658342e4", "ine": "45067", "first_utc": "2026-06-20T20:21:00Z", "last_utc": "2026-06-20T20:21:00Z", "detections": 1, "frp_max_mw": 37.0, "frp_total_mw": 37.0, "pixel_area_ha": 14.1, "status": "out", "fire_class": "forest", "municipality": "Gálvez", "province": "Toledo", "region": "Castilla-La Mancha", "muni_dist_km": 2.2}}, {"type": "Feature", "geometry": {"type": "Point", "coordinates": [-5.6939, 37.7024]}, "properties": {"id": "a74bbf3a48bb", "ine": "41099", "first_utc": "2026-07-04T12:32:00Z", "last_utc": "2026-07-04T14:12:00Z", "detections": 10, "frp_max_mw": 37.0, "frp_total_mw": 151.4, "pixel_area_ha": 84.4, "status": "out", "fire_class": "forest", "official_area_ha": 21.0, "perimeter_id": "557521", "municipality": "Villanueva del Río y Minas", "province": "Sevilla", "region": "Andalucía", "muni_dist_km": 4.3}}, {"type": "Feature", "geometry": {"type": "Point", "coordinates": [-3.4477, 38.446]}, "properties": {"id": "416b1418a1b1", "ine": "13016", "first_utc": "2026-07-27T15:07:00Z", "last_utc": "2026-07-27T15:07:00Z", "detections": 1, "frp_max_mw": 36.9, "frp_total_mw": 36.9, "pixel_area_ha": 14.1, "status": "dying_down", "fire_class": "likely_agricultural", "municipality": "Almuradiel", "province": "Ciudad Real", "region": "Castilla-La Mancha", "muni_dist_km": 4.38}}, {"type": "Feature", "geometry": {"type": "Point", "coordinates": [-4.928, 37.1508]}, "properties": {"id": "47dc84330e31", "ine": "41062", "first_utc": "2026-06-09T10:19:00Z", "last_utc": "2026-06-09T10:19:00Z", "detections": 1, "frp_max_mw": 36.5, "frp_total_mw": 36.5, "pixel_area_ha": 14.1, "status": "out", "fire_class": "likely_agricultural", "municipality": "Martín de la Jara", "province": "Sevilla", "region": "Andalucía", "muni_dist_km": 3.03}}, {"type": "Feature", "geometry": {"type": "Point", "coordinates": [-6.9625, 38.7733]}, "properties": {"id": "d97c8c35c19f", "ine": "06143", "first_utc": "2026-06-24T12:19:00Z", "last_utc": "2026-06-24T13:59:00Z", "detections": 5, "frp_max_mw": 36.3, "frp_total_mw": 103.4, "pixel_area_ha": 42.2, "status": "out", "fire_class": "likely_agricultural", "municipality": "Valverde de Leganés", "province": "Badajoz", "region": "Extremadura", "muni_dist_km": 11.68}}, {"type": "Feature", "geometry": {"type": "Point", "coordinates": [-13.5186, 29.445]}, "properties": {"id": "ab05bb90b1ba", "ine": "35010", "first_utc": "2026-07-14T16:39:00Z", "last_utc": "2026-07-14T16:39:00Z", "detections": 1, "frp_max_mw": 36.0, "frp_total_mw": 36.0, "pixel_area_ha": 14.1, "status": "out", "fire_class": "likely_agricultural", "municipality": "Haría", "province": "Las Palmas", "region": "Canarias", "muni_dist_km": 31.77}}, {"type": "Feature", "geometry": {"type": "Point", "coordinates": [-6.8232, 37.8745]}, "properties": {"id": "8f11330467d8", "ine": "21043", "first_utc": "2026-07-21T02:32:00Z", "last_utc": "2026-07-21T05:12:00Z", "detections": 10, "frp_max_mw": 35.3, "frp_total_mw": 116.0, "pixel_area_ha": 98.4, "status": "out", "fire_class": "forest", "official_area_ha": 35.0, "perimeter_id": "562617", "municipality": "Jabugo", "province": "Huelva", "region": "Andalucía", "muni_dist_km": 7.32}}, {"type": "Feature", "geometry": {"type": "Point", "coordinates": [-5.9682, 36.6243]}, "properties": {"id": "de9b141c7739", "ine": "11020", "first_utc": "2026-06-09T12:34:00Z", "last_utc": "2026-06-09T12:55:00Z", "detections": 4, "frp_max_mw": 35.2, "frp_total_mw": 69.8, "pixel_area_ha": 42.2, "status": "out", "fire_class": "likely_agricultural", "municipality": "Jerez de la Frontera", "province": "Cádiz", "region": "Andalucía", "muni_dist_km": 6.32}}, {"type": "Feature", "geometry": {"type": "Point", "coordinates": [-5.8762, 39.1635]}, "properties": {"id": "622a079d99ac", "ine": "10073", "first_utc": "2026-07-18T14:03:00Z", "last_utc": "2026-07-18T14:03:00Z", "detections": 2, "frp_max_mw": 34.8, "frp_total_mw": 44.6, "pixel_area_ha": 28.1, "status": "out", "fire_class": "likely_agricultural", "municipality": "Escurial", "province": "Cáceres", "region": "Extremadura", "muni_dist_km": 3.56}}, {"type": "Feature", "geometry": {"type": "Point", "coordinates": [-6.8847, 37.3957]}, "properties": {"id": "4aa5b1000bf1", "ine": "21070", "first_utc": "2026-06-01T12:51:00Z", "last_utc": "2026-06-01T15:39:00Z", "detections": 4, "frp_max_mw": 34.6, "frp_total_mw": 118.3, "pixel_area_ha": 56.2, "status": "out", "fire_class": "likely_agricultural", "municipality": "Trigueros", "province": "Huelva", "region": "Andalucía", "muni_dist_km": 3.26}}, {"type": "Feature", "geometry": {"type": "Point", "coordinates": [-4.8404, 37.7398]}, "properties": {"id": "0cbb7ba5fdfb", "ine": "14065", "first_utc": "2026-06-21T20:59:00Z", "last_utc": "2026-06-21T20:59:00Z", "detections": 1, "frp_max_mw": 34.2, "frp_total_mw": 34.2, "pixel_area_ha": 14.1, "status": "out", "fire_class": "forest", "municipality": "La Victoria", "province": "Córdoba", "region": "Andalucía", "muni_dist_km": 4.96}}, {"type": "Feature", "geometry": {"type": "Point", "coordinates": [-3.3643, 39.0104]}, "properties": {"id": "1d8d6c55e8bc", "ine": "13053", "first_utc": "2026-07-07T13:16:00Z", "last_utc": "2026-07-07T13:16:00Z", "detections": 1, "frp_max_mw": 34.2, "frp_total_mw": 34.2, "pixel_area_ha": 14.1, "status": "out", "fire_class": "likely_agricultural", "municipality": "Manzanares", "province": "Ciudad Real", "region": "Castilla-La Mancha", "muni_dist_km": 2.16}}, {"type": "Feature", "geometry": {"type": "Point", "coordinates": [-5.1331, 37.5089]}, "properties": {"id": "e527dc2841a5", "ine": "41039", "first_utc": "2026-06-13T12:25:00Z", "last_utc": "2026-06-13T14:05:00Z", "detections": 8, "frp_max_mw": 34.1, "frp_total_mw": 154.2, "pixel_area_ha": 70.3, "status": "out", "fire_class": "likely_agricultural", "municipality": "Écija", "province": "Sevilla", "region": "Andalucía", "muni_dist_km": 3.24}}, {"type": "Feature", "geometry": {"type": "Point", "coordinates": [-8.0704, 43.2349]}, "properties": {"id": "c90f941c5748", "ine": "15003", "first_utc": "2026-07-03T14:33:00Z", "last_utc": "2026-07-03T14:33:00Z", "detections": 2, "frp_max_mw": 34.1, "frp_total_mw": 67.9, "pixel_area_ha": 28.1, "status": "out", "fire_class": "forest", "official_area_ha": 4.0, "perimeter_id": "555522", "municipality": "Aranga", "province": "A Coruña", "region": "Galicia", "muni_dist_km": 4.86}}, {"type": "Feature", "geometry": {"type": "Point", "coordinates": [-9.0231, 43.1627]}, "properties": {"id": "7961c8a466b9", "ine": "15040", "first_utc": "2026-07-12T02:00:00Z", "last_utc": "2026-07-12T15:26:00Z", "detections": 122, "frp_max_mw": 34.1, "frp_total_mw": 714.1, "pixel_area_ha": 899.8, "status": "out", "fire_class": "forest", "official_area_ha": 243.0, "perimeter_id": "561228", "municipality": "Laxe", "province": "A Coruña", "region": "Galicia", "muni_dist_km": 1.24}}, {"type": "Feature", "geometry": {"type": "Point", "coordinates": [-6.3315, 39.9159]}, "properties": {"id": "96a3a2990666", "ine": "10155", "first_utc": "2026-07-17T02:41:00Z", "last_utc": "2026-07-17T04:17:00Z", "detections": 7, "frp_max_mw": 33.7, "frp_total_mw": 143.5, "pixel_area_ha": 84.4, "status": "out", "fire_class": "forest", "municipality": "Riolobos", "province": "Cáceres", "region": "Extremadura", "muni_dist_km": 0.66}}, {"type": "Feature", "geometry": {"type": "Point", "coordinates": [-7.0216, 37.3254]}, "properties": {"id": "7f7396f721b1", "ine": "21002", "first_utc": "2026-06-01T21:04:00Z", "last_utc": "2026-06-01T21:04:00Z", "detections": 1, "frp_max_mw": 33.5, "frp_total_mw": 33.5, "pixel_area_ha": 14.1, "status": "out", "fire_class": "forest", "municipality": "Aljaraque", "province": "Huelva", "region": "Andalucía", "muni_dist_km": 4.89}}, {"type": "Feature", "geometry": {"type": "Point", "coordinates": [-5.4405, 42.3425]}, "properties": {"id": "8d41fb8100ec", "ine": "24107", "first_utc": "2026-07-09T10:11:00Z", "last_utc": "2026-07-09T10:11:00Z", "detections": 2, "frp_max_mw": 33.4, "frp_total_mw": 65.1, "pixel_area_ha": 28.1, "status": "out", "fire_class": "likely_agricultural", "municipality": "Pajares de los Oteros", "province": "León", "region": "Castilla y León", "muni_dist_km": 1.3}}, {"type": "Feature", "geometry": {"type": "Point", "coordinates": [-2.8186, 42.7317]}, "properties": {"id": "02bd1f8c3c52", "ine": "09276", "first_utc": "2026-07-24T14:52:00Z", "last_utc": "2026-07-24T14:52:00Z", "detections": 1, "frp_max_mw": 33.1, "frp_total_mw": 33.1, "pixel_area_ha": 14.1, "status": "out", "fire_class": "forest", "official_area_ha": 400.0, "municipality": "La Puebla de Arganzón", "province": "Burgos", "region": "Castilla y León", "muni_dist_km": 4.56}}, {"type": "Feature", "geometry": {"type": "Point", "coordinates": [-4.3914, 41.9416]}, "properties": {"id": "4c4bb479291e", "ine": "34146", "first_utc": "2026-07-09T15:12:00Z", "last_utc": "2026-07-09T15:12:00Z", "detections": 1, "frp_max_mw": 33.0, "frp_total_mw": 33.0, "pixel_area_ha": 14.1, "status": "out", "fire_class": "forest", "official_area_ha": 72.0, "municipality": "Reinoso de Cerrato", "province": "Palencia", "region": "Castilla y León", "muni_dist_km": 2.13}}, {"type": "Feature", "geometry": {"type": "Point", "coordinates": [-2.9417, 40.8008]}, "properties": {"id": "65fe85016fbc", "ine": "19196", "first_utc": "2026-07-18T14:03:00Z", "last_utc": "2026-07-18T14:03:00Z", "detections": 5, "frp_max_mw": 32.9, "frp_total_mw": 113.8, "pixel_area_ha": 70.3, "status": "out", "fire_class": "agricultural", "official_area_ha": 50.0, "perimeter_id": "562529", "municipality": "Muduex", "province": "Guadalajara", "region": "Castilla-La Mancha", "muni_dist_km": 1.38}}, {"type": "Feature", "geometry": {"type": "Point", "coordinates": [-3.5817, 40.3434]}, "properties": {"id": "11ba9a889ef5", "ine": "28123", "first_utc": "2026-07-04T15:16:00Z", "last_utc": "2026-07-04T15:16:00Z", "detections": 3, "frp_max_mw": 32.8, "frp_total_mw": 68.9, "pixel_area_ha": 42.2, "status": "out", "fire_class": "likely_agricultural", "municipality": "Rivas-Vaciamadrid", "province": "Madrid", "region": "Comunidad de Madrid", "muni_dist_km": 4.17}}, {"type": "Feature", "geometry": {"type": "Point", "coordinates": [-1.6874, 41.968]}, "properties": {"id": "e219e280eb71", "ine": "31173", "first_utc": "2026-07-15T20:17:00Z", "last_utc": "2026-07-16T03:19:00Z", "detections": 10, "frp_max_mw": 32.6, "frp_total_mw": 90.8, "pixel_area_ha": 70.3, "status": "out", "fire_class": "forest", "municipality": "Monteagudo", "province": "Navarra", "region": "Comunidad Foral de Navarra", "muni_dist_km": 1.05}}, {"type": "Feature", "geometry": {"type": "Point", "coordinates": [-4.2816, 38.6257]}, "properties": {"id": "0e0b7cc019ab", "ine": "13026", "first_utc": "2026-06-11T13:04:00Z", "last_utc": "2026-06-11T13:38:00Z", "detections": 2, "frp_max_mw": 32.5, "frp_total_mw": 36.2, "pixel_area_ha": 28.1, "status": "out", "fire_class": "forest", "official_area_ha": 5.0, "perimeter_id": "510764", "municipality": "Cabezarrubias del Puerto", "province": "Ciudad Real", "region": "Castilla-La Mancha", "muni_dist_km": 7.65}}, {"type": "Feature", "geometry": {"type": "Point", "coordinates": [-5.5309, 38.6385]}, "properties": {"id": "c9d15bcb65d1", "ine": "06047", "first_utc": "2026-06-28T14:46:00Z", "last_utc": "2026-06-28T14:46:00Z", "detections": 1, "frp_max_mw": 32.3, "frp_total_mw": 32.3, "pixel_area_ha": 14.1, "status": "out", "fire_class": "likely_agricultural", "municipality": "Esparragosa de la Serena", "province": "Badajoz", "region": "Extremadura", "muni_dist_km": 6.26}}, {"type": "Feature", "geometry": {"type": "Point", "coordinates": [0.643, 42.5763]}, "properties": {"id": "e592d240aaf2", "ine": "22157", "first_utc": "2026-07-17T08:52:00Z", "last_utc": "2026-07-17T14:05:00Z", "detections": 9, "frp_max_mw": 32.1, "frp_total_mw": 145.7, "pixel_area_ha": 84.4, "status": "out", "fire_class": "forest", "official_area_ha": 24.0, "perimeter_id": "561819", "municipality": "Montanuy", "province": "Huesca", "region": "Aragón", "muni_dist_km": 4.69}}, {"type": "Feature", "geometry": {"type": "Point", "coordinates": [-7.9441, 42.3442]}, "properties": {"id": "2cf05ec17543", "ine": "32054", "first_utc": "2026-07-13T13:04:00Z", "last_utc": "2026-07-13T13:57:00Z", "detections": 3, "frp_max_mw": 32.0, "frp_total_mw": 47.3, "pixel_area_ha": 14.1, "status": "out", "fire_class": "forest", "official_area_ha": 3.0, "perimeter_id": "561541", "municipality": "Ourense", "province": "Ourense", "region": "Galicia", "muni_dist_km": 4.44}}, {"type": "Feature", "geometry": {"type": "Point", "coordinates": [-5.4458, 42.3399]}, "properties": {"id": "67254256007b", "ine": "24107", "first_utc": "2026-07-19T10:09:00Z", "last_utc": "2026-07-19T10:09:00Z", "detections": 1, "frp_max_mw": 32.0, "frp_total_mw": 32.0, "pixel_area_ha": 14.1, "status": "out", "fire_class": "forest", "official_area_ha": 0.02, "municipality": "Pajares de los Oteros", "province": "León", "region": "Castilla y León", "muni_dist_km": 0.94}}, {"type": "Feature", "geometry": {"type": "Point", "coordinates": [-4.7953, 37.7391]}, "properties": {"id": "7711919a45b0", "ine": "14065", "first_utc": "2026-07-05T12:14:00Z", "last_utc": "2026-07-05T13:55:00Z", "detections": 8, "frp_max_mw": 31.8, "frp_total_mw": 117.3, "pixel_area_ha": 56.2, "status": "out", "fire_class": "likely_agricultural", "municipality": "La Victoria", "province": "Córdoba", "region": "Andalucía", "muni_dist_km": 6.68}}, {"type": "Feature", "geometry": {"type": "Point", "coordinates": [-6.7651, 37.236]}, "properties": {"id": "8e396a94d373", "ine": "21046", "first_utc": "2026-07-13T13:04:00Z", "last_utc": "2026-07-13T13:57:00Z", "detections": 3, "frp_max_mw": 31.7, "frp_total_mw": 49.4, "pixel_area_ha": 28.1, "status": "out", "fire_class": "forest", "official_area_ha": 184.0, "perimeter_id": "561457", "municipality": "Lucena del Puerto", "province": "Huelva", "region": "Andalucía", "muni_dist_km": 2.95}}, {"type": "Feature", "geometry": {"type": "Point", "coordinates": [-5.0643, 36.4925]}, "properties": {"id": "1c3635864906", "ine": "29023", "first_utc": "2026-07-09T21:14:00Z", "last_utc": "2026-07-10T02:38:00Z", "detections": 8, "frp_max_mw": 31.6, "frp_total_mw": 87.2, "pixel_area_ha": 112.5, "status": "out", "fire_class": "forest", "official_area_ha": 185.0, "perimeter_id": "561233", "municipality": "Benahavís", "province": "Málaga", "region": "Andalucía", "muni_dist_km": 5.75}}, {"type": "Feature", "geometry": {"type": "Point", "coordinates": [-2.6885, 39.9887]}, "properties": {"id": "b29c7f34f918", "ine": "16901", "first_utc": "2026-07-16T14:42:00Z", "last_utc": "2026-07-16T14:42:00Z", "detections": 1, "frp_max_mw": 31.6, "frp_total_mw": 31.6, "pixel_area_ha": 14.1, "status": "out", "fire_class": "likely_agricultural", "municipality": "Campos del Paraíso", "province": "Cuenca", "region": "Castilla-La Mancha", "muni_dist_km": 4.28}}, {"type": "Feature", "geometry": {"type": "Point", "coordinates": [-0.4872, 39.4653]}, "properties": {"id": "246ea79b43ba", "ine": "46102", "first_utc": "2026-07-26T00:58:00Z", "last_utc": "2026-07-26T13:14:00Z", "detections": 17, "frp_max_mw": 31.6, "frp_total_mw": 165.0, "pixel_area_ha": 140.6, "status": "out", "fire_class": "forest", "municipality": "Quart de Poblet", "province": "València/Valencia", "region": "Comunitat Valenciana", "muni_dist_km": 0.2}}, {"type": "Feature", "geometry": {"type": "Point", "coordinates": [-6.7424, 38.651]}, "properties": {"id": "942449f83980", "ine": "06131", "first_utc": "2026-07-20T12:32:00Z", "last_utc": "2026-07-20T12:32:00Z", "detections": 3, "frp_max_mw": 31.5, "frp_total_mw": 49.9, "pixel_area_ha": 42.2, "status": "out", "fire_class": "likely_agricultural", "municipality": "Torre de Miguel Sesmero", "province": "Badajoz", "region": "Extremadura", "muni_dist_km": 1.59}}, {"type": "Feature", "geometry": {"type": "Point", "coordinates": [-5.8898, 41.8051]}, "properties": {"id": "9316df46f4e7", "ine": "49164", "first_utc": "2026-07-09T10:11:00Z", "last_utc": "2026-07-09T10:11:00Z", "detections": 2, "frp_max_mw": 31.4, "frp_total_mw": 53.8, "pixel_area_ha": 28.1, "status": "out", "fire_class": "likely_agricultural", "municipality": "Pozuelo de Tábara", "province": "Zamora", "region": "Castilla y León", "muni_dist_km": 2.99}}, {"type": "Feature", "geometry": {"type": "Point", "coordinates": [-5.526, 37.54]}, "properties": {"id": "2287153accf1", "ine": "41022", "first_utc": "2026-07-19T13:46:00Z", "last_utc": "2026-07-19T13:46:00Z", "detections": 1, "frp_max_mw": 31.4, "frp_total_mw": 31.4, "pixel_area_ha": 14.1, "status": "out", "fire_class": "likely_agricultural", "municipality": "La Campana", "province": "Sevilla", "region": "Andalucía", "muni_dist_km": 10.59}}, {"type": "Feature", "geometry": {"type": "Point", "coordinates": [-4.7836, 41.6812]}, "properties": {"id": "4a5edd063fa2", "ine": "47186", "first_utc": "2026-07-08T20:36:00Z", "last_utc": "2026-07-08T20:36:00Z", "detections": 2, "frp_max_mw": 31.0, "frp_total_mw": 43.1, "pixel_area_ha": 28.1, "status": "out", "fire_class": "forest", "official_area_ha": 0.01, "municipality": "Valladolid", "province": "Valladolid", "region": "Castilla y León", "muni_dist_km": 2.27}}, {"type": "Feature", "geometry": {"type": "Point", "coordinates": [-5.2891, 39.1298]}, "properties": {"id": "8ae7eb45c775", "ine": "06033", "first_utc": "2026-07-01T13:27:00Z", "last_utc": "2026-07-01T14:03:00Z", "detections": 3, "frp_max_mw": 30.8, "frp_total_mw": 50.2, "pixel_area_ha": 42.2, "status": "out", "fire_class": "likely_agricultural", "municipality": "Casas de Don Pedro", "province": "Badajoz", "region": "Extremadura", "muni_dist_km": 5.43}}, {"type": "Feature", "geometry": {"type": "Point", "coordinates": [-6.9296, 42.6947]}, "properties": {"id": "20fb6dc532e9", "ine": "24009", "first_utc": "2026-07-26T12:55:00Z", "last_utc": "2026-07-26T14:37:00Z", "detections": 7, "frp_max_mw": 30.8, "frp_total_mw": 147.7, "pixel_area_ha": 56.2, "status": "out", "fire_class": "forest", "municipality": "Balboa", "province": "León", "region": "Castilla y León", "muni_dist_km": 1.98}}, {"type": "Feature", "geometry": {"type": "Point", "coordinates": [1.8565, 41.7587]}, "properties": {"id": "2bf27754f123", "ine": "08213", "first_utc": "2026-06-16T12:04:00Z", "last_utc": "2026-06-16T12:23:00Z", "detections": 3, "frp_max_mw": 30.6, "frp_total_mw": 51.0, "pixel_area_ha": 28.1, "status": "out", "fire_class": "agricultural", "municipality": "Sant Fruitós de Bages", "province": "Barcelona", "region": "Cataluña", "muni_dist_km": 1.13}}, {"type": "Feature", "geometry": {"type": "Point", "coordinates": [-0.4926, 41.8672]}, "properties": {"id": "cceee2a2fb8a", "ine": "22197", "first_utc": "2026-07-01T20:59:00Z", "last_utc": "2026-07-01T20:59:00Z", "detections": 1, "frp_max_mw": 30.4, "frp_total_mw": 30.4, "pixel_area_ha": 14.1, "status": "out", "fire_class": "forest", "municipality": "Robres", "province": "Huesca", "region": "Aragón", "muni_dist_km": 1.53}}, {"type": "Feature", "geometry": {"type": "Point", "coordinates": [-5.5033, 43.0718]}, "properties": {"id": "0b7fa62fe2a4", "ine": "33002", "first_utc": "2026-06-16T01:45:00Z", "last_utc": "2026-06-16T15:22:00Z", "detections": 10, "frp_max_mw": 30.3, "frp_total_mw": 110.3, "pixel_area_ha": 56.2, "status": "out", "fire_class": "forest", "official_area_ha": 28.0, "perimeter_id": "519441", "municipality": "Aller", "province": "Asturias", "region": "Principado de Asturias", "muni_dist_km": 8.05}}, {"type": "Feature", "geometry": {"type": "Point", "coordinates": [-3.6753, 42.2396]}, "properties": {"id": "9ef5d9e1ab02", "ine": "09315", "first_utc": "2026-07-22T13:36:00Z", "last_utc": "2026-07-22T13:36:00Z", "detections": 2, "frp_max_mw": 30.2, "frp_total_mw": 33.2, "pixel_area_ha": 28.1, "status": "out", "fire_class": "forest", "official_area_ha": 14.58, "municipality": "Revillarruz", "province": "Burgos", "region": "Castilla y León", "muni_dist_km": 1.64}}, {"type": "Feature", "geometry": {"type": "Point", "coordinates": [-6.4624, 42.5428]}, "properties": {"id": "dbda202cfc38", "ine": "24100", "first_utc": "2026-06-24T21:18:00Z", "last_utc": "2026-06-24T21:18:00Z", "detections": 1, "frp_max_mw": 30.1, "frp_total_mw": 30.1, "pixel_area_ha": 14.1, "status": "out", "fire_class": "forest", "municipality": "Molinaseca", "province": "León", "region": "Castilla y León", "muni_dist_km": 1.91}}, {"type": "Feature", "geometry": {"type": "Point", "coordinates": [-1.975, 37.2419]}, "properties": {"id": "06e4ff7da5d2", "ine": "04016", "first_utc": "2026-06-30T09:17:00Z", "last_utc": "2026-06-30T12:06:00Z", "detections": 5, "frp_max_mw": 29.7, "frp_total_mw": 86.0, "pixel_area_ha": 70.3, "status": "out", "fire_class": "mixed", "official_area_ha": 8.0, "perimeter_id": "549704", "municipality": "Antas", "province": "Almería", "region": "Andalucía", "muni_dist_km": 1.47}}, {"type": "Feature", "geometry": {"type": "Point", "coordinates": [-4.7836, 39.725]}, "properties": {"id": "9c3c532b0e7c", "ine": "45146", "first_utc": "2026-07-18T20:34:00Z", "last_utc": "2026-07-19T03:10:00Z", "detections": 17, "frp_max_mw": 29.7, "frp_total_mw": 75.0, "pixel_area_ha": 154.7, "status": "out", "fire_class": "mixed", "official_area_ha": 81.0, "perimeter_id": "561714", "municipality": "Retamoso de la Jara", "province": "Toledo", "region": "Castilla-La Mancha", "muni_dist_km": 1.44}}, {"type": "Feature", "geometry": {"type": "Point", "coordinates": [-4.967, 37.8952]}, "properties": {"id": "9c944415a4e8", "ine": "14005", "first_utc": "2026-06-20T12:29:00Z", "last_utc": "2026-06-20T13:33:00Z", "detections": 25, "frp_max_mw": 29.6, "frp_total_mw": 271.3, "pixel_area_ha": 239.0, "status": "out", "fire_class": "agricultural", "official_area_ha": 186.0, "perimeter_id": "527105", "municipality": "Almodóvar del Río", "province": "Córdoba", "region": "Andalucía", "muni_dist_km": 6.61}}, {"type": "Feature", "geometry": {"type": "Point", "coordinates": [-5.1731, 41.8248]}, "properties": {"id": "0146a39c939c", "ine": "47164", "first_utc": "2026-07-02T14:03:00Z", "last_utc": "2026-07-02T14:03:00Z", "detections": 4, "frp_max_mw": 29.6, "frp_total_mw": 71.4, "pixel_area_ha": 56.2, "status": "out", "fire_class": "forest", "official_area_ha": 70.0, "perimeter_id": "555520", "municipality": "Tordehumos", "province": "Valladolid", "region": "Castilla y León", "muni_dist_km": 2.13}}, {"type": "Feature", "geometry": {"type": "Point", "coordinates": [-0.3078, 42.2277]}, "properties": {"id": "2863ff0efeda", "ine": "22150", "first_utc": "2026-07-04T19:40:00Z", "last_utc": "2026-07-04T19:40:00Z", "detections": 1, "frp_max_mw": 29.6, "frp_total_mw": 29.6, "pixel_area_ha": 14.1, "status": "out", "fire_class": "forest", "municipality": "Loporzano", "province": "Huesca", "region": "Aragón", "muni_dist_km": 1.29}}, {"type": "Feature", "geometry": {"type": "Point", "coordinates": [2.1059, 41.644]}, "properties": {"id": "022fb7ed9280", "ine": "08051", "first_utc": "2026-07-06T19:19:00Z", "last_utc": "2026-07-06T19:19:00Z", "detections": 1, "frp_max_mw": 29.4, "frp_total_mw": 29.4, "pixel_area_ha": 14.1, "status": "out", "fire_class": "urban", "municipality": "Castellar del Vallès", "province": "Barcelona", "region": "Cataluña", "muni_dist_km": 3.55}}, {"type": "Feature", "geometry": {"type": "Point", "coordinates": [-5.1165, 42.364]}, "properties": {"id": "2eca5b29befc", "ine": "24018", "first_utc": "2026-07-11T14:48:00Z", "last_utc": "2026-07-11T14:48:00Z", "detections": 2, "frp_max_mw": 29.2, "frp_total_mw": 51.6, "pixel_area_ha": 28.1, "status": "out", "fire_class": "forest", "official_area_ha": 0.01, "municipality": "Bercianos del Real Camino", "province": "León", "region": "Castilla y León", "muni_dist_km": 3.44}}, {"type": "Feature", "geometry": {"type": "Point", "coordinates": [-6.2085, 37.5373]}, "properties": {"id": "839750b8f463", "ine": "41045", "first_utc": "2026-06-24T15:29:00Z", "last_utc": "2026-06-24T15:29:00Z", "detections": 1, "frp_max_mw": 29.1, "frp_total_mw": 29.1, "pixel_area_ha": 14.1, "status": "out", "fire_class": "likely_agricultural", "municipality": "Gerena", "province": "Sevilla", "region": "Andalucía", "muni_dist_km": 3.78}}, {"type": "Feature", "geometry": {"type": "Point", "coordinates": [-3.445, 38.4367]}, "properties": {"id": "ecc030833316", "ine": "13016", "first_utc": "2026-07-27T15:07:00Z", "last_utc": "2026-07-27T15:07:00Z", "detections": 1, "frp_max_mw": 29.1, "frp_total_mw": 29.1, "pixel_area_ha": 14.1, "status": "dying_down", "fire_class": "likely_agricultural", "municipality": "Almuradiel", "province": "Ciudad Real", "region": "Castilla-La Mancha", "muni_dist_km": 5.23}}, {"type": "Feature", "geometry": {"type": "Point", "coordinates": [-4.795, 40.5457]}, "properties": {"id": "97daa3d2c265", "ine": "05130", "first_utc": "2026-06-04T13:36:00Z", "last_utc": "2026-06-04T13:36:00Z", "detections": 1, "frp_max_mw": 29.0, "frp_total_mw": 29.0, "pixel_area_ha": 14.1, "status": "out", "fire_class": "likely_agricultural", "municipality": "Mironcillo", "province": "Ávila", "region": "Castilla y León", "muni_dist_km": 2.58}}, {"type": "Feature", "geometry": {"type": "Point", "coordinates": [-3.5785, 40.0699]}, "properties": {"id": "4f9bedc15b93", "ine": "45161", "first_utc": "2026-06-21T09:56:00Z", "last_utc": "2026-06-21T09:56:00Z", "detections": 1, "frp_max_mw": 29.0, "frp_total_mw": 29.0, "pixel_area_ha": 14.1, "status": "out", "fire_class": "likely_agricultural", "municipality": "Seseña", "province": "Toledo", "region": "Castilla-La Mancha", "muni_dist_km": 7.85}}, {"type": "Feature", "geometry": {"type": "Point", "coordinates": [-4.8545, 37.7378]}, "properties": {"id": "fea57853dbc9", "ine": "14065", "first_utc": "2026-06-21T20:59:00Z", "last_utc": "2026-06-22T02:30:00Z", "detections": 4, "frp_max_mw": 28.9, "frp_total_mw": 33.7, "pixel_area_ha": 56.2, "status": "out", "fire_class": "forest", "municipality": "La Victoria", "province": "Córdoba", "region": "Andalucía", "muni_dist_km": 4.15}}, {"type": "Feature", "geometry": {"type": "Point", "coordinates": [-4.2821, 43.09]}, "properties": {"id": "8b26296de253", "ine": "39032", "first_utc": "2026-06-24T01:32:00Z", "last_utc": "2026-06-24T14:01:00Z", "detections": 33, "frp_max_mw": 28.6, "frp_total_mw": 307.1, "pixel_area_ha": 168.7, "status": "out", "fire_class": "forest", "official_area_ha": 37.0, "perimeter_id": "530839", "municipality": "Hermandad de Campoo de Suso", "province": "Cantabria", "region": "Cantabria", "muni_dist_km": 7.03}}, {"type": "Feature", "geometry": {"type": "Point", "coordinates": [-4.9346, 39.8077]}, "properties": {"id": "b5b9f6c2019e", "ine": "45020", "first_utc": "2026-06-05T13:50:00Z", "last_utc": "2026-06-05T14:10:00Z", "detections": 7, "frp_max_mw": 28.5, "frp_total_mw": 116.2, "pixel_area_ha": 84.4, "status": "out", "fire_class": "likely_agricultural", "municipality": "Belvís de la Jara", "province": "Toledo", "region": "Castilla-La Mancha", "muni_dist_km": 6.01}}, {"type": "Feature", "geometry": {"type": "Point", "coordinates": [-7.2082, 37.3118]}, "properties": {"id": "f4aaa1a297e3", "ine": "21044", "first_utc": "2026-06-07T12:38:00Z", "last_utc": "2026-06-07T14:18:00Z", "detections": 16, "frp_max_mw": 28.5, "frp_total_mw": 232.5, "pixel_area_ha": 112.5, "status": "out", "fire_class": "forest", "official_area_ha": 47.0, "perimeter_id": "504472", "municipality": "Lepe", "province": "Huelva", "region": "Andalucía", "muni_dist_km": 3.37}}, {"type": "Feature", "geometry": {"type": "Point", "coordinates": [-5.8914, 39.4393]}, "properties": {"id": "02c2677197e3", "ine": "10069", "first_utc": "2026-06-03T14:27:00Z", "last_utc": "2026-06-03T15:16:00Z", "detections": 2, "frp_max_mw": 28.4, "frp_total_mw": 34.2, "pixel_area_ha": 14.1, "status": "out", "fire_class": "likely_agricultural", "municipality": "La Cumbre", "province": "Cáceres", "region": "Extremadura", "muni_dist_km": 9.37}}, {"type": "Feature", "geometry": {"type": "Point", "coordinates": [-0.8978, 42.1425]}, "properties": {"id": "790499514625", "ine": "50151", "first_utc": "2026-06-13T13:21:00Z", "last_utc": "2026-06-13T13:21:00Z", "detections": 1, "frp_max_mw": 28.4, "frp_total_mw": 28.4, "pixel_area_ha": 14.1, "status": "out", "fire_class": "likely_agricultural", "municipality": "Luna", "province": "Zaragoza", "region": "Aragón", "muni_dist_km": 3.26}}, {"type": "Feature", "geometry": {"type": "Point", "coordinates": [-5.7313, 43.5262]}, "properties": {"id": "f77c2de0206d", "ine": "33024", "first_utc": "2026-06-21T09:56:00Z", "last_utc": "2026-06-27T03:19:00Z", "detections": 103, "frp_max_mw": 28.4, "frp_total_mw": 673.4, "pixel_area_ha": 225.0, "status": "out", "fire_class": "forest", "municipality": "Gijón", "province": "Asturias", "region": "Principado de Asturias", "muni_dist_km": 4.34}}, {"type": "Feature", "geometry": {"type": "Point", "coordinates": [-6.3838, 39.4487]}, "properties": {"id": "efd7e2a653b5", "ine": "10115", "first_utc": "2026-07-21T12:51:00Z", "last_utc": "2026-07-21T12:51:00Z", "detections": 4, "frp_max_mw": 28.0, "frp_total_mw": 76.8, "pixel_area_ha": 28.1, "status": "out", "fire_class": "likely_agricultural", "municipality": "Malpartida de Cáceres", "province": "Cáceres", "region": "Extremadura", "muni_dist_km": 9.86}}, {"type": "Feature", "geometry": {"type": "Point", "coordinates": [-5.7319, 43.5261]}, "properties": {"id": "4f93c79d2fb5", "ine": "33024", "first_utc": "2026-06-10T02:00:00Z", "last_utc": "2026-06-15T02:58:00Z", "detections": 94, "frp_max_mw": 27.9, "frp_total_mw": 346.7, "pixel_area_ha": 196.8, "status": "out", "fire_class": "forest", "municipality": "Gijón", "province": "Asturias", "region": "Principado de Asturias", "muni_dist_km": 4.13}}, {"type": "Feature", "geometry": {"type": "Point", "coordinates": [-0.0815, 40.8461]}, "properties": {"id": "d1cf0098b866", "ine": "44077", "first_utc": "2026-07-23T20:34:00Z", "last_utc": "2026-07-24T02:11:00Z", "detections": 3, "frp_max_mw": 27.8, "frp_total_mw": 42.9, "pixel_area_ha": 42.2, "status": "out", "fire_class": "forest", "municipality": "La Cerollera", "province": "Teruel", "region": "Aragón", "muni_dist_km": 1.68}}, {"type": "Feature", "geometry": {"type": "Point", "coordinates": [-3.0407, 42.5792]}, "properties": {"id": "a0fb646785ba", "ine": "26155", "first_utc": "2026-07-09T15:12:00Z", "last_utc": "2026-07-09T15:12:00Z", "detections": 2, "frp_max_mw": 27.7, "frp_total_mw": 42.9, "pixel_area_ha": 28.1, "status": "out", "fire_class": "likely_agricultural", "municipality": "Treviana", "province": "La Rioja", "region": "La Rioja", "muni_dist_km": 2.34}}, {"type": "Feature", "geometry": {"type": "Point", "coordinates": [-5.5143, 38.6376]}, "properties": {"id": "e470b3647d9d", "ine": "06018", "first_utc": "2026-06-01T12:53:00Z", "last_utc": "2026-06-01T12:53:00Z", "detections": 9, "frp_max_mw": 27.6, "frp_total_mw": 117.1, "pixel_area_ha": 112.5, "status": "out", "fire_class": "likely_agricultural", "municipality": "Benquerencia de la Serena", "province": "Badajoz", "region": "Extremadura", "muni_dist_km": 5.73}}, {"type": "Feature", "geometry": {"type": "Point", "coordinates": [-6.0515, 37.3347]}, "properties": {"id": "f542a3722ae1", "ine": "41044", "first_utc": "2026-06-13T12:25:00Z", "last_utc": "2026-06-13T14:40:00Z", "detections": 14, "frp_max_mw": 27.6, "frp_total_mw": 213.5, "pixel_area_ha": 154.7, "status": "out", "fire_class": "likely_agricultural", "municipality": "Gelves", "province": "Sevilla", "region": "Andalucía", "muni_dist_km": 0.38}}, {"type": "Feature", "geometry": {"type": "Point", "coordinates": [-6.8031, 42.7743]}, "properties": {"id": "ff806d81ebc4", "ine": "24196", "first_utc": "2026-06-25T02:17:00Z", "last_utc": "2026-06-26T02:00:00Z", "detections": 18, "frp_max_mw": 27.5, "frp_total_mw": 139.8, "pixel_area_ha": 140.6, "status": "out", "fire_class": "forest", "official_area_ha": 21.0, "perimeter_id": "534868", "municipality": "Vega de Espinareda", "province": "León", "region": "Castilla y León", "muni_dist_km": 5.54}}, {"type": "Feature", "geometry": {"type": "Point", "coordinates": [-0.12, 41.8173]}, "properties": {"id": "1116f3c14716", "ine": "22079", "first_utc": "2026-06-11T13:57:00Z", "last_utc": "2026-06-11T13:57:00Z", "detections": 2, "frp_max_mw": 27.4, "frp_total_mw": 54.8, "pixel_area_ha": 28.1, "status": "out", "fire_class": "likely_agricultural", "municipality": "Capdesaso", "province": "Huesca", "region": "Aragón", "muni_dist_km": 6.02}}, {"type": "Feature", "geometry": {"type": "Point", "coordinates": [-6.1894, 37.2333]}, "properties": {"id": "986d691ccc40", "ine": "41016", "first_utc": "2026-06-21T13:50:00Z", "last_utc": "2026-06-21T14:10:00Z", "detections": 7, "frp_max_mw": 27.4, "frp_total_mw": 123.0, "pixel_area_ha": 56.2, "status": "out", "fire_class": "forest", "official_area_ha": 24.0, "perimeter_id": "530847", "municipality": "Bollullos de la Mitación", "province": "Sevilla", "region": "Andalucía", "muni_dist_km": 9.18}}, {"type": "Feature", "geometry": {"type": "Point", "coordinates": [0.2347, 41.7605]}, "properties": {"id": "bd7896d7cbee", "ine": "22099", "first_utc": "2026-06-11T13:57:00Z", "last_utc": "2026-06-11T13:57:00Z", "detections": 3, "frp_max_mw": 27.3, "frp_total_mw": 70.3, "pixel_area_ha": 42.2, "status": "out", "fire_class": "likely_agricultural", "municipality": "Esplús", "province": "Huesca", "region": "Aragón", "muni_dist_km": 4.96}}, {"type": "Feature", "geometry": {"type": "Point", "coordinates": [-5.348, 41.7368]}, "properties": {"id": "f95970b66728", "ine": "47148", "first_utc": "2026-07-03T13:46:00Z", "last_utc": "2026-07-03T13:46:00Z", "detections": 1, "frp_max_mw": 27.3, "frp_total_mw": 27.3, "pixel_area_ha": 14.1, "status": "out", "fire_class": "forest", "official_area_ha": 3.0, "municipality": "San Pedro de Latarce", "province": "Valladolid", "region": "Castilla y León", "muni_dist_km": 0.67}}, {"type": "Feature", "geometry": {"type": "Point", "coordinates": [-4.3525, 40.4606]}, "properties": {"id": "784c2a3b4cb4", "ine": "05102", "first_utc": "2026-07-25T15:29:00Z", "last_utc": "2026-07-25T15:29:00Z", "detections": 1, "frp_max_mw": 27.1, "frp_total_mw": 27.1, "pixel_area_ha": 14.1, "status": "out", "fire_class": "likely_agricultural", "municipality": "El Hoyo de Pinares", "province": "Ávila", "region": "Castilla y León", "muni_dist_km": 6.55}}, {"type": "Feature", "geometry": {"type": "Point", "coordinates": [2.9893, 41.9018]}, "properties": {"id": "72f8da9668a3", "ine": "17901", "first_utc": "2026-07-03T14:40:00Z", "last_utc": "2026-07-03T14:40:00Z", "detections": 1, "frp_max_mw": 27.0, "frp_total_mw": 27.0, "pixel_area_ha": 14.1, "status": "out", "fire_class": "urban", "municipality": "Cruïlles, Monells i Sant Sadurní de l'Heura", "province": "Girona", "region": "Cataluña", "muni_dist_km": 2.51}}, {"type": "Feature", "geometry": {"type": "Point", "coordinates": [-6.9035, 37.2964]}, "properties": {"id": "85be958c5ceb", "ine": "21041", "first_utc": "2026-06-01T15:39:00Z", "last_utc": "2026-06-01T15:39:00Z", "detections": 1, "frp_max_mw": 26.9, "frp_total_mw": 26.9, "pixel_area_ha": 14.1, "status": "out", "fire_class": "likely_agricultural", "municipality": "Huelva", "province": "Huelva", "region": "Andalucía", "muni_dist_km": 3.51}}, {"type": "Feature", "geometry": {"type": "Point", "coordinates": [-2.4053, 42.3798]}, "properties": {"id": "e27fe43dbe9e", "ine": "26006", "first_utc": "2026-06-21T12:29:00Z", "last_utc": "2026-06-21T15:14:00Z", "detections": 14, "frp_max_mw": 26.8, "frp_total_mw": 169.2, "pixel_area_ha": 154.7, "status": "out", "fire_class": "agricultural", "official_area_ha": 58.0, "perimeter_id": "530843", "municipality": "Alberite", "province": "La Rioja", "region": "La Rioja", "muni_dist_km": 1.81}}, {"type": "Feature", "geometry": {"type": "Point", "coordinates": [-5.8307, 43.5388]}, "properties": {"id": "c07dff45bbfc", "ine": "33014", "first_utc": "2026-07-04T12:34:00Z", "last_utc": "2026-07-06T14:57:00Z", "detections": 23, "frp_max_mw": 26.8, "frp_total_mw": 131.5, "pixel_area_ha": 140.6, "status": "out", "fire_class": "forest", "municipality": "Carreño", "province": "Asturias", "region": "Principado de Asturias", "muni_dist_km": 3.11}}, {"type": "Feature", "geometry": {"type": "Point", "coordinates": [-8.1873, 42.2032]}, "properties": {"id": "0171d5cb1af9", "ine": "36014", "first_utc": "2026-07-15T15:44:00Z", "last_utc": "2026-07-15T15:44:00Z", "detections": 1, "frp_max_mw": 26.8, "frp_total_mw": 26.8, "pixel_area_ha": 14.1, "status": "out", "fire_class": "likely_agricultural", "municipality": "Crecente", "province": "Pontevedra", "region": "Galicia", "muni_dist_km": 2.7}}, {"type": "Feature", "geometry": {"type": "Point", "coordinates": [-1.4612, 39.1378]}, "properties": {"id": "2e4b2d1ea240", "ine": "02066", "first_utc": "2026-06-24T13:14:00Z", "last_utc": "2026-06-24T13:14:00Z", "detections": 4, "frp_max_mw": 26.6, "frp_total_mw": 98.6, "pixel_area_ha": 56.2, "status": "out", "fire_class": "likely_agricultural", "municipality": "La Recueja", "province": "Albacete", "region": "Castilla-La Mancha", "muni_dist_km": 0.98}}, {"type": "Feature", "geometry": {"type": "Point", "coordinates": [-7.3044, 42.67]}, "properties": {"id": "0f047fb173d4", "ine": "27055", "first_utc": "2026-07-11T20:57:00Z", "last_utc": "2026-07-11T20:57:00Z", "detections": 1, "frp_max_mw": 26.6, "frp_total_mw": 26.6, "pixel_area_ha": 14.1, "status": "out", "fire_class": "forest", "municipality": "Samos", "province": "Lugo", "region": "Galicia", "muni_dist_km": 5.19}}, {"type": "Feature", "geometry": {"type": "Point", "coordinates": [-3.6382, 38.7695]}, "properties": {"id": "7a352fdb5f52", "ine": "13058", "first_utc": "2026-06-08T15:12:00Z", "last_utc": "2026-06-08T15:12:00Z", "detections": 2, "frp_max_mw": 26.5, "frp_total_mw": 51.4, "pixel_area_ha": 28.1, "status": "out", "fire_class": "likely_agricultural", "municipality": "Moral de Calatrava", "province": "Ciudad Real", "region": "Castilla-La Mancha", "muni_dist_km": 4.52}}, {"type": "Feature", "geometry": {"type": "Point", "coordinates": [-1.3975, 40.9799]}, "properties": {"id": "c3d23b7ddab1", "ine": "44065", "first_utc": "2026-06-21T13:16:00Z", "last_utc": "2026-06-21T13:16:00Z", "detections": 2, "frp_max_mw": 26.2, "frp_total_mw": 38.3, "pixel_area_ha": 28.1, "status": "out", "fire_class": "agricultural", "official_area_ha": 15.0, "perimeter_id": "530846", "municipality": "Castejón de Tornos", "province": "Teruel", "region": "Aragón", "muni_dist_km": 2.77}}, {"type": "Feature", "geometry": {"type": "Point", "coordinates": [-4.2003, 39.9704]}, "properties": {"id": "b78377a8b4e3", "ine": "45147", "first_utc": "2026-07-01T14:03:00Z", "last_utc": "2026-07-01T14:25:00Z", "detections": 4, "frp_max_mw": 26.2, "frp_total_mw": 84.9, "pixel_area_ha": 56.2, "status": "out", "fire_class": "likely_agricultural", "municipality": "Rielves", "province": "Toledo", "region": "Castilla-La Mancha", "muni_dist_km": 2.76}}, {"type": "Feature", "geometry": {"type": "Point", "coordinates": [1.1892, 42.0061]}, "properties": {"id": "ba4bc204f8d2", "ine": "25042", "first_utc": "2026-07-18T13:46:00Z", "last_utc": "2026-07-18T14:05:00Z", "detections": 6, "frp_max_mw": 26.2, "frp_total_mw": 130.5, "pixel_area_ha": 84.4, "status": "out", "fire_class": "agricultural", "municipality": "La Baronia de Rialb", "province": "Lleida", "region": "Cataluña", "muni_dist_km": 2.18}}, {"type": "Feature", "geometry": {"type": "Point", "coordinates": [-4.1674, 40.2557]}, "properties": {"id": "374b1e42457e", "ine": "45099", "first_utc": "2026-06-05T13:50:00Z", "last_utc": "2026-06-05T14:10:00Z", "detections": 3, "frp_max_mw": 26.1, "frp_total_mw": 59.7, "pixel_area_ha": 42.2, "status": "out", "fire_class": "agricultural", "official_area_ha": 11.0, "perimeter_id": "504406", "municipality": "Méntrida", "province": "Toledo", "region": "Castilla-La Mancha", "muni_dist_km": 2.79}}, {"type": "Feature", "geometry": {"type": "Point", "coordinates": [-2.5509, 40.6046]}, "properties": {"id": "62ebbec5fca5", "ine": "19110", "first_utc": "2026-06-01T10:02:00Z", "last_utc": "2026-06-01T10:02:00Z", "detections": 2, "frp_max_mw": 25.9, "frp_total_mw": 51.0, "pixel_area_ha": 28.1, "status": "out", "fire_class": "likely_agricultural", "municipality": "Escamilla", "province": "Guadalajara", "region": "Castilla-La Mancha", "muni_dist_km": 5.47}}, {"type": "Feature", "geometry": {"type": "Point", "coordinates": [-6.4706, 38.6938]}, "properties": {"id": "fcba57896df0", "ine": "06002", "first_utc": "2026-06-16T14:03:00Z", "last_utc": "2026-06-16T14:03:00Z", "detections": 2, "frp_max_mw": 25.9, "frp_total_mw": 46.9, "pixel_area_ha": 14.1, "status": "out", "fire_class": "likely_agricultural", "municipality": "Aceuchal", "province": "Badajoz", "region": "Extremadura", "muni_dist_km": 3.77}}, {"type": "Feature", "geometry": {"type": "Point", "coordinates": [-3.8881, 38.8856]}, "properties": {"id": "2bd2090a555d", "ine": "13066", "first_utc": "2026-07-24T12:12:00Z", "last_utc": "2026-07-24T12:12:00Z", "detections": 2, "frp_max_mw": 25.6, "frp_total_mw": 51.2, "pixel_area_ha": 28.1, "status": "out", "fire_class": "likely_agricultural", "municipality": "Pozuelo de Calatrava", "province": "Ciudad Real", "region": "Castilla-La Mancha", "muni_dist_km": 3.8}}, {"type": "Feature", "geometry": {"type": "Point", "coordinates": [-4.0892, 38.6797]}, "properties": {"id": "1f3e7fa6b88e", "ine": "13071", "first_utc": "2026-06-27T13:38:00Z", "last_utc": "2026-06-27T13:57:00Z", "detections": 4, "frp_max_mw": 25.5, "frp_total_mw": 64.3, "pixel_area_ha": 42.2, "status": "out", "fire_class": "likely_agricultural", "municipality": "Puertollano", "province": "Ciudad Real", "region": "Castilla-La Mancha", "muni_dist_km": 3.99}}, {"type": "Feature", "geometry": {"type": "Point", "coordinates": [-6.8252, 38.8242]}, "properties": {"id": "948d99990b92", "ine": "06015", "first_utc": "2026-07-20T12:32:00Z", "last_utc": "2026-07-20T12:32:00Z", "detections": 2, "frp_max_mw": 25.5, "frp_total_mw": 32.0, "pixel_area_ha": 28.1, "status": "out", "fire_class": "likely_agricultural", "municipality": "Badajoz", "province": "Badajoz", "region": "Extremadura", "muni_dist_km": 5.39}}, {"type": "Feature", "geometry": {"type": "Point", "coordinates": [-6.7229, 38.651]}, "properties": {"id": "bbe3b9c36d54", "ine": "06131", "first_utc": "2026-06-24T12:53:00Z", "last_utc": "2026-06-24T13:59:00Z", "detections": 9, "frp_max_mw": 25.3, "frp_total_mw": 138.2, "pixel_area_ha": 112.5, "status": "out", "fire_class": "likely_agricultural", "municipality": "Torre de Miguel Sesmero", "province": "Badajoz", "region": "Extremadura", "muni_dist_km": 3.52}}, {"type": "Feature", "geometry": {"type": "Point", "coordinates": [-5.726, 41.8681]}, "properties": {"id": "33677a44243e", "ine": "49025", "first_utc": "2026-06-25T13:42:00Z", "last_utc": "2026-06-25T13:42:00Z", "detections": 1, "frp_max_mw": 25.2, "frp_total_mw": 25.2, "pixel_area_ha": 14.1, "status": "out", "fire_class": "forest", "official_area_ha": 20.0, "municipality": "Bretó", "province": "Zamora", "region": "Castilla y León", "muni_dist_km": 1.84}}, {"type": "Feature", "geometry": {"type": "Point", "coordinates": [-4.8025, 37.9699]}, "properties": {"id": "000964ac2589", "ine": "14047", "first_utc": "2026-07-24T14:52:00Z", "last_utc": "2026-07-24T14:52:00Z", "detections": 1, "frp_max_mw": 25.0, "frp_total_mw": 25.0, "pixel_area_ha": 14.1, "status": "out", "fire_class": "likely_agricultural", "municipality": "Obejo", "province": "Córdoba", "region": "Andalucía", "muni_dist_km": 12.14}}, {"type": "Feature", "geometry": {"type": "Point", "coordinates": [-6.5438, 37.2777]}, "properties": {"id": "f637d872d853", "ine": "21013", "first_utc": "2026-06-04T12:27:00Z", "last_utc": "2026-06-04T14:29:00Z", "detections": 8, "frp_max_mw": 24.9, "frp_total_mw": 89.5, "pixel_area_ha": 70.3, "status": "out", "fire_class": "likely_agricultural", "municipality": "Bollullos Par del Condado", "province": "Huelva", "region": "Andalucía", "muni_dist_km": 5.72}}, {"type": "Feature", "geometry": {"type": "Point", "coordinates": [-5.4593, 42.3426]}, "properties": {"id": "acae66a9c12e", "ine": "24107", "first_utc": "2026-06-29T10:13:00Z", "last_utc": "2026-06-29T10:13:00Z", "detections": 1, "frp_max_mw": 24.6, "frp_total_mw": 24.6, "pixel_area_ha": 14.1, "status": "out", "fire_class": "likely_agricultural", "municipality": "Pajares de los Oteros", "province": "León", "region": "Castilla y León", "muni_dist_km": 0.94}}, {"type": "Feature", "geometry": {"type": "Point", "coordinates": [0.475, 41.8818]}, "properties": {"id": "3b6ba59aa04e", "ine": "22016", "first_utc": "2026-07-08T20:36:00Z", "last_utc": "2026-07-08T20:36:00Z", "detections": 1, "frp_max_mw": 24.5, "frp_total_mw": 24.5, "pixel_area_ha": 14.1, "status": "out", "fire_class": "forest", "municipality": "Alcampell", "province": "Huesca", "region": "Aragón", "muni_dist_km": 3.26}}, {"type": "Feature", "geometry": {"type": "Point", "coordinates": [0.7459, 42.6752]}, "properties": {"id": "ddf95b2b3d49", "ine": "25243", "first_utc": "2026-07-09T11:53:00Z", "last_utc": "2026-07-09T13:14:00Z", "detections": 5, "frp_max_mw": 24.5, "frp_total_mw": 81.2, "pixel_area_ha": 56.2, "status": "out", "fire_class": "forest", "municipality": "Vielha e Mijaran", "province": "Lleida", "region": "Cataluña", "muni_dist_km": 4.49}}, {"type": "Feature", "geometry": {"type": "Point", "coordinates": [-7.06, 38.8107]}, "properties": {"id": "a3bb505a5760", "ine": "06143", "first_utc": "2026-07-20T12:32:00Z", "last_utc": "2026-07-20T12:32:00Z", "detections": 3, "frp_max_mw": 24.5, "frp_total_mw": 57.0, "pixel_area_ha": 42.2, "status": "out", "fire_class": "likely_agricultural", "municipality": "Valverde de Leganés", "province": "Badajoz", "region": "Extremadura", "muni_dist_km": 17.08}}, {"type": "Feature", "geometry": {"type": "Point", "coordinates": [-3.3919, 37.8877]}, "properties": {"id": "2633600b6816", "ine": "23902", "first_utc": "2026-07-04T14:12:00Z", "last_utc": "2026-07-04T14:12:00Z", "detections": 2, "frp_max_mw": 24.4, "frp_total_mw": 47.4, "pixel_area_ha": 28.1, "status": "out", "fire_class": "likely_agricultural", "municipality": "Bedmar y Garcíez", "province": "Jaén", "region": "Andalucía", "muni_dist_km": 6.13}}, {"type": "Feature", "geometry": {"type": "Point", "coordinates": [-3.8622, 40.196]}, "properties": {"id": "fe3930150b7f", "ine": "28050", "first_utc": "2026-07-07T14:10:00Z", "last_utc": "2026-07-07T14:10:00Z", "detections": 4, "frp_max_mw": 24.4, "frp_total_mw": 70.1, "pixel_area_ha": 56.2, "status": "out", "fire_class": "likely_agricultural", "municipality": "Cubas de la Sagra", "province": "Madrid", "region": "Comunidad de Madrid", "muni_dist_km": 2.02}}, {"type": "Feature", "geometry": {"type": "Point", "coordinates": [-2.7412, 42.8372]}, "properties": {"id": "c4d14c59212d", "ine": "01059", "first_utc": "2026-06-07T14:33:00Z", "last_utc": "2026-06-07T14:33:00Z", "detections": 1, "frp_max_mw": 24.2, "frp_total_mw": 24.2, "pixel_area_ha": 14.1, "status": "out", "fire_class": "likely_agricultural", "municipality": "Vitoria-Gasteiz", "province": "Araba/Álava", "region": "País Vasco", "muni_dist_km": 4.58}}, {"type": "Feature", "geometry": {"type": "Point", "coordinates": [-5.8049, 39.0309]}, "properties": {"id": "ea04c905a5e5", "ine": "06111", "first_utc": "2026-06-30T20:19:00Z", "last_utc": "2026-07-01T03:00:00Z", "detections": 8, "frp_max_mw": 24.2, "frp_total_mw": 62.1, "pixel_area_ha": 84.4, "status": "out", "fire_class": "forest", "municipality": "Rena", "province": "Badajoz", "region": "Extremadura", "muni_dist_km": 1.84}}, {"type": "Feature", "geometry": {"type": "Point", "coordinates": [-4.7093, 37.9118]}, "properties": {"id": "8ab7ea964976", "ine": "14021", "first_utc": "2026-07-09T14:18:00Z", "last_utc": "2026-07-09T15:09:00Z", "detections": 3, "frp_max_mw": 24.2, "frp_total_mw": 51.9, "pixel_area_ha": 42.2, "status": "out", "fire_class": "likely_agricultural", "municipality": "Córdoba", "province": "Córdoba", "region": "Andalucía", "muni_dist_km": 6.9}}, {"type": "Feature", "geometry": {"type": "Point", "coordinates": [-0.6242, 42.1334]}, "properties": {"id": "622097f7b95c", "ine": "22905", "first_utc": "2026-06-05T13:53:00Z", "last_utc": "2026-06-05T13:53:00Z", "detections": 5, "frp_max_mw": 24.0, "frp_total_mw": 102.3, "pixel_area_ha": 56.2, "status": "out", "fire_class": "likely_agricultural", "municipality": "Lupiñén-Ortilla", "province": "Huesca", "region": "Aragón", "muni_dist_km": 3.17}}, {"type": "Feature", "geometry": {"type": "Point", "coordinates": [-2.6976, 36.8172]}, "properties": {"id": "2c7b73495041", "ine": "04102", "first_utc": "2026-07-05T20:17:00Z", "last_utc": "2026-07-06T03:08:00Z", "detections": 6, "frp_max_mw": 24.0, "frp_total_mw": 30.6, "pixel_area_ha": 42.2, "status": "out", "fire_class": "forest", "municipality": "Vícar", "province": "Almería", "region": "Andalucía", "muni_dist_km": 3.28}}, {"type": "Feature", "geometry": {"type": "Point", "coordinates": [-6.1424, 42.6493]}, "properties": {"id": "ff4dd4a6c910", "ine": "24210", "first_utc": "2026-07-23T20:34:00Z", "last_utc": "2026-07-23T20:34:00Z", "detections": 1, "frp_max_mw": 23.8, "frp_total_mw": 23.8, "pixel_area_ha": 14.1, "status": "out", "fire_class": "forest", "official_area_ha": 11.2, "municipality": "Villagatón", "province": "León", "region": "Castilla y León", "muni_dist_km": 3.28}}, {"type": "Feature", "geometry": {"type": "Point", "coordinates": [-6.0466, 42.5754]}, "properties": {"id": "7314f323aa48", "ine": "24214", "first_utc": "2026-07-07T20:00:00Z", "last_utc": "2026-07-07T20:00:00Z", "detections": 1, "frp_max_mw": 23.6, "frp_total_mw": 23.6, "pixel_area_ha": 14.1, "status": "out", "fire_class": "forest", "municipality": "Villamejil", "province": "León", "region": "Castilla y León", "muni_dist_km": 2.23}}, {"type": "Feature", "geometry": {"type": "Point", "coordinates": [-5.7312, 43.526]}, "properties": {"id": "1b54901dfa09", "ine": "33024", "first_utc": "2026-07-01T13:29:00Z", "last_utc": "2026-07-07T02:47:00Z", "detections": 59, "frp_max_mw": 23.4, "frp_total_mw": 251.4, "pixel_area_ha": 196.8, "status": "out", "fire_class": "forest", "municipality": "Gijón", "province": "Asturias", "region": "Principado de Asturias", "muni_dist_km": 4.13}}, {"type": "Feature", "geometry": {"type": "Point", "coordinates": [-6.3223, 38.6667]}, "properties": {"id": "b16be122751e", "ine": "06004", "first_utc": "2026-06-13T01:37:00Z", "last_utc": "2026-06-13T03:19:00Z", "detections": 29, "frp_max_mw": 23.3, "frp_total_mw": 90.7, "pixel_area_ha": 182.8, "status": "out", "fire_class": "forest", "municipality": "Alange", "province": "Badajoz", "region": "Extremadura", "muni_dist_km": 7.69}}, {"type": "Feature", "geometry": {"type": "Point", "coordinates": [-5.7075, 37.4147]}, "properties": {"id": "cfa7f67f4d19", "ine": "41102", "first_utc": "2026-07-03T12:51:00Z", "last_utc": "2026-07-03T12:51:00Z", "detections": 1, "frp_max_mw": 23.3, "frp_total_mw": 23.3, "pixel_area_ha": 14.1, "status": "out", "fire_class": "likely_agricultural", "municipality": "El Viso del Alcor", "province": "Sevilla", "region": "Andalucía", "muni_dist_km": 3.21}}, {"type": "Feature", "geometry": {"type": "Point", "coordinates": [-2.9393, 37.2103]}, "properties": {"id": "ffb84bce67f9", "ine": "18069", "first_utc": "2026-07-11T09:54:00Z", "last_utc": "2026-07-11T09:54:00Z", "detections": 1, "frp_max_mw": 23.3, "frp_total_mw": 23.3, "pixel_area_ha": 14.1, "status": "out", "fire_class": "likely_agricultural", "municipality": "Dólar", "province": "Granada", "region": "Andalucía", "muni_dist_km": 1.46}}, {"type": "Feature", "geometry": {"type": "Point", "coordinates": [-4.8697, 39.8839]}, "properties": {"id": "ceab69917210", "ine": "45072", "first_utc": "2026-07-08T09:34:00Z", "last_utc": "2026-07-08T13:31:00Z", "detections": 3, "frp_max_mw": 23.1, "frp_total_mw": 38.6, "pixel_area_ha": 42.2, "status": "out", "fire_class": "likely_agricultural", "municipality": "Las Herencias", "province": "Toledo", "region": "Castilla-La Mancha", "muni_dist_km": 2.01}}, {"type": "Feature", "geometry": {"type": "Point", "coordinates": [-5.8881, 43.0938]}, "properties": {"id": "57cdb3311bed", "ine": "33033", "first_utc": "2026-07-08T02:11:00Z", "last_utc": "2026-07-09T13:33:00Z", "detections": 25, "frp_max_mw": 23.1, "frp_total_mw": 171.0, "pixel_area_ha": 140.6, "status": "out", "fire_class": "forest", "official_area_ha": 21.0, "perimeter_id": "561094", "municipality": "Lena", "province": "Asturias", "region": "Principado de Asturias", "muni_dist_km": 4.87}}, {"type": "Feature", "geometry": {"type": "Point", "coordinates": [-5.446, 42.3361]}, "properties": {"id": "450886973ba0", "ine": "24107", "first_utc": "2026-07-24T10:09:00Z", "last_utc": "2026-07-24T10:09:00Z", "detections": 1, "frp_max_mw": 23.1, "frp_total_mw": 23.1, "pixel_area_ha": 14.1, "status": "out", "fire_class": "likely_agricultural", "municipality": "Pajares de los Oteros", "province": "León", "region": "Castilla y León", "muni_dist_km": 0.75}}, {"type": "Feature", "geometry": {"type": "Point", "coordinates": [-3.2717, 39.1707]}, "properties": {"id": "61ff24453815", "ine": "13904", "first_utc": "2026-06-08T12:19:00Z", "last_utc": "2026-06-08T12:19:00Z", "detections": 7, "frp_max_mw": 22.7, "frp_total_mw": 93.8, "pixel_area_ha": 98.4, "status": "out", "fire_class": "likely_agricultural", "municipality": "Llanos del Caudillo", "province": "Ciudad Real", "region": "Castilla-La Mancha", "muni_dist_km": 8.09}}, {"type": "Feature", "geometry": {"type": "Point", "coordinates": [-5.7414, 39.9719]}, "properties": {"id": "7e5e5f9e6a7c", "ine": "10114", "first_utc": "2026-07-17T12:23:00Z", "last_utc": "2026-07-17T12:23:00Z", "detections": 2, "frp_max_mw": 22.6, "frp_total_mw": 40.2, "pixel_area_ha": 28.1, "status": "out", "fire_class": "likely_agricultural", "municipality": "Majadas", "province": "Cáceres", "region": "Extremadura", "muni_dist_km": 3.51}}, {"type": "Feature", "geometry": {"type": "Point", "coordinates": [-3.9247, 41.0804]}, "properties": {"id": "5b992991eb38", "ine": "40062", "first_utc": "2026-07-20T20:14:00Z", "last_utc": "2026-07-20T20:14:00Z", "detections": 1, "frp_max_mw": 22.5, "frp_total_mw": 22.5, "pixel_area_ha": 14.1, "status": "out", "fire_class": "forest", "municipality": "Cubillo", "province": "Segovia", "region": "Castilla y León", "muni_dist_km": 3.45}}, {"type": "Feature", "geometry": {"type": "Point", "coordinates": [-4.5774, 42.0893]}, "properties": {"id": "e40a501f2af1", "ine": "34088", "first_utc": "2026-07-22T11:55:00Z", "last_utc": "2026-07-22T13:36:00Z", "detections": 4, "frp_max_mw": 22.5, "frp_total_mw": 51.0, "pixel_area_ha": 42.2, "status": "out", "fire_class": "forest", "official_area_ha": 60.0, "municipality": "Husillos", "province": "Palencia", "region": "Castilla y León", "muni_dist_km": 2.95}}, {"type": "Feature", "geometry": {"type": "Point", "coordinates": [-6.1742, 37.5029]}, "properties": {"id": "bcdbb8d96f9e", "ine": "41067", "first_utc": "2026-06-04T14:29:00Z", "last_utc": "2026-06-04T14:29:00Z", "detections": 2, "frp_max_mw": 22.3, "frp_total_mw": 44.7, "pixel_area_ha": 28.1, "status": "out", "fire_class": "likely_agricultural", "municipality": "Olivares", "province": "Sevilla", "region": "Andalucía", "muni_dist_km": 4.92}}, {"type": "Feature", "geometry": {"type": "Point", "coordinates": [-3.5648, 40.6805]}, "properties": {"id": "5625ab595243", "ine": "28086", "first_utc": "2026-07-01T13:27:00Z", "last_utc": "2026-07-01T14:03:00Z", "detections": 3, "frp_max_mw": 22.2, "frp_total_mw": 33.7, "pixel_area_ha": 28.1, "status": "out", "fire_class": "forest", "official_area_ha": 9.0, "perimeter_id": "557609", "municipality": "El Molar", "province": "Madrid", "region": "Comunidad de Madrid", "muni_dist_km": 2.0}}, {"type": "Feature", "geometry": {"type": "Point", "coordinates": [-3.8827, 40.0271]}, "properties": {"id": "778e70b65eb8", "ine": "45188", "first_utc": "2026-07-24T13:33:00Z", "last_utc": "2026-07-24T13:53:00Z", "detections": 3, "frp_max_mw": 22.2, "frp_total_mw": 44.7, "pixel_area_ha": 28.1, "status": "out", "fire_class": "likely_agricultural", "municipality": "Villaluenga de la Sagra", "province": "Toledo", "region": "Castilla-La Mancha", "muni_dist_km": 2.38}}, {"type": "Feature", "geometry": {"type": "Point", "coordinates": [1.0535, 41.758]}, "properties": {"id": "ba729e591c43", "ine": "25003", "first_utc": "2026-07-01T11:49:00Z", "last_utc": "2026-07-01T12:23:00Z", "detections": 4, "frp_max_mw": 22.1, "frp_total_mw": 37.1, "pixel_area_ha": 28.1, "status": "out", "fire_class": "agricultural", "municipality": "Agramunt", "province": "Lleida", "region": "Cataluña", "muni_dist_km": 3.38}}, {"type": "Feature", "geometry": {"type": "Point", "coordinates": [-5.4481, 42.3303]}, "properties": {"id": "8206be815d72", "ine": "24107", "first_utc": "2026-07-09T10:11:00Z", "last_utc": "2026-07-09T10:11:00Z", "detections": 1, "frp_max_mw": 22.1, "frp_total_mw": 22.1, "pixel_area_ha": 14.1, "status": "out", "fire_class": "likely_agricultural", "municipality": "Pajares de los Oteros", "province": "León", "region": "Castilla y León", "muni_dist_km": 0.76}}, {"type": "Feature", "geometry": {"type": "Point", "coordinates": [2.7154, 39.5528]}, "properties": {"id": "435e41eacbe5", "ine": "07040", "first_utc": "2026-07-06T13:33:00Z", "last_utc": "2026-07-06T13:33:00Z", "detections": 1, "frp_max_mw": 21.8, "frp_total_mw": 21.8, "pixel_area_ha": 14.1, "status": "out", "fire_class": "likely_agricultural", "municipality": "Palma", "province": "Illes Balears", "region": "Illes Balears", "muni_dist_km": 0.37}}, {"type": "Feature", "geometry": {"type": "Point", "coordinates": [-2.7318, 42.8349]}, "properties": {"id": "2e367d473403", "ine": "01059", "first_utc": "2026-06-01T10:02:00Z", "last_utc": "2026-06-01T10:02:00Z", "detections": 1, "frp_max_mw": 21.7, "frp_total_mw": 21.7, "pixel_area_ha": 14.1, "status": "out", "fire_class": "likely_agricultural", "municipality": "Vitoria-Gasteiz", "province": "Araba/Álava", "region": "País Vasco", "muni_dist_km": 3.97}}, {"type": "Feature", "geometry": {"type": "Point", "coordinates": [-5.9343, 37.2737]}, "properties": {"id": "357a43b4cb88", "ine": "41038", "first_utc": "2026-07-03T13:44:00Z", "last_utc": "2026-07-03T13:44:00Z", "detections": 2, "frp_max_mw": 21.7, "frp_total_mw": 29.0, "pixel_area_ha": 28.1, "status": "out", "fire_class": "likely_agricultural", "municipality": "Dos Hermanas", "province": "Sevilla", "region": "Andalucía", "muni_dist_km": 2.99}}, {"type": "Feature", "geometry": {"type": "Point", "coordinates": [-1.0836, 42.2424]}, "properties": {"id": "3fb6cf4aac0b", "ine": "50036", "first_utc": "2026-07-17T19:57:00Z", "last_utc": "2026-07-17T19:57:00Z", "detections": 1, "frp_max_mw": 21.6, "frp_total_mw": 21.6, "pixel_area_ha": 14.1, "status": "out", "fire_class": "forest", "municipality": "Asín", "province": "Zaragoza", "region": "Aragón", "muni_dist_km": 3.82}}, {"type": "Feature", "geometry": {"type": "Point", "coordinates": [-6.847, 39.3962]}, "properties": {"id": "cf0559eaf5c5", "ine": "10095", "first_utc": "2026-06-19T13:53:00Z", "last_utc": "2026-06-19T14:27:00Z", "detections": 3, "frp_max_mw": 21.5, "frp_total_mw": 50.9, "pixel_area_ha": 28.1, "status": "out", "fire_class": "likely_agricultural", "municipality": "Herreruela", "province": "Cáceres", "region": "Extremadura", "muni_dist_km": 4.23}}, {"type": "Feature", "geometry": {"type": "Point", "coordinates": [1.4789, 41.3851]}, "properties": {"id": "8aff7af59b36", "ine": "43001", "first_utc": "2026-07-12T19:57:00Z", "last_utc": "2026-07-13T01:39:00Z", "detections": 4, "frp_max_mw": 21.5, "frp_total_mw": 27.0, "pixel_area_ha": 42.2, "status": "out", "fire_class": "forest", "official_area_ha": 162.0, "perimeter_id": "561276", "municipality": "Aiguamúrcia", "province": "Tarragona", "region": "Cataluña", "muni_dist_km": 3.97}}, {"type": "Feature", "geometry": {"type": "Point", "coordinates": [-5.6512, 41.8743]}, "properties": {"id": "54253a0820c3", "ine": "49271", "first_utc": "2026-06-12T12:46:00Z", "last_utc": "2026-06-12T13:38:00Z", "detections": 7, "frp_max_mw": 21.4, "frp_total_mw": 109.8, "pixel_area_ha": 84.4, "status": "out", "fire_class": "forest", "official_area_ha": 32.39, "municipality": "Villaveza del Agua", "province": "Zamora", "region": "Castilla y León", "muni_dist_km": 3.72}}, {"type": "Feature", "geometry": {"type": "Point", "coordinates": [-4.6192, 37.8223]}, "properties": {"id": "c6473660e980", "ine": "14021", "first_utc": "2026-07-14T12:44:00Z", "last_utc": "2026-07-14T14:27:00Z", "detections": 6, "frp_max_mw": 21.3, "frp_total_mw": 67.3, "pixel_area_ha": 42.2, "status": "out", "fire_class": "likely_agricultural", "municipality": "Córdoba", "province": "Córdoba", "region": "Andalucía", "muni_dist_km": 7.71}}, {"type": "Feature", "geometry": {"type": "Point", "coordinates": [-0.6277, 40.8185]}, "properties": {"id": "fd06ffed80ce", "ine": "44063", "first_utc": "2026-07-11T12:02:00Z", "last_utc": "2026-07-11T12:02:00Z", "detections": 4, "frp_max_mw": 21.2, "frp_total_mw": 60.1, "pixel_area_ha": 56.2, "status": "out", "fire_class": "likely_agricultural", "municipality": "Cañizar del Olivar", "province": "Teruel", "region": "Aragón", "muni_dist_km": 1.69}}, {"type": "Feature", "geometry": {"type": "Point", "coordinates": [-5.8938, 41.8114]}, "properties": {"id": "f235665af398", "ine": "49164", "first_utc": "2026-07-24T10:09:00Z", "last_utc": "2026-07-24T10:09:00Z", "detections": 2, "frp_max_mw": 21.2, "frp_total_mw": 35.9, "pixel_area_ha": 28.1, "status": "out", "fire_class": "likely_agricultural", "municipality": "Pozuelo de Tábara", "province": "Zamora", "region": "Castilla y León", "muni_dist_km": 3.37}}, {"type": "Feature", "geometry": {"type": "Point", "coordinates": [-4.7477, 43.3562]}, "properties": {"id": "b2cdfdfbeeac", "ine": "33046", "first_utc": "2026-07-08T01:34:00Z", "last_utc": "2026-07-09T15:12:00Z", "detections": 38, "frp_max_mw": 21.0, "frp_total_mw": 257.8, "pixel_area_ha": 210.9, "status": "out", "fire_class": "forest", "official_area_ha": 61.0, "perimeter_id": "224723", "municipality": "Peñamellera Alta", "province": "Asturias", "region": "Principado de Asturias", "muni_dist_km": 4.28}}, {"type": "Feature", "geometry": {"type": "Point", "coordinates": [-7.143, 38.755]}, "properties": {"id": "37a0400cfb2c", "ine": "06095", "first_utc": "2026-07-20T12:32:00Z", "last_utc": "2026-07-20T12:32:00Z", "detections": 9, "frp_max_mw": 21.0, "frp_total_mw": 102.8, "pixel_area_ha": 112.5, "status": "out", "fire_class": "likely_agricultural", "municipality": "Olivenza", "province": "Badajoz", "region": "Extremadura", "muni_dist_km": 10.9}}, {"type": "Feature", "geometry": {"type": "Point", "coordinates": [-1.7962, 43.1603]}, "properties": {"id": "fff499e3871a", "ine": "31263", "first_utc": "2026-07-13T20:36:00Z", "last_utc": "2026-07-14T13:40:00Z", "detections": 9, "frp_max_mw": 20.8, "frp_total_mw": 72.7, "pixel_area_ha": 70.3, "status": "out", "fire_class": "forest", "official_area_ha": 2.0, "perimeter_id": "216139", "municipality": "Zubieta", "province": "Navarra", "region": "Comunidad Foral de Navarra", "muni_dist_km": 3.9}}, {"type": "Feature", "geometry": {"type": "Point", "coordinates": [-6.3919, 38.9198]}, "properties": {"id": "c6316cace464", "ine": "06025", "first_utc": "2026-07-24T13:33:00Z", "last_utc": "2026-07-25T03:32:00Z", "detections": 10, "frp_max_mw": 20.7, "frp_total_mw": 52.2, "pixel_area_ha": 70.3, "status": "out", "fire_class": "forest", "municipality": "Calamonte", "province": "Badajoz", "region": "Extremadura", "muni_dist_km": 4.67}}, {"type": "Feature", "geometry": {"type": "Point", "coordinates": [-7.123, 37.4606]}, "properties": {"id": "afa4bee596a6", "ine": "21063", "first_utc": "2026-06-08T15:09:00Z", "last_utc": "2026-06-08T15:09:00Z", "detections": 1, "frp_max_mw": 20.6, "frp_total_mw": 20.6, "pixel_area_ha": 14.1, "status": "out", "fire_class": "likely_agricultural", "municipality": "San Bartolomé de la Torre", "province": "Huelva", "region": "Andalucía", "muni_dist_km": 3.71}}, {"type": "Feature", "geometry": {"type": "Point", "coordinates": [-7.8868, 43.475]}, "properties": {"id": "5a32dae9c2fe", "ine": "15070", "first_utc": "2026-07-22T13:36:00Z", "last_utc": "2026-07-22T14:31:00Z", "detections": 2, "frp_max_mw": 20.6, "frp_total_mw": 25.6, "pixel_area_ha": 28.1, "status": "out", "fire_class": "likely_agricultural", "municipality": "As Pontes de García Rodríguez", "province": "A Coruña", "region": "Galicia", "muni_dist_km": 1.54}}, {"type": "Feature", "geometry": {"type": "Point", "coordinates": [-3.8269, 39.0472]}, "properties": {"id": "37366a7510da", "ine": "13031", "first_utc": "2026-06-27T12:19:00Z", "last_utc": "2026-06-27T12:19:00Z", "detections": 5, "frp_max_mw": 20.5, "frp_total_mw": 74.2, "pixel_area_ha": 56.2, "status": "out", "fire_class": "likely_agricultural", "municipality": "Carrión de Calatrava", "province": "Ciudad Real", "region": "Castilla-La Mancha", "muni_dist_km": 0.5}}, {"type": "Feature", "geometry": {"type": "Point", "coordinates": [-7.9757, 42.6612]}, "properties": {"id": "524d06412e95", "ine": "36047", "first_utc": "2026-07-05T12:14:00Z", "last_utc": "2026-07-05T12:14:00Z", "detections": 2, "frp_max_mw": 20.5, "frp_total_mw": 26.2, "pixel_area_ha": 28.1, "status": "out", "fire_class": "likely_agricultural", "municipality": "Rodeiro", "province": "Pontevedra", "region": "Galicia", "muni_dist_km": 2.42}}, {"type": "Feature", "geometry": {"type": "Point", "coordinates": [-4.0961, 39.6206]}, "properties": {"id": "20bdea3c2ad2", "ine": "45096", "first_utc": "2026-07-22T19:53:00Z", "last_utc": "2026-07-22T19:53:00Z", "detections": 1, "frp_max_mw": 20.5, "frp_total_mw": 20.5, "pixel_area_ha": 14.1, "status": "out", "fire_class": "forest", "municipality": "Mazarambroz", "province": "Toledo", "region": "Castilla-La Mancha", "muni_dist_km": 3.19}}, {"type": "Feature", "geometry": {"type": "Point", "coordinates": [-3.7308, 42.3718]}, "properties": {"id": "1e711f0a06c1", "ine": "09907", "first_utc": "2026-06-01T10:02:00Z", "last_utc": "2026-06-01T10:02:00Z", "detections": 1, "frp_max_mw": 20.4, "frp_total_mw": 20.4, "pixel_area_ha": 14.1, "status": "out", "fire_class": "likely_agricultural", "municipality": "Alfoz de Quintanadueñas", "province": "Burgos", "region": "Castilla y León", "muni_dist_km": 3.93}}, {"type": "Feature", "geometry": {"type": "Point", "coordinates": [-8.0046, 43.4372]}, "properties": {"id": "6788d6ded1e8", "ine": "15018", "first_utc": "2026-06-21T02:45:00Z", "last_utc": "2026-06-21T15:14:00Z", "detections": 12, "frp_max_mw": 20.4, "frp_total_mw": 88.2, "pixel_area_ha": 154.7, "status": "out", "fire_class": "forest", "municipality": "A Capela", "province": "A Coruña", "region": "Galicia", "muni_dist_km": 1.93}}, {"type": "Feature", "geometry": {"type": "Point", "coordinates": [0.3225, 42.559]}, "properties": {"id": "c87bc6ce646e", "ine": "22182", "first_utc": "2026-07-17T19:57:00Z", "last_utc": "2026-07-18T13:46:00Z", "detections": 18, "frp_max_mw": 20.4, "frp_total_mw": 73.6, "pixel_area_ha": 126.5, "status": "out", "fire_class": "forest", "official_area_ha": 55.0, "perimeter_id": "561815", "municipality": "Plan", "province": "Huesca", "region": "Aragón", "muni_dist_km": 1.34}}, {"type": "Feature", "geometry": {"type": "Point", "coordinates": [-4.0878, 40.3788]}, "properties": {"id": "d50483970f7a", "ine": "28178", "first_utc": "2026-06-08T12:19:00Z", "last_utc": "2026-06-08T13:14:00Z", "detections": 4, "frp_max_mw": 20.2, "frp_total_mw": 39.8, "pixel_area_ha": 28.1, "status": "out", "fire_class": "likely_agricultural", "municipality": "Villanueva de Perales", "province": "Madrid", "region": "Comunidad de Madrid", "muni_dist_km": 0.61}}, {"type": "Feature", "geometry": {"type": "Point", "coordinates": [-5.8004, 37.6347]}, "properties": {"id": "3be2aeb95353", "ine": "41023", "first_utc": "2026-07-20T13:08:00Z", "last_utc": "2026-07-20T13:08:00Z", "detections": 1, "frp_max_mw": 20.2, "frp_total_mw": 20.2, "pixel_area_ha": 14.1, "status": "out", "fire_class": "likely_agricultural", "municipality": "Cantillana", "province": "Sevilla", "region": "Andalucía", "muni_dist_km": 1.96}}, {"type": "Feature", "geometry": {"type": "Point", "coordinates": [-6.2822, 40.5026]}, "properties": {"id": "f389d00d807b", "ine": "37199", "first_utc": "2026-07-20T15:37:00Z", "last_utc": "2026-07-20T15:37:00Z", "detections": 1, "frp_max_mw": 20.2, "frp_total_mw": 20.2, "pixel_area_ha": 14.1, "status": "out", "fire_class": "likely_agricultural", "municipality": "Monsagro", "province": "Salamanca", "region": "Castilla y León", "muni_dist_km": 3.44}}, {"type": "Feature", "geometry": {"type": "Point", "coordinates": [-6.0975, 39.2418]}, "properties": {"id": "0e8eb1c6fc87", "ine": "10188", "first_utc": "2026-07-24T21:12:00Z", "last_utc": "2026-07-24T21:12:00Z", "detections": 1, "frp_max_mw": 20.1, "frp_total_mw": 20.1, "pixel_area_ha": 14.1, "status": "out", "fire_class": "forest", "municipality": "Torre de Santa María", "province": "Cáceres", "region": "Extremadura", "muni_dist_km": 1.22}}, {"type": "Feature", "geometry": {"type": "Point", "coordinates": [-0.9107, 38.6507]}, "properties": {"id": "b0a4be6055f1", "ine": "03140", "first_utc": "2026-07-08T13:53:00Z", "last_utc": "2026-07-08T13:53:00Z", "detections": 2, "frp_max_mw": 20.0, "frp_total_mw": 40.0, "pixel_area_ha": 28.1, "status": "out", "fire_class": "likely_agricultural", "municipality": "Villena", "province": "Alacant/Alicante", "region": "Comunitat Valenciana", "muni_dist_km": 1.85}}, {"type": "Feature", "geometry": {"type": "Point", "coordinates": [-7.5372, 41.9207]}, "properties": {"id": "f16abc31fca9", "ine": "32050", "first_utc": "2026-07-12T14:18:00Z", "last_utc": "2026-07-12T14:18:00Z", "detections": 2, "frp_max_mw": 20.0, "frp_total_mw": 39.9, "pixel_area_ha": 28.1, "status": "out", "fire_class": "mixed", "official_area_ha": 729.0, "perimeter_id": "40656", "municipality": "Monterrei", "province": "Ourense", "region": "Galicia", "muni_dist_km": 3.17}}, {"type": "Feature", "geometry": {"type": "Point", "coordinates": [-0.1671, 39.9283]}, "properties": {"id": "8a1d5b93d0d1", "ine": "12021", "first_utc": "2026-07-26T13:59:00Z", "last_utc": "2026-07-26T13:59:00Z", "detections": 1, "frp_max_mw": 19.9, "frp_total_mw": 19.9, "pixel_area_ha": 14.1, "status": "out", "fire_class": "forest", "municipality": "Betxí", "province": "Castelló/Castellón", "region": "Comunitat Valenciana", "muni_dist_km": 2.59}}, {"type": "Feature", "geometry": {"type": "Point", "coordinates": [-3.3837, 40.5472]}, "properties": {"id": "9024fea60c73", "ine": "28032", "first_utc": "2026-06-01T13:44:00Z", "last_utc": "2026-06-01T13:44:00Z", "detections": 1, "frp_max_mw": 19.8, "frp_total_mw": 19.8, "pixel_area_ha": 14.1, "status": "out", "fire_class": "likely_agricultural", "municipality": "Camarma de Esteruelas", "province": "Madrid", "region": "Comunidad de Madrid", "muni_dist_km": 1.8}}, {"type": "Feature", "geometry": {"type": "Point", "coordinates": [-3.1243, 39.3967]}, "properties": {"id": "4b785b0c01d9", "ine": "13028", "first_utc": "2026-07-06T09:54:00Z", "last_utc": "2026-07-06T09:54:00Z", "detections": 1, "frp_max_mw": 19.8, "frp_total_mw": 19.8, "pixel_area_ha": 14.1, "status": "out", "fire_class": "likely_agricultural", "municipality": "Campo de Criptana", "province": "Ciudad Real", "region": "Castilla-La Mancha", "muni_dist_km": 5.31}}, {"type": "Feature", "geometry": {"type": "Point", "coordinates": [-6.6947, 42.8901]}, "properties": {"id": "eb728a6110cb", "ine": "24112", "first_utc": "2026-07-13T01:39:00Z", "last_utc": "2026-07-13T05:01:00Z", "detections": 11, "frp_max_mw": 19.8, "frp_total_mw": 128.0, "pixel_area_ha": 70.3, "status": "out", "fire_class": "forest", "official_area_ha": 35.0, "perimeter_id": "561230", "municipality": "Peranzanes", "province": "León", "region": "Castilla y León", "muni_dist_km": 3.52}}, {"type": "Feature", "geometry": {"type": "Point", "coordinates": [-2.0337, 37.2285]}, "properties": {"id": "c06187994c7f", "ine": "04059", "first_utc": "2026-07-10T20:17:00Z", "last_utc": "2026-07-10T20:17:00Z", "detections": 1, "frp_max_mw": 19.7, "frp_total_mw": 19.7, "pixel_area_ha": 14.1, "status": "out", "fire_class": "forest", "municipality": "Lubrín", "province": "Almería", "region": "Andalucía", "muni_dist_km": 2.98}}, {"type": "Feature", "geometry": {"type": "Point", "coordinates": [-5.7272, 43.5316]}, "properties": {"id": "3c47d0d24b4c", "ine": "33024", "first_utc": "2026-07-12T13:25:00Z", "last_utc": "2026-07-13T09:32:00Z", "detections": 4, "frp_max_mw": 19.7, "frp_total_mw": 30.7, "pixel_area_ha": 42.2, "status": "out", "fire_class": "forest", "municipality": "Gijón", "province": "Asturias", "region": "Principado de Asturias", "muni_dist_km": 4.51}}, {"type": "Feature", "geometry": {"type": "Point", "coordinates": [1.265, 41.5481]}, "properties": {"id": "0ec15fd3ae66", "ine": "43143", "first_utc": "2026-07-07T11:36:00Z", "last_utc": "2026-07-07T12:29:00Z", "detections": 4, "frp_max_mw": 19.6, "frp_total_mw": 52.5, "pixel_area_ha": 42.2, "status": "out", "fire_class": "forest", "official_area_ha": 9.0, "perimeter_id": "560924", "municipality": "Savallà del Comtat", "province": "Tarragona", "region": "Cataluña", "muni_dist_km": 1.68}}, {"type": "Feature", "geometry": {"type": "Point", "coordinates": [-3.3177, 39.1775]}, "properties": {"id": "153f988b377c", "ine": "13904", "first_utc": "2026-06-08T12:19:00Z", "last_utc": "2026-06-08T12:19:00Z", "detections": 3, "frp_max_mw": 19.5, "frp_total_mw": 34.7, "pixel_area_ha": 42.2, "status": "out", "fire_class": "likely_agricultural", "municipality": "Llanos del Caudillo", "province": "Ciudad Real", "region": "Castilla-La Mancha", "muni_dist_km": 6.88}}, {"type": "Feature", "geometry": {"type": "Point", "coordinates": [1.1203, 41.7093]}, "properties": {"id": "2bc54c2b0bd7", "ine": "25217", "first_utc": "2026-06-27T13:04:00Z", "last_utc": "2026-06-27T13:04:00Z", "detections": 1, "frp_max_mw": 19.5, "frp_total_mw": 19.5, "pixel_area_ha": 14.1, "status": "out", "fire_class": "forest", "municipality": "Tàrrega", "province": "Lleida", "region": "Cataluña", "muni_dist_km": 4.44}}, {"type": "Feature", "geometry": {"type": "Point", "coordinates": [-4.198, 38.5873]}, "properties": {"id": "8a7caf308b1c", "ine": "13048", "first_utc": "2026-07-15T15:41:00Z", "last_utc": "2026-07-15T15:41:00Z", "detections": 1, "frp_max_mw": 19.5, "frp_total_mw": 19.5, "pixel_area_ha": 14.1, "status": "out", "fire_class": "likely_agricultural", "municipality": "Hinojosas de Calatrava", "province": "Ciudad Real", "region": "Castilla-La Mancha", "muni_dist_km": 4.14}}, {"type": "Feature", "geometry": {"type": "Point", "coordinates": [-6.2703, 40.5042]}, "properties": {"id": "7a734f23a0c3", "ine": "37199", "first_utc": "2026-07-20T15:37:00Z", "last_utc": "2026-07-20T15:37:00Z", "detections": 1, "frp_max_mw": 19.5, "frp_total_mw": 19.5, "pixel_area_ha": 14.1, "status": "out", "fire_class": "forest", "official_area_ha": 1.14, "municipality": "Monsagro", "province": "Salamanca", "region": "Castilla y León", "muni_dist_km": 2.44}}, {"type": "Feature", "geometry": {"type": "Point", "coordinates": [-1.3312, 42.6685]}, "properties": {"id": "3f80246c047c", "ine": "31242", "first_utc": "2026-07-24T14:52:00Z", "last_utc": "2026-07-25T03:32:00Z", "detections": 7, "frp_max_mw": 19.5, "frp_total_mw": 31.7, "pixel_area_ha": 28.1, "status": "out", "fire_class": "forest", "municipality": "Urraul Bajo", "province": "Navarra", "region": "Comunidad Foral de Navarra", "muni_dist_km": 2.25}}, {"type": "Feature", "geometry": {"type": "Point", "coordinates": [-8.5119, 42.9036]}, "properties": {"id": "9791040d2c2a", "ine": "15078", "first_utc": "2026-06-18T14:59:00Z", "last_utc": "2026-06-18T14:59:00Z", "detections": 1, "frp_max_mw": 19.4, "frp_total_mw": 19.4, "pixel_area_ha": 14.1, "status": "out", "fire_class": "likely_agricultural", "municipality": "Santiago de Compostela", "province": "A Coruña", "region": "Galicia", "muni_dist_km": 0.88}}, {"type": "Feature", "geometry": {"type": "Point", "coordinates": [1.7976, 41.5326]}, "properties": {"id": "071c6f687892", "ine": "08162", "first_utc": "2026-07-04T01:09:00Z", "last_utc": "2026-07-04T13:08:00Z", "detections": 11, "frp_max_mw": 19.4, "frp_total_mw": 135.3, "pixel_area_ha": 42.2, "status": "out", "fire_class": "forest", "municipality": "Els Hostalets de Pierola", "province": "Barcelona", "region": "Cataluña", "muni_dist_km": 0.81}}, {"type": "Feature", "geometry": {"type": "Point", "coordinates": [-7.5592, 43.0387]}, "properties": {"id": "6f80762ed6bf", "ine": "27028", "first_utc": "2026-07-19T14:59:00Z", "last_utc": "2026-07-19T14:59:00Z", "detections": 3, "frp_max_mw": 19.4, "frp_total_mw": 53.0, "pixel_area_ha": 42.2, "status": "out", "fire_class": "likely_agricultural", "municipality": "Lugo", "province": "Lugo", "region": "Galicia", "muni_dist_km": 3.46}}, {"type": "Feature", "geometry": {"type": "Point", "coordinates": [2.1863, 41.5434]}, "properties": {"id": "0367ffe79ca1", "ine": "08260", "first_utc": "2026-06-05T13:16:00Z", "last_utc": "2026-06-05T13:16:00Z", "detections": 1, "frp_max_mw": 19.2, "frp_total_mw": 19.2, "pixel_area_ha": 14.1, "status": "out", "fire_class": "urban", "municipality": "Santa Perpètua de Mogoda", "province": "Barcelona", "region": "Cataluña", "muni_dist_km": 1.39}}, {"type": "Feature", "geometry": {"type": "Point", "coordinates": [-5.4326, 42.3366]}, "properties": {"id": "b776aa2a1b6a", "ine": "24107", "first_utc": "2026-06-29T10:13:00Z", "last_utc": "2026-06-29T10:13:00Z", "detections": 1, "frp_max_mw": 19.2, "frp_total_mw": 19.2, "pixel_area_ha": 14.1, "status": "out", "fire_class": "forest", "official_area_ha": 1.09, "municipality": "Pajares de los Oteros", "province": "León", "region": "Castilla y León", "muni_dist_km": 1.85}}, {"type": "Feature", "geometry": {"type": "Point", "coordinates": [-3.7923, 39.2202]}, "properties": {"id": "2331960e74a0", "ine": "13044", "first_utc": "2026-06-12T12:44:00Z", "last_utc": "2026-06-13T03:17:00Z", "detections": 9, "frp_max_mw": 19.1, "frp_total_mw": 37.8, "pixel_area_ha": 56.2, "status": "out", "fire_class": "forest", "municipality": "Fuente el Fresno", "province": "Ciudad Real", "region": "Castilla-La Mancha", "muni_dist_km": 4.16}}, {"type": "Feature", "geometry": {"type": "Point", "coordinates": [0.0441, 41.827]}, "properties": {"id": "be00388fd12d", "ine": "22903", "first_utc": "2026-06-15T14:03:00Z", "last_utc": "2026-06-15T14:44:00Z", "detections": 2, "frp_max_mw": 19.1, "frp_total_mw": 26.2, "pixel_area_ha": 28.1, "status": "out", "fire_class": "likely_agricultural", "municipality": "San Miguel del Cinca", "province": "Huesca", "region": "Aragón", "muni_dist_km": 2.95}}, {"type": "Feature", "geometry": {"type": "Point", "coordinates": [-5.0434, 43.1587]}, "properties": {"id": "31c9d69453d1", "ine": "24106", "first_utc": "2026-06-17T12:53:00Z", "last_utc": "2026-06-17T12:53:00Z", "detections": 1, "frp_max_mw": 19.1, "frp_total_mw": 19.1, "pixel_area_ha": 14.1, "status": "out", "fire_class": "forest", "official_area_ha": 6.12, "municipality": "Oseja de Sajambre", "province": "León", "region": "Castilla y León", "muni_dist_km": 2.48}}, {"type": "Feature", "geometry": {"type": "Point", "coordinates": [-5.0151, 41.049]}, "properties": {"id": "3c959863eee1", "ine": "05026", "first_utc": "2026-06-26T13:23:00Z", "last_utc": "2026-06-26T13:23:00Z", "detections": 2, "frp_max_mw": 19.1, "frp_total_mw": 38.3, "pixel_area_ha": 28.1, "status": "out", "fire_class": "forest", "official_area_ha": 8.23, "municipality": "Bercial de Zapardiel", "province": "Ávila", "region": "Castilla y León", "muni_dist_km": 3.43}}, {"type": "Feature", "geometry": {"type": "Point", "coordinates": [-7.4323, 43.1876]}, "properties": {"id": "5f636491440c", "ine": "27010", "first_utc": "2026-07-02T13:46:00Z", "last_utc": "2026-07-02T14:05:00Z", "detections": 4, "frp_max_mw": 19.1, "frp_total_mw": 51.1, "pixel_area_ha": 28.1, "status": "out", "fire_class": "likely_agricultural", "municipality": "Castro de Rei", "province": "Lugo", "region": "Galicia", "muni_dist_km": 1.51}}, {"type": "Feature", "geometry": {"type": "Point", "coordinates": [-5.8959, 41.8045]}, "properties": {"id": "184794fb47df", "ine": "49164", "first_utc": "2026-07-04T10:13:00Z", "last_utc": "2026-07-04T10:13:00Z", "detections": 2, "frp_max_mw": 19.1, "frp_total_mw": 34.5, "pixel_area_ha": 28.1, "status": "out", "fire_class": "likely_agricultural", "municipality": "Pozuelo de Tábara", "province": "Zamora", "region": "Castilla y León", "muni_dist_km": 2.84}}, {"type": "Feature", "geometry": {"type": "Point", "coordinates": [-8.4949, 42.1312]}, "properties": {"id": "b228d7fec903", "ine": "36050", "first_utc": "2026-07-17T10:30:00Z", "last_utc": "2026-07-17T10:30:00Z", "detections": 1, "frp_max_mw": 19.0, "frp_total_mw": 19.0, "pixel_area_ha": 14.1, "status": "out", "fire_class": "likely_agricultural", "municipality": "Salvaterra de Miño", "province": "Pontevedra", "region": "Galicia", "muni_dist_km": 2.18}}, {"type": "Feature", "geometry": {"type": "Point", "coordinates": [-5.3879, 39.218]}, "properties": {"id": "85a8efe53e65", "ine": "06033", "first_utc": "2026-07-06T12:29:00Z", "last_utc": "2026-07-06T12:29:00Z", "detections": 12, "frp_max_mw": 18.8, "frp_total_mw": 170.3, "pixel_area_ha": 168.7, "status": "out", "fire_class": "likely_agricultural", "municipality": "Casas de Don Pedro", "province": "Badajoz", "region": "Extremadura", "muni_dist_km": 7.59}}, {"type": "Feature", "geometry": {"type": "Point", "coordinates": [-4.0499, 38.6735]}, "properties": {"id": "f79f5efae6ff", "ine": "13071", "first_utc": "2026-06-01T02:21:00Z", "last_utc": "2026-06-03T01:43:00Z", "detections": 17, "frp_max_mw": 18.7, "frp_total_mw": 109.5, "pixel_area_ha": 126.5, "status": "out", "fire_class": "forest", "municipality": "Puertollano", "province": "Ciudad Real", "region": "Castilla-La Mancha", "muni_dist_km": 1.85}}, {"type": "Feature", "geometry": {"type": "Point", "coordinates": [2.0905, 41.337]}, "properties": {"id": "0cb50ed09cf4", "ine": "08073", "first_utc": "2026-07-19T12:53:00Z", "last_utc": "2026-07-19T13:46:00Z", "detections": 6, "frp_max_mw": 18.7, "frp_total_mw": 71.2, "pixel_area_ha": 56.2, "status": "out", "fire_class": "urban", "municipality": "Cornellà de Llobregat", "province": "Barcelona", "region": "Cataluña", "muni_dist_km": 2.14}}, {"type": "Feature", "geometry": {"type": "Point", "coordinates": [-4.192, 38.6175]}, "properties": {"id": "413f8eb1a3bd", "ine": "13048", "first_utc": "2026-07-05T12:14:00Z", "last_utc": "2026-07-05T12:49:00Z", "detections": 7, "frp_max_mw": 18.6, "frp_total_mw": 105.9, "pixel_area_ha": 70.3, "status": "out", "fire_class": "likely_agricultural", "municipality": "Hinojosas de Calatrava", "province": "Ciudad Real", "region": "Castilla-La Mancha", "muni_dist_km": 6.6}}, {"type": "Feature", "geometry": {"type": "Point", "coordinates": [-3.3302, 40.7065]}, "properties": {"id": "82935e5ee77d", "ine": "19126", "first_utc": "2026-06-01T10:02:00Z", "last_utc": "2026-06-01T10:02:00Z", "detections": 1, "frp_max_mw": 18.5, "frp_total_mw": 18.5, "pixel_area_ha": 14.1, "status": "out", "fire_class": "likely_agricultural", "municipality": "Galápagos", "province": "Guadalajara", "region": "Castilla-La Mancha", "muni_dist_km": 1.78}}, {"type": "Feature", "geometry": {"type": "Point", "coordinates": [-3.619, 38.0919]}, "properties": {"id": "7e9bf2079535", "ine": "23055", "first_utc": "2026-07-16T13:48:00Z", "last_utc": "2026-07-16T13:48:00Z", "detections": 1, "frp_max_mw": 18.5, "frp_total_mw": 18.5, "pixel_area_ha": 14.1, "status": "out", "fire_class": "likely_agricultural", "municipality": "Linares", "province": "Jaén", "region": "Andalucía", "muni_dist_km": 1.62}}, {"type": "Feature", "geometry": {"type": "Point", "coordinates": [-5.6961, 39.5883]}, "properties": {"id": "eb1fdedb719d", "ine": "10186", "first_utc": "2026-06-10T14:48:00Z", "last_utc": "2026-06-10T14:48:00Z", "detections": 1, "frp_max_mw": 18.4, "frp_total_mw": 18.4, "pixel_area_ha": 14.1, "status": "out", "fire_class": "likely_agricultural", "municipality": "Torrecillas de la Tiesa", "province": "Cáceres", "region": "Extremadura", "muni_dist_km": 5.65}}, {"type": "Feature", "geometry": {"type": "Point", "coordinates": [-5.552, 42.6324]}, "properties": {"id": "1a70584a4fbf", "ine": "24222", "first_utc": "2026-07-12T12:38:00Z", "last_utc": "2026-07-12T13:25:00Z", "detections": 7, "frp_max_mw": 18.4, "frp_total_mw": 73.0, "pixel_area_ha": 70.3, "status": "out", "fire_class": "forest", "official_area_ha": 20.0, "municipality": "Villaquilambre", "province": "León", "region": "Castilla y León", "muni_dist_km": 1.63}}, {"type": "Feature", "geometry": {"type": "Point", "coordinates": [-0.1889, 39.9014]}, "properties": {"id": "b6aa599a51fc", "ine": "12021", "first_utc": "2026-07-26T13:59:00Z", "last_utc": "2026-07-26T13:59:00Z", "detections": 1, "frp_max_mw": 18.4, "frp_total_mw": 18.4, "pixel_area_ha": 14.1, "status": "out", "fire_class": "forest", "municipality": "Betxí", "province": "Castelló/Castellón", "region": "Comunitat Valenciana", "muni_dist_km": 2.29}}, {"type": "Feature", "geometry": {"type": "Point", "coordinates": [-3.6227, 39.7924]}, "properties": {"id": "1bc391ae859b", "ine": "45078", "first_utc": "2026-07-14T13:40:00Z", "last_utc": "2026-07-14T13:40:00Z", "detections": 2, "frp_max_mw": 18.3, "frp_total_mw": 23.5, "pixel_area_ha": 28.1, "status": "out", "fire_class": "likely_agricultural", "municipality": "Huerta de Valdecarábanos", "province": "Toledo", "region": "Castilla-La Mancha", "muni_dist_km": 5.29}}, {"type": "Feature", "geometry": {"type": "Point", "coordinates": [-0.3458, 38.957]}, "properties": {"id": "c1b7784ac7eb", "ine": "46150", "first_utc": "2026-07-17T12:23:00Z", "last_utc": "2026-07-17T13:27:00Z", "detections": 4, "frp_max_mw": 18.2, "frp_total_mw": 47.6, "pixel_area_ha": 28.1, "status": "out", "fire_class": "likely_agricultural", "municipality": "Llutxent", "province": "València/Valencia", "region": "Comunitat Valenciana", "muni_dist_km": 1.24}}, {"type": "Feature", "geometry": {"type": "Point", "coordinates": [-6.5845, 38.6419]}, "properties": {"id": "3df116e65f66", "ine": "06152", "first_utc": "2026-07-20T14:12:00Z", "last_utc": "2026-07-20T14:12:00Z", "detections": 2, "frp_max_mw": 18.2, "frp_total_mw": 35.8, "pixel_area_ha": 28.1, "status": "out", "fire_class": "likely_agricultural", "municipality": "Villalba de los Barros", "province": "Badajoz", "region": "Extremadura", "muni_dist_km": 3.73}}, {"type": "Feature", "geometry": {"type": "Point", "coordinates": [0.6071, 41.6309]}, "properties": {"id": "67d9b1070d4d", "ine": "25120", "first_utc": "2026-06-09T01:11:00Z", "last_utc": "2026-06-09T03:13:00Z", "detections": 13, "frp_max_mw": 18.1, "frp_total_mw": 64.5, "pixel_area_ha": 98.4, "status": "out", "fire_class": "agricultural", "municipality": "Lleida", "province": "Lleida", "region": "Cataluña", "muni_dist_km": 1.79}}, {"type": "Feature", "geometry": {"type": "Point", "coordinates": [0.8827, 41.6223]}, "properties": {"id": "5681c1b15d4a", "ine": "25137", "first_utc": "2026-07-08T20:36:00Z", "last_utc": "2026-07-09T04:06:00Z", "detections": 11, "frp_max_mw": 18.1, "frp_total_mw": 91.9, "pixel_area_ha": 84.4, "status": "out", "fire_class": "forest", "municipality": "Mollerussa", "province": "Lleida", "region": "Cataluña", "muni_dist_km": 0.2}}, {"type": "Feature", "geometry": {"type": "Point", "coordinates": [0.3182, 42.5626]}, "properties": {"id": "6a75693f5349", "ine": "22182", "first_utc": "2026-07-20T02:04:00Z", "last_utc": "2026-07-22T03:06:00Z", "detections": 14, "frp_max_mw": 18.0, "frp_total_mw": 45.5, "pixel_area_ha": 126.5, "status": "out", "fire_class": "forest", "municipality": "Plan", "province": "Huesca", "region": "Aragón", "muni_dist_km": 1.81}}, {"type": "Feature", "geometry": {"type": "Point", "coordinates": [-2.6924, 42.8038]}, "properties": {"id": "527111bb3d30", "ine": "01059", "first_utc": "2026-06-03T15:18:00Z", "last_utc": "2026-06-03T15:18:00Z", "detections": 1, "frp_max_mw": 17.9, "frp_total_mw": 17.9, "pixel_area_ha": 14.1, "status": "out", "fire_class": "likely_agricultural", "municipality": "Vitoria-Gasteiz", "province": "Araba/Álava", "region": "País Vasco", "muni_dist_km": 5.18}}, {"type": "Feature", "geometry": {"type": "Point", "coordinates": [-6.0355, 37.3931]}, "properties": {"id": "ca44a5894d79", "ine": "41021", "first_utc": "2026-07-17T12:23:00Z", "last_utc": "2026-07-17T14:22:00Z", "detections": 9, "frp_max_mw": 17.8, "frp_total_mw": 56.8, "pixel_area_ha": 56.2, "status": "out", "fire_class": "likely_agricultural", "municipality": "Camas", "province": "Sevilla", "region": "Andalucía", "muni_dist_km": 0.52}}, {"type": "Feature", "geometry": {"type": "Point", "coordinates": [-4.0483, 42.3858]}, "properties": {"id": "450afbab5505", "ine": "09363", "first_utc": "2026-07-01T13:29:00Z", "last_utc": "2026-07-01T13:29:00Z", "detections": 4, "frp_max_mw": 17.7, "frp_total_mw": 49.0, "pixel_area_ha": 56.2, "status": "out", "fire_class": "forest", "official_area_ha": 33.68, "municipality": "Sasamón", "province": "Burgos", "region": "Castilla y León", "muni_dist_km": 1.2}}, {"type": "Feature", "geometry": {"type": "Point", "coordinates": [-5.4201, 38.2709]}, "properties": {"id": "3aebb598b66b", "ine": "14029", "first_utc": "2026-07-17T15:20:00Z", "last_utc": "2026-07-17T15:20:00Z", "detections": 1, "frp_max_mw": 17.7, "frp_total_mw": 17.7, "pixel_area_ha": 14.1, "status": "out", "fire_class": "likely_agricultural", "municipality": "Fuente Obejuna", "province": "Córdoba", "region": "Andalucía", "muni_dist_km": 0.96}}, {"type": "Feature", "geometry": {"type": "Point", "coordinates": [-7.8112, 42.2858]}, "properties": {"id": "ba02cbe23c0e", "ine": "32075", "first_utc": "2026-06-19T10:17:00Z", "last_utc": "2026-06-19T10:17:00Z", "detections": 1, "frp_max_mw": 17.6, "frp_total_mw": 17.6, "pixel_area_ha": 14.1, "status": "out", "fire_class": "likely_agricultural", "municipality": "San Cibrao das Viñas", "province": "Ourense", "region": "Galicia", "muni_dist_km": 3.59}}, {"type": "Feature", "geometry": {"type": "Point", "coordinates": [-2.7952, 40.6712]}, "properties": {"id": "a9cca1cf001b", "ine": "19054", "first_utc": "2026-07-16T14:42:00Z", "last_utc": "2026-07-16T14:42:00Z", "detections": 1, "frp_max_mw": 17.6, "frp_total_mw": 17.6, "pixel_area_ha": 14.1, "status": "out", "fire_class": "likely_agricultural", "municipality": "Budia", "province": "Guadalajara", "region": "Castilla-La Mancha", "muni_dist_km": 2.75}}, {"type": "Feature", "geometry": {"type": "Point", "coordinates": [-4.5092, 37.9474]}, "properties": {"id": "3a31e4052f52", "ine": "14018", "first_utc": "2026-06-18T09:39:00Z", "last_utc": "2026-06-18T09:39:00Z", "detections": 1, "frp_max_mw": 17.5, "frp_total_mw": 17.5, "pixel_area_ha": 14.1, "status": "out", "fire_class": "likely_agricultural", "municipality": "El Carpio", "province": "Córdoba", "region": "Andalucía", "muni_dist_km": 2.27}}, {"type": "Feature", "geometry": {"type": "Point", "coordinates": [-3.5463, 39.1661]}, "properties": {"id": "e76be864ccac", "ine": "13018", "first_utc": "2026-06-08T12:19:00Z", "last_utc": "2026-06-08T12:53:00Z", "detections": 6, "frp_max_mw": 17.4, "frp_total_mw": 64.4, "pixel_area_ha": 70.3, "status": "out", "fire_class": "likely_agricultural", "municipality": "Arenas de San Juan", "province": "Ciudad Real", "region": "Castilla-La Mancha", "muni_dist_km": 5.21}}, {"type": "Feature", "geometry": {"type": "Point", "coordinates": [-1.6531, 42.8845]}, "properties": {"id": "858cf12c514f", "ine": "31101", "first_utc": "2026-06-25T20:21:00Z", "last_utc": "2026-06-27T03:19:00Z", "detections": 20, "frp_max_mw": 17.4, "frp_total_mw": 53.0, "pixel_area_ha": 168.7, "status": "out", "fire_class": "forest", "official_area_ha": 366.0, "perimeter_id": "541192", "municipality": "Ezcabarte", "province": "Navarra", "region": "Comunidad Foral de Navarra", "muni_dist_km": 1.55}}, {"type": "Feature", "geometry": {"type": "Point", "coordinates": [0.5893, 41.7406]}, "properties": {"id": "791d5bace24e", "ine": "25016", "first_utc": "2026-07-08T00:48:00Z", "last_utc": "2026-07-08T02:28:00Z", "detections": 7, "frp_max_mw": 17.4, "frp_total_mw": 66.8, "pixel_area_ha": 56.2, "status": "out", "fire_class": "forest", "municipality": "Alguaire", "province": "Lleida", "region": "Cataluña", "muni_dist_km": 2.14}}, {"type": "Feature", "geometry": {"type": "Point", "coordinates": [-5.35, 43.1372]}, "properties": {"id": "7f5a432b4374", "ine": "33015", "first_utc": "2026-07-22T12:32:00Z", "last_utc": "2026-07-24T03:49:00Z", "detections": 29, "frp_max_mw": 17.4, "frp_total_mw": 196.5, "pixel_area_ha": 112.5, "status": "out", "fire_class": "forest", "municipality": "Caso", "province": "Asturias", "region": "Principado de Asturias", "muni_dist_km": 2.64}}, {"type": "Feature", "geometry": {"type": "Point", "coordinates": [1.2352, 41.1837]}, "properties": {"id": "2acb23e98ab0", "ine": "43103", "first_utc": "2026-07-25T11:53:00Z", "last_utc": "2026-07-25T11:53:00Z", "detections": 4, "frp_max_mw": 17.4, "frp_total_mw": 55.0, "pixel_area_ha": 56.2, "status": "out", "fire_class": "likely_agricultural", "municipality": "Perafort", "province": "Tarragona", "region": "Cataluña", "muni_dist_km": 0.5}}, {"type": "Feature", "geometry": {"type": "Point", "coordinates": [-7.7377, 42.9288]}, "properties": {"id": "fe923d6e8778", "ine": "27023", "first_utc": "2026-07-07T15:33:00Z", "last_utc": "2026-07-08T03:49:00Z", "detections": 5, "frp_max_mw": 17.2, "frp_total_mw": 34.0, "pixel_area_ha": 56.2, "status": "out", "fire_class": "forest", "official_area_ha": 33.0, "perimeter_id": "561118", "municipality": "Guntín", "province": "Lugo", "region": "Galicia", "muni_dist_km": 6.74}}, {"type": "Feature", "geometry": {"type": "Point", "coordinates": [2.9862, 39.3888]}, "properties": {"id": "c5768a48eeea", "ine": "07013", "first_utc": "2026-06-24T13:14:00Z", "last_utc": "2026-06-24T13:14:00Z", "detections": 1, "frp_max_mw": 17.1, "frp_total_mw": 17.1, "pixel_area_ha": 14.1, "status": "out", "fire_class": "likely_agricultural", "municipality": "Campos", "province": "Illes Balears", "region": "Illes Balears", "muni_dist_km": 3.16}}, {"type": "Feature", "geometry": {"type": "Point", "coordinates": [-3.6951, 37.2252]}, "properties": {"id": "6b06aebafd28", "ine": "18022", "first_utc": "2026-06-27T13:38:00Z", "last_utc": "2026-06-27T13:57:00Z", "detections": 2, "frp_max_mw": 17.1, "frp_total_mw": 21.8, "pixel_area_ha": 28.1, "status": "out", "fire_class": "likely_agricultural", "municipality": "Atarfe", "province": "Granada", "region": "Andalucía", "muni_dist_km": 3.35}}, {"type": "Feature", "geometry": {"type": "Point", "coordinates": [2.8881, 42.3038]}, "properties": {"id": "75af09bfe8d8", "ine": "17093", "first_utc": "2026-07-06T11:55:00Z", "last_utc": "2026-07-07T02:45:00Z", "detections": 8, "frp_max_mw": 17.1, "frp_total_mw": 48.4, "pixel_area_ha": 42.2, "status": "out", "fire_class": "agricultural", "official_area_ha": 7.0, "perimeter_id": "558929", "municipality": "Llers", "province": "Girona", "region": "Cataluña", "muni_dist_km": 2.11}}, {"type": "Feature", "geometry": {"type": "Point", "coordinates": [-5.4413, 42.348]}, "properties": {"id": "8a3c1d4121f4", "ine": "24107", "first_utc": "2026-07-24T10:09:00Z", "last_utc": "2026-07-24T10:09:00Z", "detections": 1, "frp_max_mw": 17.1, "frp_total_mw": 17.1, "pixel_area_ha": 14.1, "status": "out", "fire_class": "likely_agricultural", "municipality": "Pajares de los Oteros", "province": "León", "region": "Castilla y León", "muni_dist_km": 1.85}}, {"type": "Feature", "geometry": {"type": "Point", "coordinates": [-2.9834, 36.76]}, "properties": {"id": "61cca7b34880", "ine": "04904", "first_utc": "2026-06-15T14:42:00Z", "last_utc": "2026-06-15T14:42:00Z", "detections": 1, "frp_max_mw": 17.0, "frp_total_mw": 17.0, "pixel_area_ha": 14.1, "status": "out", "fire_class": "likely_agricultural", "municipality": "Balanegra", "province": "Almería", "region": "Andalucía", "muni_dist_km": 5.01}}, {"type": "Feature", "geometry": {"type": "Point", "coordinates": [-0.5033, 41.8646]}, "properties": {"id": "ee942d1b8d2e", "ine": "22197", "first_utc": "2026-07-06T14:12:00Z", "last_utc": "2026-07-06T14:12:00Z", "detections": 1, "frp_max_mw": 16.9, "frp_total_mw": 16.9, "pixel_area_ha": 14.1, "status": "out", "fire_class": "likely_agricultural", "municipality": "Robres", "province": "Huesca", "region": "Aragón", "muni_dist_km": 2.41}}, {"type": "Feature", "geometry": {"type": "Point", "coordinates": [-3.9142, 40.0513]}, "properties": {"id": "b09e405ef758", "ine": "45203", "first_utc": "2026-06-24T12:19:00Z", "last_utc": "2026-06-24T13:59:00Z", "detections": 6, "frp_max_mw": 16.8, "frp_total_mw": 46.9, "pixel_area_ha": 42.2, "status": "out", "fire_class": "likely_agricultural", "municipality": "Yuncler", "province": "Toledo", "region": "Castilla-La Mancha", "muni_dist_km": 0.77}}, {"type": "Feature", "geometry": {"type": "Point", "coordinates": [-5.3761, 40.0908]}, "properties": {"id": "6ec7fb5bff6f", "ine": "10905", "first_utc": "2026-06-02T12:32:00Z", "last_utc": "2026-06-02T12:32:00Z", "detections": 1, "frp_max_mw": 16.6, "frp_total_mw": 16.6, "pixel_area_ha": 14.1, "status": "out", "fire_class": "likely_agricultural", "municipality": "Pueblonuevo de Miramontes", "province": "Cáceres", "region": "Extremadura", "muni_dist_km": 2.65}}, {"type": "Feature", "geometry": {"type": "Point", "coordinates": [-3.77, 37.7965]}, "properties": {"id": "e36635f1d745", "ine": "23050", "first_utc": "2026-06-13T09:39:00Z", "last_utc": "2026-06-13T09:39:00Z", "detections": 1, "frp_max_mw": 16.5, "frp_total_mw": 16.5, "pixel_area_ha": 14.1, "status": "out", "fire_class": "likely_agricultural", "municipality": "Jaén", "province": "Jaén", "region": "Andalucía", "muni_dist_km": 2.17}}, {"type": "Feature", "geometry": {"type": "Point", "coordinates": [-3.9491, 40.3162]}, "properties": {"id": "8c18dc0e4041", "ine": "28181", "first_utc": "2026-07-10T12:55:00Z", "last_utc": "2026-07-10T13:59:00Z", "detections": 3, "frp_max_mw": 16.5, "frp_total_mw": 26.1, "pixel_area_ha": 42.2, "status": "out", "fire_class": "likely_agricultural", "municipality": "Villaviciosa de Odón", "province": "Madrid", "region": "Comunidad de Madrid", "muni_dist_km": 4.49}}, {"type": "Feature", "geometry": {"type": "Point", "coordinates": [-4.895, 39.9286]}, "properties": {"id": "d1dda29ae9fa", "ine": "45165", "first_utc": "2026-07-02T13:46:00Z", "last_utc": "2026-07-02T13:46:00Z", "detections": 2, "frp_max_mw": 16.4, "frp_total_mw": 25.4, "pixel_area_ha": 28.1, "status": "out", "fire_class": "likely_agricultural", "municipality": "Talavera de la Reina", "province": "Toledo", "region": "Castilla-La Mancha", "muni_dist_km": 4.75}}, {"type": "Feature", "geometry": {"type": "Point", "coordinates": [-6.2979, 39.839]}, "properties": {"id": "279e4d3d7706", "ine": "10056", "first_utc": "2026-07-09T21:16:00Z", "last_utc": "2026-07-09T21:16:00Z", "detections": 1, "frp_max_mw": 16.4, "frp_total_mw": 16.4, "pixel_area_ha": 14.1, "status": "out", "fire_class": "forest", "municipality": "Casas de Millán", "province": "Cáceres", "region": "Extremadura", "muni_dist_km": 5.49}}, {"type": "Feature", "geometry": {"type": "Point", "coordinates": [1.3982, 41.4814]}, "properties": {"id": "6314b99ea537", "ine": "43141", "first_utc": "2026-07-18T13:10:00Z", "last_utc": "2026-07-18T13:10:00Z", "detections": 2, "frp_max_mw": 16.4, "frp_total_mw": 32.9, "pixel_area_ha": 28.1, "status": "out", "fire_class": "agricultural", "official_area_ha": 6.0, "perimeter_id": "562510", "municipality": "Pontils", "province": "Tarragona", "region": "Cataluña", "muni_dist_km": 1.38}}, {"type": "Feature", "geometry": {"type": "Point", "coordinates": [-2.1236, 41.6832]}, "properties": {"id": "2710402abf27", "ine": "42022", "first_utc": "2026-07-21T13:53:00Z", "last_utc": "2026-07-21T13:53:00Z", "detections": 4, "frp_max_mw": 16.3, "frp_total_mw": 53.8, "pixel_area_ha": 56.2, "status": "out", "fire_class": "forest", "municipality": "Almenar de Soria", "province": "Soria", "region": "Castilla y León", "muni_dist_km": 3.12}}, {"type": "Feature", "geometry": {"type": "Point", "coordinates": [-1.6019, 42.355]}, "properties": {"id": "8fba7bb08797", "ine": "31178", "first_utc": "2026-06-15T13:29:00Z", "last_utc": "2026-06-15T13:29:00Z", "detections": 1, "frp_max_mw": 16.2, "frp_total_mw": 16.2, "pixel_area_ha": 14.1, "status": "out", "fire_class": "likely_agricultural", "municipality": "Murillo el Cuende", "province": "Navarra", "region": "Comunidad Foral de Navarra", "muni_dist_km": 1.25}}, {"type": "Feature", "geometry": {"type": "Point", "coordinates": [1.6102, 41.7187]}, "properties": {"id": "3426979db67f", "ine": "08002", "first_utc": "2026-07-14T15:03:00Z", "last_utc": "2026-07-14T15:03:00Z", "detections": 1, "frp_max_mw": 16.2, "frp_total_mw": 16.2, "pixel_area_ha": 14.1, "status": "out", "fire_class": "likely_agricultural", "municipality": "Aguilar de Segarra", "province": "Barcelona", "region": "Cataluña", "muni_dist_km": 1.38}}, {"type": "Feature", "geometry": {"type": "Point", "coordinates": [-3.474, 39.2392]}, "properties": {"id": "a8cb71658d6b", "ine": "13070", "first_utc": "2026-07-24T12:12:00Z", "last_utc": "2026-07-24T12:12:00Z", "detections": 4, "frp_max_mw": 16.2, "frp_total_mw": 44.6, "pixel_area_ha": 56.2, "status": "out", "fire_class": "likely_agricultural", "municipality": "Puerto Lápice", "province": "Ciudad Real", "region": "Castilla-La Mancha", "muni_dist_km": 3.64}}, {"type": "Feature", "geometry": {"type": "Point", "coordinates": [-5.3894, 37.2663]}, "properties": {"id": "4c07ab88b6b9", "ine": "41060", "first_utc": "2026-07-03T13:44:00Z", "last_utc": "2026-07-03T13:44:00Z", "detections": 1, "frp_max_mw": 16.1, "frp_total_mw": 16.1, "pixel_area_ha": 14.1, "status": "out", "fire_class": "likely_agricultural", "municipality": "Marchena", "province": "Sevilla", "region": "Andalucía", "muni_dist_km": 7.64}}, {"type": "Feature", "geometry": {"type": "Point", "coordinates": [-5.5902, 42.589]}, "properties": {"id": "c1c9999818c8", "ine": "24089", "first_utc": "2026-07-10T12:55:00Z", "last_utc": "2026-07-10T12:55:00Z", "detections": 2, "frp_max_mw": 16.1, "frp_total_mw": 21.9, "pixel_area_ha": 28.1, "status": "out", "fire_class": "likely_agricultural", "municipality": "León", "province": "León", "region": "Castilla y León", "muni_dist_km": 1.04}}, {"type": "Feature", "geometry": {"type": "Point", "coordinates": [-2.0469, 37.2263]}, "properties": {"id": "2d23470008b5", "ine": "04059", "first_utc": "2026-07-10T20:17:00Z", "last_utc": "2026-07-10T20:17:00Z", "detections": 1, "frp_max_mw": 16.1, "frp_total_mw": 16.1, "pixel_area_ha": 14.1, "status": "out", "fire_class": "forest", "municipality": "Lubrín", "province": "Almería", "region": "Andalucía", "muni_dist_km": 1.83}}, {"type": "Feature", "geometry": {"type": "Point", "coordinates": [-3.7793, 42.2795]}, "properties": {"id": "541cf319f522", "ine": "09009", "first_utc": "2026-06-10T01:11:00Z", "last_utc": "2026-06-12T02:15:00Z", "detections": 31, "frp_max_mw": 15.9, "frp_total_mw": 186.6, "pixel_area_ha": 98.4, "status": "out", "fire_class": "forest", "official_area_ha": 2.69, "municipality": "Albillos", "province": "Burgos", "region": "Castilla y León", "muni_dist_km": 0.62}}, {"type": "Feature", "geometry": {"type": "Point", "coordinates": [-5.8761, 37.222]}, "properties": {"id": "7d5a81591c2a", "ine": "41038", "first_utc": "2026-06-06T21:04:00Z", "last_utc": "2026-06-07T02:58:00Z", "detections": 8, "frp_max_mw": 15.8, "frp_total_mw": 29.9, "pixel_area_ha": 84.4, "status": "out", "fire_class": "forest", "municipality": "Dos Hermanas", "province": "Sevilla", "region": "Andalucía", "muni_dist_km": 8.12}}, {"type": "Feature", "geometry": {"type": "Point", "coordinates": [-0.1682, 41.8074]}, "properties": {"id": "0b3da7474fb5", "ine": "22079", "first_utc": "2026-06-22T00:48:00Z", "last_utc": "2026-06-22T02:28:00Z", "detections": 7, "frp_max_mw": 15.7, "frp_total_mw": 50.6, "pixel_area_ha": 28.1, "status": "out", "fire_class": "forest", "municipality": "Capdesaso", "province": "Huesca", "region": "Aragón", "muni_dist_km": 4.05}}, {"type": "Feature", "geometry": {"type": "Point", "coordinates": [1.4772, 41.3957]}, "properties": {"id": "933512b4f423", "ine": "08168", "first_utc": "2026-07-12T19:57:00Z", "last_utc": "2026-07-12T19:57:00Z", "detections": 1, "frp_max_mw": 15.6, "frp_total_mw": 15.6, "pixel_area_ha": 14.1, "status": "out", "fire_class": "forest", "municipality": "Pontons", "province": "Barcelona", "region": "Cataluña", "muni_dist_km": 3.48}}, {"type": "Feature", "geometry": {"type": "Point", "coordinates": [-5.9136, 37.1559]}, "properties": {"id": "e8c7d971dd44", "ine": "41069", "first_utc": "2026-07-26T12:55:00Z", "last_utc": "2026-07-26T12:55:00Z", "detections": 2, "frp_max_mw": 15.6, "frp_total_mw": 28.6, "pixel_area_ha": 28.1, "status": "out", "fire_class": "likely_agricultural", "municipality": "Los Palacios y Villafranca", "province": "Sevilla", "region": "Andalucía", "muni_dist_km": 0.77}}, {"type": "Feature", "geometry": {"type": "Point", "coordinates": [-7.0768, 37.5432]}, "properties": {"id": "cc44ae0b4f4e", "ine": "21006", "first_utc": "2026-06-04T21:23:00Z", "last_utc": "2026-06-04T21:23:00Z", "detections": 1, "frp_max_mw": 15.5, "frp_total_mw": 15.5, "pixel_area_ha": 14.1, "status": "out", "fire_class": "forest", "municipality": "Alosno", "province": "Huelva", "region": "Andalucía", "muni_dist_km": 2.59}}, {"type": "Feature", "geometry": {"type": "Point", "coordinates": [1.91, 41.7744]}, "properties": {"id": "05cc169145d9", "ine": "08140", "first_utc": "2026-07-08T13:53:00Z", "last_utc": "2026-07-10T01:52:00Z", "detections": 12, "frp_max_mw": 15.4, "frp_total_mw": 40.1, "pixel_area_ha": 98.4, "status": "out", "fire_class": "agricultural", "official_area_ha": 27.0, "perimeter_id": "560890", "municipality": "Navarcles", "province": "Barcelona", "region": "Cataluña", "muni_dist_km": 1.48}}, {"type": "Feature", "geometry": {"type": "Point", "coordinates": [-3.5351, 37.3865]}, "properties": {"id": "9296d3864465", "ine": "18105", "first_utc": "2026-06-21T15:14:00Z", "last_utc": "2026-06-21T15:14:00Z", "detections": 1, "frp_max_mw": 15.3, "frp_total_mw": 15.3, "pixel_area_ha": 14.1, "status": "out", "fire_class": "likely_agricultural", "municipality": "Iznalloz", "province": "Granada", "region": "Andalucía", "muni_dist_km": 1.81}}, {"type": "Feature", "geometry": {"type": "Point", "coordinates": [-4.1051, 38.6738]}, "properties": {"id": "2a113ce822bb", "ine": "13071", "first_utc": "2026-06-29T01:39:00Z", "last_utc": "2026-06-29T03:19:00Z", "detections": 9, "frp_max_mw": 15.3, "frp_total_mw": 29.1, "pixel_area_ha": 56.2, "status": "out", "fire_class": "forest", "municipality": "Puertollano", "province": "Ciudad Real", "region": "Castilla-La Mancha", "muni_dist_km": 4.53}}, {"type": "Feature", "geometry": {"type": "Point", "coordinates": [-3.6081, 40.3236]}, "properties": {"id": "71617cb7f226", "ine": "28065", "first_utc": "2026-07-18T13:10:00Z", "last_utc": "2026-07-18T13:10:00Z", "detections": 2, "frp_max_mw": 15.3, "frp_total_mw": 30.7, "pixel_area_ha": 28.1, "status": "out", "fire_class": "likely_agricultural", "municipality": "Getafe", "province": "Madrid", "region": "Comunidad de Madrid", "muni_dist_km": 6.13}}, {"type": "Feature", "geometry": {"type": "Point", "coordinates": [-4.8697, 39.9433]}, "properties": {"id": "4d65a12d39f3", "ine": "45165", "first_utc": "2026-07-22T13:36:00Z", "last_utc": "2026-07-22T15:14:00Z", "detections": 6, "frp_max_mw": 15.3, "frp_total_mw": 77.1, "pixel_area_ha": 70.3, "status": "out", "fire_class": "likely_agricultural", "municipality": "Talavera de la Reina", "province": "Toledo", "region": "Castilla-La Mancha", "muni_dist_km": 1.65}}, {"type": "Feature", "geometry": {"type": "Point", "coordinates": [-5.9014, 41.8056]}, "properties": {"id": "87b12912578c", "ine": "49164", "first_utc": "2026-07-19T10:09:00Z", "last_utc": "2026-07-19T10:09:00Z", "detections": 1, "frp_max_mw": 15.2, "frp_total_mw": 15.2, "pixel_area_ha": 14.1, "status": "out", "fire_class": "likely_agricultural", "municipality": "Pozuelo de Tábara", "province": "Zamora", "region": "Castilla y León", "muni_dist_km": 2.9}}, {"type": "Feature", "geometry": {"type": "Point", "coordinates": [-5.7316, 43.526]}, "properties": {"id": "42e04ba9d69b", "ine": "33024", "first_utc": "2026-07-19T01:28:00Z", "last_utc": "2026-07-23T14:12:00Z", "detections": 74, "frp_max_mw": 15.2, "frp_total_mw": 285.6, "pixel_area_ha": 154.7, "status": "out", "fire_class": "forest", "municipality": "Gijón", "province": "Asturias", "region": "Principado de Asturias", "muni_dist_km": 4.21}}, {"type": "Feature", "geometry": {"type": "Point", "coordinates": [-6.4892, 38.8693]}, "properties": {"id": "b4abb7e329c0", "ine": "06012", "first_utc": "2026-06-11T01:41:00Z", "last_utc": "2026-06-11T02:36:00Z", "detections": 5, "frp_max_mw": 15.1, "frp_total_mw": 29.7, "pixel_area_ha": 42.2, "status": "out", "fire_class": "forest", "municipality": "Arroyo de San Serván", "province": "Badajoz", "region": "Extremadura", "muni_dist_km": 4.39}}, {"type": "Feature", "geometry": {"type": "Point", "coordinates": [-5.8511, 39.476]}, "properties": {"id": "1e6b87483d95", "ine": "10113", "first_utc": "2026-06-18T13:08:00Z", "last_utc": "2026-06-18T13:08:00Z", "detections": 1, "frp_max_mw": 15.1, "frp_total_mw": 15.1, "pixel_area_ha": 14.1, "status": "out", "fire_class": "likely_agricultural", "municipality": "Madroñera", "province": "Cáceres", "region": "Extremadura", "muni_dist_km": 10.33}}, {"type": "Feature", "geometry": {"type": "Point", "coordinates": [-4.9474, 41.0978]}, "properties": {"id": "0496d5dbf4c8", "ine": "05134", "first_utc": "2026-06-08T14:35:00Z", "last_utc": "2026-06-08T14:35:00Z", "detections": 5, "frp_max_mw": 15.0, "frp_total_mw": 60.4, "pixel_area_ha": 42.2, "status": "out", "fire_class": "likely_agricultural", "municipality": "Moraleja de Matacabras", "province": "Ávila", "region": "Castilla y León", "muni_dist_km": 1.43}}, {"type": "Feature", "geometry": {"type": "Point", "coordinates": [0.8737, 41.4229]}, "properties": {"id": "a2bd86262a73", "ine": "25073", "first_utc": "2026-06-14T13:01:00Z", "last_utc": "2026-06-14T13:48:00Z", "detections": 2, "frp_max_mw": 15.0, "frp_total_mw": 26.6, "pixel_area_ha": 28.1, "status": "out", "fire_class": "agricultural", "official_area_ha": 50.0, "perimeter_id": "527106", "municipality": "Cervià de les Garrigues", "province": "Lleida", "region": "Cataluña", "muni_dist_km": 3.05}}, {"type": "Feature", "geometry": {"type": "Point", "coordinates": [-7.5745, 43.0529]}, "properties": {"id": "e911dfa0bec3", "ine": "27028", "first_utc": "2026-06-27T10:34:00Z", "last_utc": "2026-06-27T10:34:00Z", "detections": 1, "frp_max_mw": 15.0, "frp_total_mw": 15.0, "pixel_area_ha": 14.1, "status": "out", "fire_class": "likely_agricultural", "municipality": "Lugo", "province": "Lugo", "region": "Galicia", "muni_dist_km": 5.79}}, {"type": "Feature", "geometry": {"type": "Point", "coordinates": [-2.5964, 41.198]}, "properties": {"id": "dc6a0765f301", "ine": "19256", "first_utc": "2026-07-13T09:32:00Z", "last_utc": "2026-07-13T09:32:00Z", "detections": 1, "frp_max_mw": 15.0, "frp_total_mw": 15.0, "pixel_area_ha": 14.1, "status": "out", "fire_class": "forest", "municipality": "Sienes", "province": "Guadalajara", "region": "Castilla-La Mancha", "muni_dist_km": 3.35}}, {"type": "Feature", "geometry": {"type": "Point", "coordinates": [-3.685, 40.2715]}, "properties": {"id": "ead8a5a7e061", "ine": "28113", "first_utc": "2026-07-07T13:16:00Z", "last_utc": "2026-07-07T13:16:00Z", "detections": 1, "frp_max_mw": 14.9, "frp_total_mw": 14.9, "pixel_area_ha": 14.1, "status": "out", "fire_class": "likely_agricultural", "municipality": "Pinto", "province": "Madrid", "region": "Comunidad de Madrid", "muni_dist_km": 2.73}}, {"type": "Feature", "geometry": {"type": "Point", "coordinates": [-4.0533, 42.1606]}, "properties": {"id": "3d96d8965d4e", "ine": "09467", "first_utc": "2026-07-28T02:00:00Z", "last_utc": "2026-07-28T04:42:00Z", "detections": 7, "frp_max_mw": 14.9, "frp_total_mw": 80.1, "pixel_area_ha": 56.2, "status": "active", "fire_class": "forest", "municipality": "Villaverde-Mogina", "province": "Burgos", "region": "Castilla y León", "muni_dist_km": 0.94}}, {"type": "Feature", "geometry": {"type": "Point", "coordinates": [-4.4676, 39.9694]}, "properties": {"id": "6e6d32874cfc", "ine": "45039", "first_utc": "2026-06-23T09:37:00Z", "last_utc": "2026-06-23T09:37:00Z", "detections": 1, "frp_max_mw": 14.8, "frp_total_mw": 14.8, "pixel_area_ha": 14.1, "status": "out", "fire_class": "likely_agricultural", "municipality": "Carriches", "province": "Toledo", "region": "Castilla-La Mancha", "muni_dist_km": 0.88}}, {"type": "Feature", "geometry": {"type": "Point", "coordinates": [-6.7396, 38.6514]}, "properties": {"id": "509cd0a884a6", "ine": "06131", "first_utc": "2026-07-09T12:38:00Z", "last_utc": "2026-07-09T12:38:00Z", "detections": 7, "frp_max_mw": 14.8, "frp_total_mw": 72.8, "pixel_area_ha": 98.4, "status": "out", "fire_class": "likely_agricultural", "municipality": "Torre de Miguel Sesmero", "province": "Badajoz", "region": "Extremadura", "muni_dist_km": 1.81}}, {"type": "Feature", "geometry": {"type": "Point", "coordinates": [-0.355, 38.9253]}, "properties": {"id": "eb1ffa05b563", "ine": "46057", "first_utc": "2026-07-09T12:38:00Z", "last_utc": "2026-07-09T15:09:00Z", "detections": 6, "frp_max_mw": 14.8, "frp_total_mw": 57.8, "pixel_area_ha": 70.3, "status": "out", "fire_class": "likely_agricultural", "municipality": "Benicolet", "province": "València/Valencia", "region": "Comunitat Valenciana", "muni_dist_km": 1.8}}, {"type": "Feature", "geometry": {"type": "Point", "coordinates": [-6.2672, 37.4134]}, "properties": {"id": "ca8b1c7f0c97", "ine": "41087", "first_utc": "2026-07-14T12:44:00Z", "last_utc": "2026-07-14T12:44:00Z", "detections": 2, "frp_max_mw": 14.8, "frp_total_mw": 17.9, "pixel_area_ha": 28.1, "status": "out", "fire_class": "likely_agricultural", "municipality": "Sanlúcar la Mayor", "province": "Sevilla", "region": "Andalucía", "muni_dist_km": 4.6}}, {"type": "Feature", "geometry": {"type": "Point", "coordinates": [-6.7479, 39.8122]}, "properties": {"id": "9b896198852f", "ine": "10061", "first_utc": "2026-07-16T13:01:00Z", "last_utc": "2026-07-16T13:01:00Z", "detections": 1, "frp_max_mw": 14.8, "frp_total_mw": 14.8, "pixel_area_ha": 14.1, "status": "out", "fire_class": "likely_agricultural", "municipality": "Ceclavín", "province": "Cáceres", "region": "Extremadura", "muni_dist_km": 1.8}}, {"type": "Feature", "geometry": {"type": "Point", "coordinates": [-3.9952, 42.304]}, "properties": {"id": "8e65967ed722", "ine": "09180", "first_utc": "2026-07-07T13:16:00Z", "last_utc": "2026-07-07T13:16:00Z", "detections": 6, "frp_max_mw": 14.7, "frp_total_mw": 59.5, "pixel_area_ha": 84.4, "status": "out", "fire_class": "forest", "official_area_ha": 60.0, "perimeter_id": "561132", "municipality": "Iglesias", "province": "Burgos", "region": "Castilla y León", "muni_dist_km": 0.14}}, {"type": "Feature", "geometry": {"type": "Point", "coordinates": [-4.6588, 37.7971]}, "properties": {"id": "88653e2a5ca8", "ine": "14021", "first_utc": "2026-06-19T13:55:00Z", "last_utc": "2026-06-19T13:55:00Z", "detections": 5, "frp_max_mw": 14.6, "frp_total_mw": 58.4, "pixel_area_ha": 56.2, "status": "out", "fire_class": "likely_agricultural", "municipality": "Córdoba", "province": "Córdoba", "region": "Andalucía", "muni_dist_km": 6.6}}, {"type": "Feature", "geometry": {"type": "Point", "coordinates": [-7.0609, 38.8113]}, "properties": {"id": "8e24a75a9fb2", "ine": "06143", "first_utc": "2026-07-09T12:38:00Z", "last_utc": "2026-07-09T12:38:00Z", "detections": 6, "frp_max_mw": 14.6, "frp_total_mw": 60.8, "pixel_area_ha": 84.4, "status": "out", "fire_class": "likely_agricultural", "municipality": "Valverde de Leganés", "province": "Badajoz", "region": "Extremadura", "muni_dist_km": 16.93}}, {"type": "Feature", "geometry": {"type": "Point", "coordinates": [-4.291, 40.2357]}, "properties": {"id": "fff8f67d6529", "ine": "28171", "first_utc": "2026-06-14T02:26:00Z", "last_utc": "2026-06-14T03:17:00Z", "detections": 6, "frp_max_mw": 14.5, "frp_total_mw": 28.0, "pixel_area_ha": 56.2, "status": "out", "fire_class": "forest", "municipality": "Villa del Prado", "province": "Madrid", "region": "Comunidad de Madrid", "muni_dist_km": 4.31}}, {"type": "Feature", "geometry": {"type": "Point", "coordinates": [-1.9239, 37.0336]}, "properties": {"id": "facf0213dc43", "ine": "04032", "first_utc": "2026-06-17T09:00:00Z", "last_utc": "2026-06-17T09:00:00Z", "detections": 1, "frp_max_mw": 14.4, "frp_total_mw": 14.4, "pixel_area_ha": 14.1, "status": "out", "fire_class": "likely_agricultural", "municipality": "Carboneras", "province": "Almería", "region": "Andalucía", "muni_dist_km": 3.59}}, {"type": "Feature", "geometry": {"type": "Point", "coordinates": [-5.2235, 39.2774]}, "properties": {"id": "638fbd290a74", "ine": "06137", "first_utc": "2026-06-21T13:53:00Z", "last_utc": "2026-06-21T13:53:00Z", "detections": 3, "frp_max_mw": 14.4, "frp_total_mw": 31.5, "pixel_area_ha": 42.2, "status": "out", "fire_class": "likely_agricultural", "municipality": "Valdecaballeros", "province": "Badajoz", "region": "Extremadura", "muni_dist_km": 2.3}}, {"type": "Feature", "geometry": {"type": "Point", "coordinates": [-0.5569, 39.5916]}, "properties": {"id": "ab7d8e2e2aa4", "ine": "46202", "first_utc": "2026-07-04T15:16:00Z", "last_utc": "2026-07-04T15:16:00Z", "detections": 1, "frp_max_mw": 14.4, "frp_total_mw": 14.4, "pixel_area_ha": 14.1, "status": "out", "fire_class": "likely_agricultural", "municipality": "la Pobla de Vallbona", "province": "València/Valencia", "region": "Comunitat Valenciana", "muni_dist_km": 1.69}}, {"type": "Feature", "geometry": {"type": "Point", "coordinates": [-2.9099, 40.3523]}, "properties": {"id": "c17e212a4835", "ine": "19335", "first_utc": "2026-07-27T12:02:00Z", "last_utc": "2026-07-27T12:02:00Z", "detections": 4, "frp_max_mw": 14.4, "frp_total_mw": 34.7, "pixel_area_ha": 56.2, "status": "dying_down", "fire_class": "likely_agricultural", "municipality": "Zorita de los Canes", "province": "Guadalajara", "region": "Castilla-La Mancha", "muni_dist_km": 2.73}}, {"type": "Feature", "geometry": {"type": "Point", "coordinates": [-6.1914, 38.9011]}, "properties": {"id": "28ff807342c6", "ine": "06145", "first_utc": "2026-06-24T15:29:00Z", "last_utc": "2026-06-24T15:29:00Z", "detections": 1, "frp_max_mw": 14.3, "frp_total_mw": 14.3, "pixel_area_ha": 14.1, "status": "out", "fire_class": "likely_agricultural", "municipality": "Valverde de Mérida", "province": "Badajoz", "region": "Extremadura", "muni_dist_km": 3.42}}, {"type": "Feature", "geometry": {"type": "Point", "coordinates": [-5.9938, 37.5535]}, "properties": {"id": "2d8173c4b999", "ine": "41005", "first_utc": "2026-07-06T20:57:00Z", "last_utc": "2026-07-06T20:57:00Z", "detections": 1, "frp_max_mw": 14.3, "frp_total_mw": 14.3, "pixel_area_ha": 14.1, "status": "out", "fire_class": "forest", "municipality": "Alcalá del Río", "province": "Sevilla", "region": "Andalucía", "muni_dist_km": 2.12}}, {"type": "Feature", "geometry": {"type": "Point", "coordinates": [-0.9804, 41.6421]}, "properties": {"id": "dd6d6510865d", "ine": "50297", "first_utc": "2026-07-26T09:49:00Z", "last_utc": "2026-07-26T09:49:00Z", "detections": 1, "frp_max_mw": 14.3, "frp_total_mw": 14.3, "pixel_area_ha": 14.1, "status": "out", "fire_class": "likely_agricultural", "municipality": "Zaragoza", "province": "Zaragoza", "region": "Aragón", "muni_dist_km": 6.15}}, {"type": "Feature", "geometry": {"type": "Point", "coordinates": [0.1317, 42.0279]}, "properties": {"id": "c789ad8f289a", "ine": "22048", "first_utc": "2026-06-22T11:51:00Z", "last_utc": "2026-06-22T13:53:00Z", "detections": 6, "frp_max_mw": 14.2, "frp_total_mw": 54.1, "pixel_area_ha": 42.2, "status": "out", "fire_class": "likely_agricultural", "municipality": "Barbastro", "province": "Huesca", "region": "Aragón", "muni_dist_km": 0.85}}, {"type": "Feature", "geometry": {"type": "Point", "coordinates": [-1.061, 42.2354]}, "properties": {"id": "92c70dfdf378", "ine": "50036", "first_utc": "2026-07-17T19:57:00Z", "last_utc": "2026-07-17T19:57:00Z", "detections": 1, "frp_max_mw": 14.1, "frp_total_mw": 14.1, "pixel_area_ha": 14.1, "status": "out", "fire_class": "forest", "municipality": "Asín", "province": "Zaragoza", "region": "Aragón", "muni_dist_km": 3.86}}, {"type": "Feature", "geometry": {"type": "Point", "coordinates": [-7.0015, 41.9468]}, "properties": {"id": "8d2ae88a6b33", "ine": "32048", "first_utc": "2026-06-06T10:00:00Z", "last_utc": "2026-06-06T10:00:00Z", "detections": 1, "frp_max_mw": 14.0, "frp_total_mw": 14.0, "pixel_area_ha": 14.1, "status": "out", "fire_class": "likely_agricultural", "municipality": "A Mezquita", "province": "Ourense", "region": "Galicia", "muni_dist_km": 7.19}}, {"type": "Feature", "geometry": {"type": "Point", "coordinates": [-5.8314, 43.5398]}, "properties": {"id": "0bb48aa52b0f", "ine": "33014", "first_utc": "2026-07-21T01:43:00Z", "last_utc": "2026-07-26T02:38:00Z", "detections": 26, "frp_max_mw": 14.0, "frp_total_mw": 74.0, "pixel_area_ha": 112.5, "status": "out", "fire_class": "forest", "municipality": "Carreño", "province": "Asturias", "region": "Principado de Asturias", "muni_dist_km": 3.11}}, {"type": "Feature", "geometry": {"type": "Point", "coordinates": [-3.6965, 40.0462]}, "properties": {"id": "2437cb86b52f", "ine": "45021", "first_utc": "2026-07-01T20:59:00Z", "last_utc": "2026-07-01T20:59:00Z", "detections": 1, "frp_max_mw": 13.9, "frp_total_mw": 13.9, "pixel_area_ha": 14.1, "status": "out", "fire_class": "forest", "municipality": "Borox", "province": "Toledo", "region": "Castilla-La Mancha", "muni_dist_km": 2.26}}, {"type": "Feature", "geometry": {"type": "Point", "coordinates": [-2.9554, 43.1441]}, "properties": {"id": "8ca7395c6c69", "ine": "01036", "first_utc": "2026-07-21T09:49:00Z", "last_utc": "2026-07-21T09:49:00Z", "detections": 1, "frp_max_mw": 13.9, "frp_total_mw": 13.9, "pixel_area_ha": 14.1, "status": "out", "fire_class": "likely_agricultural", "municipality": "Laudio/Llodio", "province": "Araba/Álava", "region": "País Vasco", "muni_dist_km": 1.92}}, {"type": "Feature", "geometry": {"type": "Point", "coordinates": [-2.7878, 39.2909]}, "properties": {"id": "201a18850e48", "ine": "13078", "first_utc": "2026-06-12T11:57:00Z", "last_utc": "2026-06-12T12:44:00Z", "detections": 5, "frp_max_mw": 13.8, "frp_total_mw": 44.1, "pixel_area_ha": 42.2, "status": "out", "fire_class": "likely_agricultural", "municipality": "Socuéllamos", "province": "Ciudad Real", "region": "Castilla-La Mancha", "muni_dist_km": 5.92}}, {"type": "Feature", "geometry": {"type": "Point", "coordinates": [-4.293, 39.9777]}, "properties": {"id": "001d6579a0e8", "ine": "45173", "first_utc": "2026-06-01T10:02:00Z", "last_utc": "2026-06-01T10:02:00Z", "detections": 1, "frp_max_mw": 13.7, "frp_total_mw": 13.7, "pixel_area_ha": 14.1, "status": "out", "fire_class": "likely_agricultural", "municipality": "Torrijos", "province": "Toledo", "region": "Castilla-La Mancha", "muni_dist_km": 0.99}}, {"type": "Feature", "geometry": {"type": "Point", "coordinates": [-4.1191, 40.0895]}, "properties": {"id": "4e4b309f018e", "ine": "45031", "first_utc": "2026-06-24T15:29:00Z", "last_utc": "2026-06-24T15:29:00Z", "detections": 1, "frp_max_mw": 13.7, "frp_total_mw": 13.7, "pixel_area_ha": 14.1, "status": "out", "fire_class": "likely_agricultural", "municipality": "Camarena", "province": "Toledo", "region": "Castilla-La Mancha", "muni_dist_km": 2.04}}, {"type": "Feature", "geometry": {"type": "Point", "coordinates": [1.3679, 41.3851]}, "properties": {"id": "df364eb8e9bc", "ine": "43113", "first_utc": "2026-07-08T13:33:00Z", "last_utc": "2026-07-08T13:53:00Z", "detections": 4, "frp_max_mw": 13.7, "frp_total_mw": 36.5, "pixel_area_ha": 28.1, "status": "out", "fire_class": "agricultural", "municipality": "El Pont d'Armentera", "province": "Tarragona", "region": "Cataluña", "muni_dist_km": 3.22}}, {"type": "Feature", "geometry": {"type": "Point", "coordinates": [-6.1143, 36.6116]}, "properties": {"id": "8a2565a5104b", "ine": "11028", "first_utc": "2026-06-13T12:25:00Z", "last_utc": "2026-06-13T12:25:00Z", "detections": 1, "frp_max_mw": 13.6, "frp_total_mw": 13.6, "pixel_area_ha": 14.1, "status": "out", "fire_class": "likely_agricultural", "municipality": "Puerto Real", "province": "Cádiz", "region": "Andalucía", "muni_dist_km": 9.79}}, {"type": "Feature", "geometry": {"type": "Point", "coordinates": [-5.4418, 36.1762]}, "properties": {"id": "4d314205e5c4", "ine": "11004", "first_utc": "2026-07-05T14:27:00Z", "last_utc": "2026-07-05T14:27:00Z", "detections": 3, "frp_max_mw": 13.6, "frp_total_mw": 26.7, "pixel_area_ha": 28.1, "status": "out", "fire_class": "likely_agricultural", "municipality": "Algeciras", "province": "Cádiz", "region": "Andalucía", "muni_dist_km": 8.16}}, {"type": "Feature", "geometry": {"type": "Point", "coordinates": [-2.9082, 40.3543]}, "properties": {"id": "8575c95913fb", "ine": "19335", "first_utc": "2026-07-16T12:08:00Z", "last_utc": "2026-07-16T12:08:00Z", "detections": 4, "frp_max_mw": 13.6, "frp_total_mw": 34.8, "pixel_area_ha": 56.2, "status": "out", "fire_class": "likely_agricultural", "municipality": "Zorita de los Canes", "province": "Guadalajara", "region": "Castilla-La Mancha", "muni_dist_km": 2.92}}, {"type": "Feature", "geometry": {"type": "Point", "coordinates": [-4.6608, 42.5836]}, "properties": {"id": "76f7bf2dafb9", "ine": "34190", "first_utc": "2026-07-22T15:14:00Z", "last_utc": "2026-07-22T15:14:00Z", "detections": 1, "frp_max_mw": 13.6, "frp_total_mw": 13.6, "pixel_area_ha": 14.1, "status": "out", "fire_class": "likely_agricultural", "municipality": "Valderrábano", "province": "Palencia", "region": "Castilla y León", "muni_dist_km": 2.02}}, {"type": "Feature", "geometry": {"type": "Point", "coordinates": [-5.8332, 43.5399]}, "properties": {"id": "adb67076a5af", "ine": "33014", "first_utc": "2026-06-10T01:11:00Z", "last_utc": "2026-06-15T02:41:00Z", "detections": 44, "frp_max_mw": 13.5, "frp_total_mw": 149.9, "pixel_area_ha": 154.7, "status": "out", "fire_class": "forest", "municipality": "Carreño", "province": "Asturias", "region": "Principado de Asturias", "muni_dist_km": 3.14}}, {"type": "Feature", "geometry": {"type": "Point", "coordinates": [-0.5028, 38.9932]}, "properties": {"id": "5594f4723cb1", "ine": "46145", "first_utc": "2026-06-18T14:59:00Z", "last_utc": "2026-06-18T14:59:00Z", "detections": 1, "frp_max_mw": 13.5, "frp_total_mw": 13.5, "pixel_area_ha": 14.1, "status": "out", "fire_class": "likely_agricultural", "municipality": "Xàtiva", "province": "València/Valencia", "region": "Comunitat Valenciana", "muni_dist_km": 1.32}}, {"type": "Feature", "geometry": {"type": "Point", "coordinates": [-6.7742, 37.2101]}, "properties": {"id": "2b8307387f80", "ine": "21050", "first_utc": "2026-07-10T15:48:00Z", "last_utc": "2026-07-10T15:48:00Z", "detections": 1, "frp_max_mw": 13.5, "frp_total_mw": 13.5, "pixel_area_ha": 14.1, "status": "out", "fire_class": "likely_agricultural", "municipality": "Moguer", "province": "Huelva", "region": "Andalucía", "muni_dist_km": 3.01}}, {"type": "Feature", "geometry": {"type": "Point", "coordinates": [-1.9406, 42.312]}, "properties": {"id": "ed5a954ec09d", "ine": "26036", "first_utc": "2026-06-10T12:19:00Z", "last_utc": "2026-06-10T12:36:00Z", "detections": 3, "frp_max_mw": 13.4, "frp_total_mw": 19.4, "pixel_area_ha": 28.1, "status": "out", "fire_class": "likely_agricultural", "municipality": "Calahorra", "province": "La Rioja", "region": "La Rioja", "muni_dist_km": 2.16}}, {"type": "Feature", "geometry": {"type": "Point", "coordinates": [-6.3797, 40.1468]}, "properties": {"id": "83273c366fc7", "ine": "10152", "first_utc": "2026-06-14T12:42:00Z", "last_utc": "2026-06-14T13:01:00Z", "detections": 6, "frp_max_mw": 13.4, "frp_total_mw": 42.5, "pixel_area_ha": 70.3, "status": "out", "fire_class": "forest", "official_area_ha": 18.0, "perimeter_id": "519455", "municipality": "Pozuelo de Zarzón", "province": "Cáceres", "region": "Extremadura", "muni_dist_km": 1.79}}, {"type": "Feature", "geometry": {"type": "Point", "coordinates": [-3.1328, 39.3987]}, "properties": {"id": "3e7aa9bab989", "ine": "13028", "first_utc": "2026-07-01T09:54:00Z", "last_utc": "2026-07-01T09:54:00Z", "detections": 1, "frp_max_mw": 13.4, "frp_total_mw": 13.4, "pixel_area_ha": 14.1, "status": "out", "fire_class": "likely_agricultural", "municipality": "Campo de Criptana", "province": "Ciudad Real", "region": "Castilla-La Mancha", "muni_dist_km": 6.0}}, {"type": "Feature", "geometry": {"type": "Point", "coordinates": [-3.8805, 40.2315]}, "properties": {"id": "91513cfeefa2", "ine": "28140", "first_utc": "2026-06-08T02:38:00Z", "last_utc": "2026-06-09T03:13:00Z", "detections": 18, "frp_max_mw": 13.3, "frp_total_mw": 96.0, "pixel_area_ha": 98.4, "status": "out", "fire_class": "forest", "municipality": "Serranillos del Valle", "province": "Madrid", "region": "Comunidad de Madrid", "muni_dist_km": 2.31}}, {"type": "Feature", "geometry": {"type": "Point", "coordinates": [-3.6202, 39.4475]}, "properties": {"id": "e24d946e2515", "ine": "45087", "first_utc": "2026-06-14T12:08:00Z", "last_utc": "2026-06-14T12:08:00Z", "detections": 2, "frp_max_mw": 13.3, "frp_total_mw": 26.7, "pixel_area_ha": 28.1, "status": "out", "fire_class": "likely_agricultural", "municipality": "Madridejos", "province": "Toledo", "region": "Castilla-La Mancha", "muni_dist_km": 6.74}}, {"type": "Feature", "geometry": {"type": "Point", "coordinates": [0.1803, 41.9239]}, "properties": {"id": "4caa4a3255c7", "ine": "22158", "first_utc": "2026-06-12T02:15:00Z", "last_utc": "2026-06-15T02:06:00Z", "detections": 7, "frp_max_mw": 13.3, "frp_total_mw": 25.1, "pixel_area_ha": 56.2, "status": "out", "fire_class": "forest", "municipality": "Monzón", "province": "Huesca", "region": "Aragón", "muni_dist_km": 2.71}}, {"type": "Feature", "geometry": {"type": "Point", "coordinates": [-2.7603, 40.878]}, "properties": {"id": "9664c956e148", "ine": "19020", "first_utc": "2026-06-27T12:19:00Z", "last_utc": "2026-06-27T12:19:00Z", "detections": 2, "frp_max_mw": 13.2, "frp_total_mw": 22.9, "pixel_area_ha": 28.1, "status": "out", "fire_class": "likely_agricultural", "municipality": "Almadrones", "province": "Guadalajara", "region": "Castilla-La Mancha", "muni_dist_km": 1.88}}, {"type": "Feature", "geometry": {"type": "Point", "coordinates": [-6.4635, 38.9622]}, "properties": {"id": "d85a03666992", "ine": "06046", "first_utc": "2026-07-09T12:38:00Z", "last_utc": "2026-07-09T12:38:00Z", "detections": 4, "frp_max_mw": 13.2, "frp_total_mw": 39.0, "pixel_area_ha": 56.2, "status": "out", "fire_class": "likely_agricultural", "municipality": "Esparragalejo", "province": "Badajoz", "region": "Extremadura", "muni_dist_km": 2.09}}, {"type": "Feature", "geometry": {"type": "Point", "coordinates": [-2.3637, 42.347]}, "properties": {"id": "0ee2a2795bf8", "ine": "26124", "first_utc": "2026-07-12T12:38:00Z", "last_utc": "2026-07-12T12:38:00Z", "detections": 1, "frp_max_mw": 13.2, "frp_total_mw": 13.2, "pixel_area_ha": 14.1, "status": "out", "fire_class": "likely_agricultural", "municipality": "Ribafrecha", "province": "La Rioja", "region": "La Rioja", "muni_dist_km": 1.7}}, {"type": "Feature", "geometry": {"type": "Point", "coordinates": [-2.1233, 41.684]}, "properties": {"id": "81918e125f92", "ine": "42022", "first_utc": "2026-07-24T13:33:00Z", "last_utc": "2026-07-24T13:53:00Z", "detections": 4, "frp_max_mw": 13.2, "frp_total_mw": 42.5, "pixel_area_ha": 42.2, "status": "out", "fire_class": "forest", "municipality": "Almenar de Soria", "province": "Soria", "region": "Castilla y León", "muni_dist_km": 3.41}}, {"type": "Feature", "geometry": {"type": "Point", "coordinates": [-4.8545, 37.252]}, "properties": {"id": "629ea3b940f9", "ine": "41054", "first_utc": "2026-06-03T12:14:00Z", "last_utc": "2026-06-03T14:27:00Z", "detections": 7, "frp_max_mw": 13.1, "frp_total_mw": 45.0, "pixel_area_ha": 70.3, "status": "out", "fire_class": "forest", "official_area_ha": 11.0, "perimeter_id": "501754", "municipality": "Lora de Estepa", "province": "Sevilla", "region": "Andalucía", "muni_dist_km": 3.43}}, {"type": "Feature", "geometry": {"type": "Point", "coordinates": [-0.5554, 39.4942]}, "properties": {"id": "467211724245", "ine": "46214", "first_utc": "2026-06-15T12:21:00Z", "last_utc": "2026-06-15T12:21:00Z", "detections": 2, "frp_max_mw": 13.1, "frp_total_mw": 19.6, "pixel_area_ha": 28.1, "status": "out", "fire_class": "likely_agricultural", "municipality": "Riba-roja de Túria", "province": "València/Valencia", "region": "Comunitat Valenciana", "muni_dist_km": 2.74}}, {"type": "Feature", "geometry": {"type": "Point", "coordinates": [-2.7668, 40.8806]}, "properties": {"id": "cfa349c142e5", "ine": "19020", "first_utc": "2026-07-01T12:23:00Z", "last_utc": "2026-07-02T12:23:00Z", "detections": 7, "frp_max_mw": 13.1, "frp_total_mw": 40.1, "pixel_area_ha": 84.4, "status": "out", "fire_class": "likely_agricultural", "municipality": "Almadrones", "province": "Guadalajara", "region": "Castilla-La Mancha", "muni_dist_km": 1.21}}, {"type": "Feature", "geometry": {"type": "Point", "coordinates": [-2.587, 39.4307]}, "properties": {"id": "9a47ab21a62c", "ine": "16154", "first_utc": "2026-07-04T13:25:00Z", "last_utc": "2026-07-04T14:14:00Z", "detections": 3, "frp_max_mw": 13.1, "frp_total_mw": 33.8, "pixel_area_ha": 42.2, "status": "out", "fire_class": "likely_agricultural", "municipality": "Las Pedroñeras", "province": "Cuenca", "region": "Castilla-La Mancha", "muni_dist_km": 5.22}}, {"type": "Feature", "geometry": {"type": "Point", "coordinates": [-6.0751, 39.2435]}, "properties": {"id": "782b1d447a89", "ine": "10188", "first_utc": "2026-07-24T21:12:00Z", "last_utc": "2026-07-24T21:12:00Z", "detections": 1, "frp_max_mw": 13.1, "frp_total_mw": 13.1, "pixel_area_ha": 14.1, "status": "out", "fire_class": "forest", "municipality": "Torre de Santa María", "province": "Cáceres", "region": "Extremadura", "muni_dist_km": 2.07}}, {"type": "Feature", "geometry": {"type": "Point", "coordinates": [-3.9579, 40.1418]}, "properties": {"id": "a5b48321f65a", "ine": "45199", "first_utc": "2026-06-18T12:32:00Z", "last_utc": "2026-06-18T12:32:00Z", "detections": 3, "frp_max_mw": 13.0, "frp_total_mw": 20.7, "pixel_area_ha": 28.1, "status": "out", "fire_class": "agricultural", "official_area_ha": 22.0, "perimeter_id": "527093", "municipality": "El Viso de San Juan", "province": "Toledo", "region": "Castilla-La Mancha", "muni_dist_km": 2.42}}, {"type": "Feature", "geometry": {"type": "Point", "coordinates": [-5.2366, 38.3085]}, "properties": {"id": "919c5659d414", "ine": "14052", "first_utc": "2026-07-05T14:29:00Z", "last_utc": "2026-07-05T14:29:00Z", "detections": 2, "frp_max_mw": 13.0, "frp_total_mw": 26.0, "pixel_area_ha": 28.1, "status": "out", "fire_class": "likely_agricultural", "municipality": "Peñarroya-Pueblonuevo", "province": "Córdoba", "region": "Andalucía", "muni_dist_km": 0.92}}, {"type": "Feature", "geometry": {"type": "Point", "coordinates": [-3.5277, 40.6745]}, "properties": {"id": "8a78748667ea", "ine": "28164", "first_utc": "2026-06-01T12:53:00Z", "last_utc": "2026-06-01T12:53:00Z", "detections": 1, "frp_max_mw": 12.9, "frp_total_mw": 12.9, "pixel_area_ha": 14.1, "status": "out", "fire_class": "likely_agricultural", "municipality": "Valdetorres de Jarama", "province": "Madrid", "region": "Comunidad de Madrid", "muni_dist_km": 2.28}}, {"type": "Feature", "geometry": {"type": "Point", "coordinates": [-6.7396, 38.6522]}, "properties": {"id": "624d58b9af51", "ine": "06131", "first_utc": "2026-07-05T12:49:00Z", "last_utc": "2026-07-05T12:49:00Z", "detections": 7, "frp_max_mw": 12.9, "frp_total_mw": 44.2, "pixel_area_ha": 98.4, "status": "out", "fire_class": "likely_agricultural", "municipality": "Torre de Miguel Sesmero", "province": "Badajoz", "region": "Extremadura", "muni_dist_km": 1.91}}, {"type": "Feature", "geometry": {"type": "Point", "coordinates": [-5.9471, 37.2623]}, "properties": {"id": "8b4909413ffb", "ine": "41038", "first_utc": "2026-06-04T14:29:00Z", "last_utc": "2026-06-04T14:29:00Z", "detections": 2, "frp_max_mw": 12.8, "frp_total_mw": 25.2, "pixel_area_ha": 28.1, "status": "out", "fire_class": "likely_agricultural", "municipality": "Dos Hermanas", "province": "Sevilla", "region": "Andalucía", "muni_dist_km": 1.21}}, {"type": "Feature", "geometry": {"type": "Point", "coordinates": [-5.1163, 41.1664]}, "properties": {"id": "e6c6fe8b38d3", "ine": "47035", "first_utc": "2026-06-16T12:23:00Z", "last_utc": "2026-06-16T12:23:00Z", "detections": 3, "frp_max_mw": 12.8, "frp_total_mw": 25.2, "pixel_area_ha": 42.2, "status": "out", "fire_class": "forest", "official_area_ha": 18.0, "perimeter_id": "527027", "municipality": "Carpio", "province": "Valladolid", "region": "Castilla y León", "muni_dist_km": 4.09}}, {"type": "Feature", "geometry": {"type": "Point", "coordinates": [-4.5256, 36.7319]}, "properties": {"id": "b4ebfe0583b8", "ine": "29067", "first_utc": "2026-06-25T01:13:00Z", "last_utc": "2026-06-25T03:15:00Z", "detections": 7, "frp_max_mw": 12.7, "frp_total_mw": 36.1, "pixel_area_ha": 56.2, "status": "out", "fire_class": "forest", "municipality": "Málaga", "province": "Málaga", "region": "Andalucía", "muni_dist_km": 8.77}}, {"type": "Feature", "geometry": {"type": "Point", "coordinates": [-4.1321, 40.1848]}, "properties": {"id": "254d65b8847e", "ine": "45180", "first_utc": "2026-07-23T13:53:00Z", "last_utc": "2026-07-23T14:12:00Z", "detections": 6, "frp_max_mw": 12.7, "frp_total_mw": 57.4, "pixel_area_ha": 84.4, "status": "out", "fire_class": "likely_agricultural", "municipality": "Valmojado", "province": "Toledo", "region": "Castilla-La Mancha", "muni_dist_km": 3.04}}, {"type": "Feature", "geometry": {"type": "Point", "coordinates": [-5.1934, 39.7006]}, "properties": {"id": "690878834a56", "ine": "10048", "first_utc": "2026-06-03T09:41:00Z", "last_utc": "2026-06-03T09:41:00Z", "detections": 1, "frp_max_mw": 12.6, "frp_total_mw": 12.6, "pixel_area_ha": 14.1, "status": "out", "fire_class": "likely_agricultural", "municipality": "Carrascalejo", "province": "Cáceres", "region": "Extremadura", "muni_dist_km": 6.93}}, {"type": "Feature", "geometry": {"type": "Point", "coordinates": [-5.6743, 39.5498]}, "properties": {"id": "ab58130d9cdc", "ine": "10011", "first_utc": "2026-07-09T15:12:00Z", "last_utc": "2026-07-09T15:12:00Z", "detections": 1, "frp_max_mw": 12.6, "frp_total_mw": 12.6, "pixel_area_ha": 14.1, "status": "out", "fire_class": "likely_agricultural", "municipality": "Aldeacentenera", "province": "Cáceres", "region": "Extremadura", "muni_dist_km": 3.78}}, {"type": "Feature", "geometry": {"type": "Point", "coordinates": [-4.867, 37.8564]}, "properties": {"id": "7b708447716f", "ine": "14005", "first_utc": "2026-07-19T01:30:00Z", "last_utc": "2026-07-19T02:24:00Z", "detections": 5, "frp_max_mw": 12.6, "frp_total_mw": 31.3, "pixel_area_ha": 56.2, "status": "out", "fire_class": "forest", "municipality": "Almodóvar del Río", "province": "Córdoba", "region": "Andalucía", "muni_dist_km": 12.56}}, {"type": "Feature", "geometry": {"type": "Point", "coordinates": [-4.5245, 39.9154]}, "properties": {"id": "f872956f970f", "ine": "45100", "first_utc": "2026-07-21T20:53:00Z", "last_utc": "2026-07-21T20:53:00Z", "detections": 1, "frp_max_mw": 12.6, "frp_total_mw": 12.6, "pixel_area_ha": 14.1, "status": "out", "fire_class": "forest", "municipality": "Mesegar de Tajo", "province": "Toledo", "region": "Castilla-La Mancha", "muni_dist_km": 2.09}}, {"type": "Feature", "geometry": {"type": "Point", "coordinates": [-7.2515, 38.6002]}, "properties": {"id": "1de446992f38", "ine": "06042", "first_utc": "2026-07-22T15:14:00Z", "last_utc": "2026-07-22T15:14:00Z", "detections": 1, "frp_max_mw": 12.6, "frp_total_mw": 12.6, "pixel_area_ha": 14.1, "status": "out", "fire_class": "likely_agricultural", "municipality": "Cheles", "province": "Badajoz", "region": "Extremadura", "muni_dist_km": 6.38}}, {"type": "Feature", "geometry": {"type": "Point", "coordinates": [-3.7229, 39.9477]}, "properties": {"id": "d14540d8b7b9", "ine": "45202", "first_utc": "2026-07-27T15:07:00Z", "last_utc": "2026-07-27T15:07:00Z", "detections": 1, "frp_max_mw": 12.6, "frp_total_mw": 12.6, "pixel_area_ha": 14.1, "status": "dying_down", "fire_class": "likely_agricultural", "municipality": "Yepes", "province": "Toledo", "region": "Castilla-La Mancha", "muni_dist_km": 4.85}}, {"type": "Feature", "geometry": {"type": "Point", "coordinates": [-7.0045, 41.9374]}, "properties": {"id": "e419b11186ae", "ine": "32048", "first_utc": "2026-06-06T10:00:00Z", "last_utc": "2026-06-06T10:00:00Z", "detections": 1, "frp_max_mw": 12.5, "frp_total_mw": 12.5, "pixel_area_ha": 14.1, "status": "out", "fire_class": "likely_agricultural", "municipality": "A Mezquita", "province": "Ourense", "region": "Galicia", "muni_dist_km": 8.09}}, {"type": "Feature", "geometry": {"type": "Point", "coordinates": [-5.6192, 38.6247]}, "properties": {"id": "32da8c5f24b1", "ine": "06047", "first_utc": "2026-07-05T13:55:00Z", "last_utc": "2026-07-05T14:29:00Z", "detections": 3, "frp_max_mw": 12.4, "frp_total_mw": 25.2, "pixel_area_ha": 28.1, "status": "out", "fire_class": "likely_agricultural", "municipality": "Esparragosa de la Serena", "province": "Badajoz", "region": "Extremadura", "muni_dist_km": 3.32}}, {"type": "Feature", "geometry": {"type": "Point", "coordinates": [-5.0712, 36.4768]}, "properties": {"id": "b70838df5b9b", "ine": "29051", "first_utc": "2026-07-09T15:09:00Z", "last_utc": "2026-07-09T15:09:00Z", "detections": 1, "frp_max_mw": 12.4, "frp_total_mw": 12.4, "pixel_area_ha": 14.1, "status": "out", "fire_class": "likely_agricultural", "municipality": "Estepona", "province": "Málaga", "region": "Andalucía", "muni_dist_km": 6.33}}, {"type": "Feature", "geometry": {"type": "Point", "coordinates": [-1.3034, 37.6781]}, "properties": {"id": "61d08db13ebf", "ine": "30026", "first_utc": "2026-07-23T20:32:00Z", "last_utc": "2026-07-23T20:32:00Z", "detections": 1, "frp_max_mw": 12.4, "frp_total_mw": 12.4, "pixel_area_ha": 14.1, "status": "out", "fire_class": "forest", "municipality": "Mazarrón", "province": "Murcia", "region": "Región de Murcia", "muni_dist_km": 7.69}}, {"type": "Feature", "geometry": {"type": "Point", "coordinates": [-6.1364, 37.3104]}, "properties": {"id": "da0e71f47476", "ine": "41016", "first_utc": "2026-07-24T12:57:00Z", "last_utc": "2026-07-24T13:53:00Z", "detections": 2, "frp_max_mw": 12.4, "frp_total_mw": 19.4, "pixel_area_ha": 28.1, "status": "out", "fire_class": "likely_agricultural", "municipality": "Bollullos de la Mitación", "province": "Sevilla", "region": "Andalucía", "muni_dist_km": 1.53}}, {"type": "Feature", "geometry": {"type": "Point", "coordinates": [-7.034, 37.3239]}, "properties": {"id": "5a80f09cfbce", "ine": "21002", "first_utc": "2026-06-01T21:04:00Z", "last_utc": "2026-06-01T21:04:00Z", "detections": 1, "frp_max_mw": 12.2, "frp_total_mw": 12.2, "pixel_area_ha": 14.1, "status": "out", "fire_class": "forest", "municipality": "Aljaraque", "province": "Huelva", "region": "Andalucía", "muni_dist_km": 4.88}}, {"type": "Feature", "geometry": {"type": "Point", "coordinates": [-5.7308, 43.5242]}, "properties": {"id": "a098e53ee8d2", "ine": "33024", "first_utc": "2026-06-03T03:04:00Z", "last_utc": "2026-06-03T15:18:00Z", "detections": 13, "frp_max_mw": 12.2, "frp_total_mw": 89.2, "pixel_area_ha": 84.4, "status": "out", "fire_class": "forest", "municipality": "Gijón", "province": "Asturias", "region": "Principado de Asturias", "muni_dist_km": 4.35}}, {"type": "Feature", "geometry": {"type": "Point", "coordinates": [-0.9679, 38.5521]}, "properties": {"id": "702199344d55", "ine": "03116", "first_utc": "2026-06-30T12:08:00Z", "last_utc": "2026-06-30T12:08:00Z", "detections": 1, "frp_max_mw": 12.2, "frp_total_mw": 12.2, "pixel_area_ha": 14.1, "status": "out", "fire_class": "likely_agricultural", "municipality": "Salinas", "province": "Alacant/Alicante", "region": "Comunitat Valenciana", "muni_dist_km": 7.02}}, {"type": "Feature", "geometry": {"type": "Point", "coordinates": [-1.5707, 37.6157]}, "properties": {"id": "ed26028544fb", "ine": "30003", "first_utc": "2026-07-07T13:53:00Z", "last_utc": "2026-07-07T14:10:00Z", "detections": 4, "frp_max_mw": 12.2, "frp_total_mw": 42.5, "pixel_area_ha": 42.2, "status": "out", "fire_class": "forest", "official_area_ha": 10.0, "perimeter_id": "561116", "municipality": "Águilas", "province": "Murcia", "region": "Región de Murcia", "muni_dist_km": 16.18}}, {"type": "Feature", "geometry": {"type": "Point", "coordinates": [-4.9747, 39.8811]}, "properties": {"id": "b53f037db2e4", "ine": "45028", "first_utc": "2026-07-27T13:42:00Z", "last_utc": "2026-07-27T14:18:00Z", "detections": 2, "frp_max_mw": 12.2, "frp_total_mw": 15.2, "pixel_area_ha": 28.1, "status": "dying_down", "fire_class": "likely_agricultural", "municipality": "Calera y Chozas", "province": "Toledo", "region": "Castilla-La Mancha", "muni_dist_km": 3.65}}, {"type": "Feature", "geometry": {"type": "Point", "coordinates": [-2.6589, 39.343]}, "properties": {"id": "f93f7bbb8167", "ine": "16124", "first_utc": "2026-06-11T13:38:00Z", "last_utc": "2026-06-11T13:38:00Z", "detections": 1, "frp_max_mw": 12.1, "frp_total_mw": 12.1, "pixel_area_ha": 14.1, "status": "out", "fire_class": "likely_agricultural", "municipality": "Las Mesas", "province": "Cuenca", "region": "Castilla-La Mancha", "muni_dist_km": 7.29}}, {"type": "Feature", "geometry": {"type": "Point", "coordinates": [-3.7167, 40.9507]}, "properties": {"id": "835c1fab9777", "ine": "28063", "first_utc": "2026-06-24T13:59:00Z", "last_utc": "2026-06-24T13:59:00Z", "detections": 1, "frp_max_mw": 12.1, "frp_total_mw": 12.1, "pixel_area_ha": 14.1, "status": "out", "fire_class": "likely_agricultural", "municipality": "Gargantilla del Lozoya y Pinilla de Buitrago", "province": "Madrid", "region": "Comunidad de Madrid", "muni_dist_km": 2.08}}, {"type": "Feature", "geometry": {"type": "Point", "coordinates": [-0.9061, 38.4466]}, "properties": {"id": "efa165bc33ee", "ine": "03089", "first_utc": "2026-06-25T13:40:00Z", "last_utc": "2026-06-25T13:40:00Z", "detections": 1, "frp_max_mw": 12.1, "frp_total_mw": 12.1, "pixel_area_ha": 14.1, "status": "out", "fire_class": "likely_agricultural", "municipality": "Monòver/Monóvar", "province": "Alacant/Alicante", "region": "Comunitat Valenciana", "muni_dist_km": 2.08}}, {"type": "Feature", "geometry": {"type": "Point", "coordinates": [1.2055, 41.5939]}, "properties": {"id": "c239ac70d232", "ine": "25143", "first_utc": "2026-07-08T20:36:00Z", "last_utc": "2026-07-08T20:36:00Z", "detections": 1, "frp_max_mw": 12.1, "frp_total_mw": 12.1, "pixel_area_ha": 14.1, "status": "out", "fire_class": "agricultural", "municipality": "Montornès de Segarra", "province": "Lleida", "region": "Cataluña", "muni_dist_km": 0.83}}, {"type": "Feature", "geometry": {"type": "Point", "coordinates": [-7.3171, 42.6685]}, "properties": {"id": "8e9e2ff97786", "ine": "27024", "first_utc": "2026-07-11T20:57:00Z", "last_utc": "2026-07-11T20:57:00Z", "detections": 1, "frp_max_mw": 12.1, "frp_total_mw": 12.1, "pixel_area_ha": 14.1, "status": "out", "fire_class": "forest", "municipality": "O Incio", "province": "Lugo", "region": "Galicia", "muni_dist_km": 4.26}}, {"type": "Feature", "geometry": {"type": "Point", "coordinates": [-6.8189, 38.8273]}, "properties": {"id": "5d60821fde33", "ine": "06015", "first_utc": "2026-07-23T12:29:00Z", "last_utc": "2026-07-23T12:29:00Z", "detections": 2, "frp_max_mw": 12.1, "frp_total_mw": 24.1, "pixel_area_ha": 28.1, "status": "out", "fire_class": "likely_agricultural", "municipality": "Badajoz", "province": "Badajoz", "region": "Extremadura", "muni_dist_km": 5.52}}, {"type": "Feature", "geometry": {"type": "Point", "coordinates": [-2.0479, 39.5756]}, "properties": {"id": "4b6bccb00f32", "ine": "16231", "first_utc": "2026-06-21T12:10:00Z", "last_utc": "2026-06-21T12:10:00Z", "detections": 5, "frp_max_mw": 11.9, "frp_total_mw": 37.5, "pixel_area_ha": 56.2, "status": "out", "fire_class": "likely_agricultural", "municipality": "Valhermoso de la Fuente", "province": "Cuenca", "region": "Castilla-La Mancha", "muni_dist_km": 4.17}}, {"type": "Feature", "geometry": {"type": "Point", "coordinates": [0.7925, 41.6797]}, "properties": {"id": "ed33bc46725f", "ine": "25052", "first_utc": "2026-06-23T14:52:00Z", "last_utc": "2026-06-23T14:52:00Z", "detections": 2, "frp_max_mw": 11.9, "frp_total_mw": 21.1, "pixel_area_ha": 28.1, "status": "out", "fire_class": "agricultural", "municipality": "Bellvís", "province": "Lleida", "region": "Cataluña", "muni_dist_km": 2.07}}, {"type": "Feature", "geometry": {"type": "Point", "coordinates": [2.9865, 41.9106]}, "properties": {"id": "9cd939d928c8", "ine": "17901", "first_utc": "2026-07-03T14:40:00Z", "last_utc": "2026-07-03T14:40:00Z", "detections": 1, "frp_max_mw": 11.9, "frp_total_mw": 11.9, "pixel_area_ha": 14.1, "status": "out", "fire_class": "urban", "municipality": "Cruïlles, Monells i Sant Sadurní de l'Heura", "province": "Girona", "region": "Cataluña", "muni_dist_km": 1.5}}, {"type": "Feature", "geometry": {"type": "Point", "coordinates": [-7.1966, 38.7662]}, "properties": {"id": "4f9b016c86dc", "ine": "06095", "first_utc": "2026-07-22T15:14:00Z", "last_utc": "2026-07-22T15:14:00Z", "detections": 1, "frp_max_mw": 11.9, "frp_total_mw": 11.9, "pixel_area_ha": 14.1, "status": "out", "fire_class": "likely_agricultural", "municipality": "Olivenza", "province": "Badajoz", "region": "Extremadura", "muni_dist_km": 14.1}}, {"type": "Feature", "geometry": {"type": "Point", "coordinates": [-4.0696, 40.4944]}, "properties": {"id": "bc8b52abd971", "ine": "28160", "first_utc": "2026-07-24T12:57:00Z", "last_utc": "2026-07-24T12:57:00Z", "detections": 2, "frp_max_mw": 11.9, "frp_total_mw": 18.7, "pixel_area_ha": 28.1, "status": "out", "fire_class": "likely_agricultural", "municipality": "Valdemorillo", "province": "Madrid", "region": "Comunidad de Madrid", "muni_dist_km": 0.84}}, {"type": "Feature", "geometry": {"type": "Point", "coordinates": [-3.6648, 38.899]}, "properties": {"id": "e077916827d8", "ine": "13023", "first_utc": "2026-06-21T04:12:00Z", "last_utc": "2026-06-21T04:12:00Z", "detections": 1, "frp_max_mw": 11.8, "frp_total_mw": 11.8, "pixel_area_ha": 14.1, "status": "out", "fire_class": "forest", "municipality": "Bolaños de Calatrava", "province": "Ciudad Real", "region": "Castilla-La Mancha", "muni_dist_km": 3.73}}, {"type": "Feature", "geometry": {"type": "Point", "coordinates": [-2.9544, 43.1448]}, "properties": {"id": "37f7199c695b", "ine": "01036", "first_utc": "2026-06-21T13:16:00Z", "last_utc": "2026-06-21T13:16:00Z", "detections": 3, "frp_max_mw": 11.8, "frp_total_mw": 26.1, "pixel_area_ha": 42.2, "status": "out", "fire_class": "likely_agricultural", "municipality": "Laudio/Llodio", "province": "Araba/Álava", "region": "País Vasco", "muni_dist_km": 1.81}}, {"type": "Feature", "geometry": {"type": "Point", "coordinates": [-0.7922, 39.6151]}, "properties": {"id": "3d21e9054f07", "ine": "46076", "first_utc": "2026-07-25T13:14:00Z", "last_utc": "2026-07-25T13:33:00Z", "detections": 3, "frp_max_mw": 11.8, "frp_total_mw": 23.7, "pixel_area_ha": 28.1, "status": "out", "fire_class": "likely_agricultural", "municipality": "Bugarra", "province": "València/Valencia", "region": "Comunitat Valenciana", "muni_dist_km": 1.59}}, {"type": "Feature", "geometry": {"type": "Point", "coordinates": [-6.2107, 38.1878]}, "properties": {"id": "478b6193aef1", "ine": "06086", "first_utc": "2026-06-01T15:39:00Z", "last_utc": "2026-06-01T15:39:00Z", "detections": 1, "frp_max_mw": 11.7, "frp_total_mw": 11.7, "pixel_area_ha": 14.1, "status": "out", "fire_class": "likely_agricultural", "municipality": "Montemolín", "province": "Badajoz", "region": "Extremadura", "muni_dist_km": 7.53}}, {"type": "Feature", "geometry": {"type": "Point", "coordinates": [1.9626, 41.4467]}, "properties": {"id": "1c2f5625a700", "ine": "08196", "first_utc": "2026-07-05T12:14:00Z", "last_utc": "2026-07-05T13:08:00Z", "detections": 5, "frp_max_mw": 11.7, "frp_total_mw": 42.0, "pixel_area_ha": 42.2, "status": "out", "fire_class": "forest", "official_area_ha": 6.0, "perimeter_id": "558908", "municipality": "Sant Andreu de la Barca", "province": "Barcelona", "region": "Cataluña", "muni_dist_km": 0.33}}, {"type": "Feature", "geometry": {"type": "Point", "coordinates": [-6.3651, 39.7943]}, "properties": {"id": "a9d3232fcdae", "ine": "10045", "first_utc": "2026-06-10T13:57:00Z", "last_utc": "2026-06-10T14:16:00Z", "detections": 3, "frp_max_mw": 11.6, "frp_total_mw": 23.5, "pixel_area_ha": 42.2, "status": "out", "fire_class": "forest", "official_area_ha": 90.0, "perimeter_id": "510769", "municipality": "Cañaveral", "province": "Cáceres", "region": "Extremadura", "muni_dist_km": 1.59}}, {"type": "Feature", "geometry": {"type": "Point", "coordinates": [-16.5467, 28.3963]}, "properties": {"id": "e9a97c12c701", "ine": "38028", "first_utc": "2026-06-01T14:29:00Z", "last_utc": "2026-06-01T14:29:00Z", "detections": 1, "frp_max_mw": 11.5, "frp_total_mw": 11.5, "pixel_area_ha": 14.1, "status": "out", "fire_class": "likely_agricultural", "municipality": "Puerto de la Cruz", "province": "Santa Cruz de Tenerife", "region": "Canarias", "muni_dist_km": 1.24}}, {"type": "Feature", "geometry": {"type": "Point", "coordinates": [-0.6649, 42.2625]}, "properties": {"id": "459afba54a81", "ine": "22039", "first_utc": "2026-06-22T11:51:00Z", "last_utc": "2026-06-22T12:12:00Z", "detections": 3, "frp_max_mw": 11.5, "frp_total_mw": 30.8, "pixel_area_ha": 42.2, "status": "out", "fire_class": "likely_agricultural", "municipality": "Ayerbe", "province": "Huesca", "region": "Aragón", "muni_dist_km": 3.08}}, {"type": "Feature", "geometry": {"type": "Point", "coordinates": [-5.7417, 42.5376]}, "properties": {"id": "73fd5d012ce8", "ine": "24205", "first_utc": "2026-07-01T09:54:00Z", "last_utc": "2026-07-01T09:54:00Z", "detections": 1, "frp_max_mw": 11.5, "frp_total_mw": 11.5, "pixel_area_ha": 14.1, "status": "out", "fire_class": "forest", "official_area_ha": 1.0, "municipality": "Villadangos del Páramo", "province": "León", "region": "Castilla y León", "muni_dist_km": 3.15}}, {"type": "Feature", "geometry": {"type": "Point", "coordinates": [-5.7164, 38.993]}, "properties": {"id": "60be16dec895", "ine": "06153", "first_utc": "2026-07-09T12:38:00Z", "last_utc": "2026-07-09T12:38:00Z", "detections": 1, "frp_max_mw": 11.5, "frp_total_mw": 11.5, "pixel_area_ha": 14.1, "status": "out", "fire_class": "likely_agricultural", "municipality": "Villanueva de la Serena", "province": "Badajoz", "region": "Extremadura", "muni_dist_km": 1.63}}, {"type": "Feature", "geometry": {"type": "Point", "coordinates": [-4.9309, 39.951]}, "properties": {"id": "923f863f280c", "ine": "45165", "first_utc": "2026-07-27T13:42:00Z", "last_utc": "2026-07-27T14:18:00Z", "detections": 5, "frp_max_mw": 11.5, "frp_total_mw": 41.0, "pixel_area_ha": 70.3, "status": "dying_down", "fire_class": "agricultural", "official_area_ha": 211.0, "perimeter_id": "235222", "municipality": "Talavera de la Reina", "province": "Toledo", "region": "Castilla-La Mancha", "muni_dist_km": 6.47}}, {"type": "Feature", "geometry": {"type": "Point", "coordinates": [-4.1766, 39.0231]}, "properties": {"id": "5ab692fa3518", "ine": "13007", "first_utc": "2026-07-27T15:07:00Z", "last_utc": "2026-07-27T15:07:00Z", "detections": 1, "frp_max_mw": 11.5, "frp_total_mw": 11.5, "pixel_area_ha": 14.1, "status": "dying_down", "fire_class": "likely_agricultural", "municipality": "Alcolea de Calatrava", "province": "Ciudad Real", "region": "Castilla-La Mancha", "muni_dist_km": 7.11}}, {"type": "Feature", "geometry": {"type": "Point", "coordinates": [-0.5141, 38.9914]}, "properties": {"id": "f97726d31b4f", "ine": "46145", "first_utc": "2026-06-18T14:59:00Z", "last_utc": "2026-06-18T14:59:00Z", "detections": 1, "frp_max_mw": 11.4, "frp_total_mw": 11.4, "pixel_area_ha": 14.1, "status": "out", "fire_class": "likely_agricultural", "municipality": "Xàtiva", "province": "València/Valencia", "region": "Comunitat Valenciana", "muni_dist_km": 1.27}}, {"type": "Feature", "geometry": {"type": "Point", "coordinates": [-6.3285, 38.6373]}, "properties": {"id": "25766e3a1933", "ine": "06149", "first_utc": "2026-06-27T13:38:00Z", "last_utc": "2026-06-27T13:38:00Z", "detections": 1, "frp_max_mw": 11.4, "frp_total_mw": 11.4, "pixel_area_ha": 14.1, "status": "out", "fire_class": "likely_agricultural", "municipality": "Villafranca de los Barros", "province": "Badajoz", "region": "Extremadura", "muni_dist_km": 5.68}}, {"type": "Feature", "geometry": {"type": "Point", "coordinates": [-1.3133, 37.6677]}, "properties": {"id": "056cb8105a66", "ine": "30026", "first_utc": "2026-07-23T20:32:00Z", "last_utc": "2026-07-23T20:32:00Z", "detections": 1, "frp_max_mw": 11.4, "frp_total_mw": 11.4, "pixel_area_ha": 14.1, "status": "out", "fire_class": "forest", "municipality": "Mazarrón", "province": "Murcia", "region": "Región de Murcia", "muni_dist_km": 6.24}}, {"type": "Feature", "geometry": {"type": "Point", "coordinates": [-5.7318, 43.5255]}, "properties": {"id": "67d47b76ab7a", "ine": "33024", "first_utc": "2026-06-01T01:28:00Z", "last_utc": "2026-06-02T02:49:00Z", "detections": 22, "frp_max_mw": 11.3, "frp_total_mw": 45.8, "pixel_area_ha": 140.6, "status": "out", "fire_class": "forest", "municipality": "Gijón", "province": "Asturias", "region": "Principado de Asturias", "muni_dist_km": 4.28}}, {"type": "Feature", "geometry": {"type": "Point", "coordinates": [-5.6828, 39.5675]}, "properties": {"id": "9f781ea104b9", "ine": "10011", "first_utc": "2026-06-03T12:14:00Z", "last_utc": "2026-06-03T12:14:00Z", "detections": 4, "frp_max_mw": 11.3, "frp_total_mw": 38.4, "pixel_area_ha": 28.1, "status": "out", "fire_class": "likely_agricultural", "municipality": "Aldeacentenera", "province": "Cáceres", "region": "Extremadura", "muni_dist_km": 5.37}}, {"type": "Feature", "geometry": {"type": "Point", "coordinates": [-6.9365, 38.8582]}, "properties": {"id": "6860adcb867e", "ine": "06015", "first_utc": "2026-06-07T13:14:00Z", "last_utc": "2026-06-07T14:20:00Z", "detections": 4, "frp_max_mw": 11.3, "frp_total_mw": 20.0, "pixel_area_ha": 14.1, "status": "out", "fire_class": "likely_agricultural", "municipality": "Badajoz", "province": "Badajoz", "region": "Extremadura", "muni_dist_km": 7.15}}, {"type": "Feature", "geometry": {"type": "Point", "coordinates": [-5.4262, 36.2051]}, "properties": {"id": "72185b1bf8bc", "ine": "11022", "first_utc": "2026-06-30T12:59:00Z", "last_utc": "2026-06-30T14:22:00Z", "detections": 4, "frp_max_mw": 11.3, "frp_total_mw": 23.2, "pixel_area_ha": 42.2, "status": "out", "fire_class": "likely_agricultural", "municipality": "La Línea de la Concepción", "province": "Cádiz", "region": "Andalucía", "muni_dist_km": 7.37}}, {"type": "Feature", "geometry": {"type": "Point", "coordinates": [-5.8468, 43.5309]}, "properties": {"id": "04f40ad28b6a", "ine": "33020", "first_utc": "2026-07-06T14:57:00Z", "last_utc": "2026-07-06T14:57:00Z", "detections": 1, "frp_max_mw": 11.3, "frp_total_mw": 11.3, "pixel_area_ha": 14.1, "status": "out", "fire_class": "likely_agricultural", "municipality": "Corvera de Asturias", "province": "Asturias", "region": "Principado de Asturias", "muni_dist_km": 3.11}}, {"type": "Feature", "geometry": {"type": "Point", "coordinates": [-7.3994, 42.2557]}, "properties": {"id": "0208d1ef7e08", "ine": "32029", "first_utc": "2026-06-29T10:13:00Z", "last_utc": "2026-06-29T10:13:00Z", "detections": 1, "frp_max_mw": 11.2, "frp_total_mw": 11.2, "pixel_area_ha": 14.1, "status": "out", "fire_class": "likely_agricultural", "municipality": "Chandrexa de Queixa", "province": "Ourense", "region": "Galicia", "muni_dist_km": 2.04}}, {"type": "Feature", "geometry": {"type": "Point", "coordinates": [-6.7514, 38.6303]}, "properties": {"id": "5e296a82f18a", "ine": "06131", "first_utc": "2026-07-20T12:32:00Z", "last_utc": "2026-07-20T12:32:00Z", "detections": 1, "frp_max_mw": 11.2, "frp_total_mw": 11.2, "pixel_area_ha": 14.1, "status": "out", "fire_class": "likely_agricultural", "municipality": "Torre de Miguel Sesmero", "province": "Badajoz", "region": "Extremadura", "muni_dist_km": 1.88}}, {"type": "Feature", "geometry": {"type": "Point", "coordinates": [-6.1038, 36.6116]}, "properties": {"id": "987cc1850385", "ine": "11028", "first_utc": "2026-07-27T12:36:00Z", "last_utc": "2026-07-27T12:36:00Z", "detections": 8, "frp_max_mw": 11.2, "frp_total_mw": 47.9, "pixel_area_ha": 98.4, "status": "dying_down", "fire_class": "likely_agricultural", "municipality": "Puerto Real", "province": "Cádiz", "region": "Andalucía", "muni_dist_km": 8.98}}, {"type": "Feature", "geometry": {"type": "Point", "coordinates": [-5.8759, 39.8225]}, "properties": {"id": "a1da90025404", "ine": "10176", "first_utc": "2026-06-12T13:38:00Z", "last_utc": "2026-06-12T13:38:00Z", "detections": 1, "frp_max_mw": 11.1, "frp_total_mw": 11.1, "pixel_area_ha": 14.1, "status": "out", "fire_class": "likely_agricultural", "municipality": "Serrejón", "province": "Cáceres", "region": "Extremadura", "muni_dist_km": 5.21}}, {"type": "Feature", "geometry": {"type": "Point", "coordinates": [-5.8738, 36.5826]}, "properties": {"id": "ae591afb804c", "ine": "11025", "first_utc": "2026-06-13T12:25:00Z", "last_utc": "2026-06-13T12:25:00Z", "detections": 1, "frp_max_mw": 11.1, "frp_total_mw": 11.1, "pixel_area_ha": 14.1, "status": "out", "fire_class": "likely_agricultural", "municipality": "Paterna de Rivera", "province": "Cádiz", "region": "Andalucía", "muni_dist_km": 6.98}}, {"type": "Feature", "geometry": {"type": "Point", "coordinates": [-6.1074, 43.393]}, "properties": {"id": "78b3e4597605", "ine": "33010", "first_utc": "2026-06-16T15:22:00Z", "last_utc": "2026-06-17T01:28:00Z", "detections": 3, "frp_max_mw": 11.1, "frp_total_mw": 23.8, "pixel_area_ha": 28.1, "status": "out", "fire_class": "forest", "official_area_ha": 9.0, "perimeter_id": "529442", "municipality": "Candamo", "province": "Asturias", "region": "Principado de Asturias", "muni_dist_km": 7.43}}, {"type": "Feature", "geometry": {"type": "Point", "coordinates": [-3.7681, 37.6991]}, "properties": {"id": "25964e291279", "ine": "23099", "first_utc": "2026-06-25T12:36:00Z", "last_utc": "2026-06-25T12:53:00Z", "detections": 4, "frp_max_mw": 11.0, "frp_total_mw": 29.2, "pixel_area_ha": 42.2, "status": "out", "fire_class": "forest", "official_area_ha": 4.0, "perimeter_id": "541197", "municipality": "Los Villares", "province": "Jaén", "region": "Andalucía", "muni_dist_km": 6.05}}, {"type": "Feature", "geometry": {"type": "Point", "coordinates": [-3.2646, 39.1707]}, "properties": {"id": "450ba20af164", "ine": "13904", "first_utc": "2026-07-13T12:19:00Z", "last_utc": "2026-07-13T12:19:00Z", "detections": 1, "frp_max_mw": 11.0, "frp_total_mw": 11.0, "pixel_area_ha": 14.1, "status": "out", "fire_class": "likely_agricultural", "municipality": "Llanos del Caudillo", "province": "Ciudad Real", "region": "Castilla-La Mancha", "muni_dist_km": 9.3}}, {"type": "Feature", "geometry": {"type": "Point", "coordinates": [-5.8441, 37.6062]}, "properties": {"id": "74e7da835684", "ine": "41023", "first_utc": "2026-06-07T14:20:00Z", "last_utc": "2026-06-07T14:20:00Z", "detections": 1, "frp_max_mw": 10.9, "frp_total_mw": 10.9, "pixel_area_ha": 14.1, "status": "out", "fire_class": "likely_agricultural", "municipality": "Cantillana", "province": "Sevilla", "region": "Andalucía", "muni_dist_km": 3.03}}, {"type": "Feature", "geometry": {"type": "Point", "coordinates": [-1.2832, 42.3645]}, "properties": {"id": "808ab40da6e4", "ine": "50078", "first_utc": "2026-06-23T11:51:00Z", "last_utc": "2026-06-23T11:51:00Z", "detections": 2, "frp_max_mw": 10.9, "frp_total_mw": 19.5, "pixel_area_ha": 28.1, "status": "out", "fire_class": "likely_agricultural", "municipality": "Castiliscar", "province": "Zaragoza", "region": "Aragón", "muni_dist_km": 0.61}}, {"type": "Feature", "geometry": {"type": "Point", "coordinates": [-5.4245, 38.4069]}, "properties": {"id": "f9ec3782429c", "ine": "14011", "first_utc": "2026-07-04T15:16:00Z", "last_utc": "2026-07-04T15:16:00Z", "detections": 1, "frp_max_mw": 10.9, "frp_total_mw": 10.9, "pixel_area_ha": 14.1, "status": "out", "fire_class": "likely_agricultural", "municipality": "Los Blázquez", "province": "Córdoba", "region": "Andalucía", "muni_dist_km": 3.24}}, {"type": "Feature", "geometry": {"type": "Point", "coordinates": [-6.109, 36.613]}, "properties": {"id": "24618ca2050d", "ine": "11028", "first_utc": "2026-07-14T12:44:00Z", "last_utc": "2026-07-14T12:44:00Z", "detections": 1, "frp_max_mw": 10.9, "frp_total_mw": 10.9, "pixel_area_ha": 14.1, "status": "out", "fire_class": "likely_agricultural", "municipality": "Puerto Real", "province": "Cádiz", "region": "Andalucía", "muni_dist_km": 9.96}}, {"type": "Feature", "geometry": {"type": "Point", "coordinates": [-0.45, 39.4886]}, "properties": {"id": "bd61582aec04", "ine": "46169", "first_utc": "2026-07-25T11:53:00Z", "last_utc": "2026-07-25T11:53:00Z", "detections": 3, "frp_max_mw": 10.9, "frp_total_mw": 27.7, "pixel_area_ha": 42.2, "status": "out", "fire_class": "forest", "municipality": "Mislata", "province": "València/Valencia", "region": "Comunitat Valenciana", "muni_dist_km": 2.25}}, {"type": "Feature", "geometry": {"type": "Point", "coordinates": [-4.6844, 42.3531]}, "properties": {"id": "f489b5f9b09e", "ine": "34236", "first_utc": "2026-07-16T12:08:00Z", "last_utc": "2026-07-16T12:08:00Z", "detections": 1, "frp_max_mw": 10.8, "frp_total_mw": 10.8, "pixel_area_ha": 14.1, "status": "out", "fire_class": "forest", "official_area_ha": 46.0, "municipality": "Villaturde", "province": "Palencia", "region": "Castilla y León", "muni_dist_km": 2.0}}, {"type": "Feature", "geometry": {"type": "Point", "coordinates": [-5.8119, 36.501]}, "properties": {"id": "3c157458728d", "ine": "11025", "first_utc": "2026-06-13T12:25:00Z", "last_utc": "2026-06-13T12:25:00Z", "detections": 1, "frp_max_mw": 10.7, "frp_total_mw": 10.7, "pixel_area_ha": 14.1, "status": "out", "fire_class": "likely_agricultural", "municipality": "Paterna de Rivera", "province": "Cádiz", "region": "Andalucía", "muni_dist_km": 4.33}}, {"type": "Feature", "geometry": {"type": "Point", "coordinates": [-2.793, 36.7454]}, "properties": {"id": "3a994bde0592", "ine": "04902", "first_utc": "2026-06-23T12:38:00Z", "last_utc": "2026-06-23T13:31:00Z", "detections": 3, "frp_max_mw": 10.7, "frp_total_mw": 26.5, "pixel_area_ha": 42.2, "status": "out", "fire_class": "likely_agricultural", "municipality": "El Ejido", "province": "Almería", "region": "Andalucía", "muni_dist_km": 1.0}}, {"type": "Feature", "geometry": {"type": "Point", "coordinates": [-2.5196, 43.0242]}, "properties": {"id": "7707fea0f7b1", "ine": "20034", "first_utc": "2026-06-23T13:33:00Z", "last_utc": "2026-06-23T14:54:00Z", "detections": 2, "frp_max_mw": 10.7, "frp_total_mw": 18.0, "pixel_area_ha": 28.1, "status": "out", "fire_class": "likely_agricultural", "municipality": "Eskoriatza", "province": "Gipuzkoa", "region": "País Vasco", "muni_dist_km": 2.5}}, {"type": "Feature", "geometry": {"type": "Point", "coordinates": [-6.9087, 41.9699]}, "properties": {"id": "ec4c14c837c8", "ine": "49094", "first_utc": "2026-06-29T01:37:00Z", "last_utc": "2026-06-29T03:38:00Z", "detections": 6, "frp_max_mw": 10.7, "frp_total_mw": 25.5, "pixel_area_ha": 42.2, "status": "out", "fire_class": "forest", "official_area_ha": 1.0, "municipality": "Hermisende", "province": "Zamora", "region": "Castilla y León", "muni_dist_km": 1.9}}, {"type": "Feature", "geometry": {"type": "Point", "coordinates": [-8.4802, 43.173]}, "properties": {"id": "f75e698d946e", "ine": "15024", "first_utc": "2026-07-01T15:01:00Z", "last_utc": "2026-07-01T15:01:00Z", "detections": 1, "frp_max_mw": 10.7, "frp_total_mw": 10.7, "pixel_area_ha": 14.1, "status": "out", "fire_class": "likely_agricultural", "municipality": "Cerceda", "province": "A Coruña", "region": "Galicia", "muni_dist_km": 0.7}}, {"type": "Feature", "geometry": {"type": "Point", "coordinates": [-3.7124, 39.3759]}, "properties": {"id": "27fb8372ece1", "ine": "45177", "first_utc": "2026-07-11T12:02:00Z", "last_utc": "2026-07-11T12:02:00Z", "detections": 2, "frp_max_mw": 10.7, "frp_total_mw": 20.4, "pixel_area_ha": 28.1, "status": "out", "fire_class": "likely_agricultural", "municipality": "Urda", "province": "Toledo", "region": "Castilla-La Mancha", "muni_dist_km": 1.89}}, {"type": "Feature", "geometry": {"type": "Point", "coordinates": [-6.085, 39.9915]}, "properties": {"id": "c2fea6cb4001", "ine": "10148", "first_utc": "2026-07-01T20:59:00Z", "last_utc": "2026-07-01T20:59:00Z", "detections": 1, "frp_max_mw": 10.6, "frp_total_mw": 10.6, "pixel_area_ha": 14.1, "status": "out", "fire_class": "forest", "municipality": "Plasencia", "province": "Cáceres", "region": "Extremadura", "muni_dist_km": 5.42}}, {"type": "Feature", "geometry": {"type": "Point", "coordinates": [-4.3418, 42.2222]}, "properties": {"id": "5d52a1b57f44", "ine": "34174", "first_utc": "2026-07-02T13:46:00Z", "last_utc": "2026-07-02T13:46:00Z", "detections": 1, "frp_max_mw": 10.6, "frp_total_mw": 10.6, "pixel_area_ha": 14.1, "status": "out", "fire_class": "forest", "official_area_ha": 95.0, "municipality": "Santoyo", "province": "Palencia", "region": "Castilla y León", "muni_dist_km": 0.45}}, {"type": "Feature", "geometry": {"type": "Point", "coordinates": [-7.7311, 43.4288]}, "properties": {"id": "31f301c0c384", "ine": "27033", "first_utc": "2026-07-05T14:29:00Z", "last_utc": "2026-07-05T14:29:00Z", "detections": 2, "frp_max_mw": 10.6, "frp_total_mw": 17.4, "pixel_area_ha": 28.1, "status": "out", "fire_class": "likely_agricultural", "municipality": "Muras", "province": "Lugo", "region": "Galicia", "muni_dist_km": 7.8}}, {"type": "Feature", "geometry": {"type": "Point", "coordinates": [-5.7327, 43.5254]}, "properties": {"id": "f8f016834e38", "ine": "33014", "first_utc": "2026-07-08T13:33:00Z", "last_utc": "2026-07-08T20:38:00Z", "detections": 5, "frp_max_mw": 10.6, "frp_total_mw": 33.1, "pixel_area_ha": 56.2, "status": "out", "fire_class": "forest", "municipality": "Carreño", "province": "Asturias", "region": "Principado de Asturias", "muni_dist_km": 4.55}}, {"type": "Feature", "geometry": {"type": "Point", "coordinates": [-3.0533, 43.2094]}, "properties": {"id": "c10430fe3ef3", "ine": "48045", "first_utc": "2026-07-22T13:36:00Z", "last_utc": "2026-07-22T13:36:00Z", "detections": 1, "frp_max_mw": 10.6, "frp_total_mw": 10.6, "pixel_area_ha": 14.1, "status": "out", "fire_class": "likely_agricultural", "municipality": "Güeñes", "province": "Bizkaia", "region": "País Vasco", "muni_dist_km": 1.04}}, {"type": "Feature", "geometry": {"type": "Point", "coordinates": [-6.8281, 40.8227]}, "properties": {"id": "cb4d1166e810", "ine": "37056", "first_utc": "2026-06-27T12:17:00Z", "last_utc": "2026-06-27T12:17:00Z", "detections": 3, "frp_max_mw": 10.5, "frp_total_mw": 30.3, "pixel_area_ha": 28.1, "status": "out", "fire_class": "likely_agricultural", "municipality": "La Bouza", "province": "Salamanca", "region": "Castilla y León", "muni_dist_km": 1.75}}, {"type": "Feature", "geometry": {"type": "Point", "coordinates": [-1.5904, 42.2608]}, "properties": {"id": "87d41e757040", "ine": "31249", "first_utc": "2026-06-17T13:46:00Z", "last_utc": "2026-06-17T13:46:00Z", "detections": 2, "frp_max_mw": 10.4, "frp_total_mw": 14.9, "pixel_area_ha": 14.1, "status": "out", "fire_class": "likely_agricultural", "municipality": "Valtierra", "province": "Navarra", "region": "Comunidad Foral de Navarra", "muni_dist_km": 5.45}}, {"type": "Feature", "geometry": {"type": "Point", "coordinates": [-8.2947, 42.3572]}, "properties": {"id": "771561cd3a92", "ine": "32004", "first_utc": "2026-06-18T12:34:00Z", "last_utc": "2026-06-18T13:25:00Z", "detections": 7, "frp_max_mw": 10.4, "frp_total_mw": 66.7, "pixel_area_ha": 70.3, "status": "out", "fire_class": "forest", "official_area_ha": 6.0, "perimeter_id": "519454", "municipality": "Avión", "province": "Ourense", "region": "Galicia", "muni_dist_km": 3.54}}, {"type": "Feature", "geometry": {"type": "Point", "coordinates": [-4.3018, 39.7248]}, "properties": {"id": "fe235f7e85a9", "ine": "45067", "first_utc": "2026-06-20T20:21:00Z", "last_utc": "2026-06-20T20:21:00Z", "detections": 1, "frp_max_mw": 10.4, "frp_total_mw": 10.4, "pixel_area_ha": 14.1, "status": "out", "fire_class": "forest", "municipality": "Gálvez", "province": "Toledo", "region": "Castilla-La Mancha", "muni_dist_km": 1.26}}, {"type": "Feature", "geometry": {"type": "Point", "coordinates": [-4.6288, 38.9333]}, "properties": {"id": "0308ce08060e", "ine": "13073", "first_utc": "2026-07-01T12:23:00Z", "last_utc": "2026-07-01T12:42:00Z", "detections": 5, "frp_max_mw": 10.4, "frp_total_mw": 36.9, "pixel_area_ha": 56.2, "status": "out", "fire_class": "likely_agricultural", "municipality": "Saceruela", "province": "Ciudad Real", "region": "Castilla-La Mancha", "muni_dist_km": 3.41}}, {"type": "Feature", "geometry": {"type": "Point", "coordinates": [-4.7616, 40.2694]}, "properties": {"id": "0b63765e5e29", "ine": "45079", "first_utc": "2026-07-04T14:14:00Z", "last_utc": "2026-07-04T14:14:00Z", "detections": 2, "frp_max_mw": 10.4, "frp_total_mw": 20.8, "pixel_area_ha": 28.1, "status": "out", "fire_class": "forest", "official_area_ha": 25.33, "perimeter_id": "557608", "municipality": "La Iglesuela del Tiétar", "province": "Toledo", "region": "Castilla-La Mancha", "muni_dist_km": 3.46}}, {"type": "Feature", "geometry": {"type": "Point", "coordinates": [1.5993, 41.7079]}, "properties": {"id": "d85fa8c4fa56", "ine": "08002", "first_utc": "2026-07-14T15:03:00Z", "last_utc": "2026-07-14T15:03:00Z", "detections": 1, "frp_max_mw": 10.4, "frp_total_mw": 10.4, "pixel_area_ha": 14.1, "status": "out", "fire_class": "likely_agricultural", "municipality": "Aguilar de Segarra", "province": "Barcelona", "region": "Cataluña", "muni_dist_km": 2.87}}, {"type": "Feature", "geometry": {"type": "Point", "coordinates": [-6.3334, 38.9344]}, "properties": {"id": "b74933fd1410", "ine": "06135", "first_utc": "2026-07-15T13:21:00Z", "last_utc": "2026-07-15T13:21:00Z", "detections": 1, "frp_max_mw": 10.4, "frp_total_mw": 10.4, "pixel_area_ha": 14.1, "status": "out", "fire_class": "likely_agricultural", "municipality": "Trujillanos", "province": "Badajoz", "region": "Extremadura", "muni_dist_km": 7.71}}, {"type": "Feature", "geometry": {"type": "Point", "coordinates": [-0.9549, 38.5565]}, "properties": {"id": "4f219dab5c7b", "ine": "03116", "first_utc": "2026-07-27T12:02:00Z", "last_utc": "2026-07-27T12:02:00Z", "detections": 2, "frp_max_mw": 10.4, "frp_total_mw": 18.7, "pixel_area_ha": 28.1, "status": "dying_down", "fire_class": "likely_agricultural", "municipality": "Salinas", "province": "Alacant/Alicante", "region": "Comunitat Valenciana", "muni_dist_km": 6.6}}, {"type": "Feature", "geometry": {"type": "Point", "coordinates": [-5.4512, 42.2991]}, "properties": {"id": "d1320544da3d", "ine": "24107", "first_utc": "2026-06-26T12:17:00Z", "last_utc": "2026-06-26T12:17:00Z", "detections": 2, "frp_max_mw": 10.3, "frp_total_mw": 17.9, "pixel_area_ha": 28.1, "status": "out", "fire_class": "likely_agricultural", "municipality": "Pajares de los Oteros", "province": "León", "region": "Castilla y León", "muni_dist_km": 3.91}}, {"type": "Feature", "geometry": {"type": "Point", "coordinates": [-4.9051, 40.1361]}, "properties": {"id": "085760683531", "ine": "45022", "first_utc": "2026-06-26T12:19:00Z", "last_utc": "2026-06-26T12:19:00Z", "detections": 1, "frp_max_mw": 10.3, "frp_total_mw": 10.3, "pixel_area_ha": 14.1, "status": "out", "fire_class": "likely_agricultural", "municipality": "Buenaventura", "province": "Toledo", "region": "Castilla-La Mancha", "muni_dist_km": 4.54}}, {"type": "Feature", "geometry": {"type": "Point", "coordinates": [-2.4356, 42.9021]}, "properties": {"id": "9c57a54d8de4", "ine": "01053", "first_utc": "2026-07-14T15:05:00Z", "last_utc": "2026-07-14T15:05:00Z", "detections": 1, "frp_max_mw": 10.3, "frp_total_mw": 10.3, "pixel_area_ha": 14.1, "status": "out", "fire_class": "likely_agricultural", "municipality": "San Millán/Donemiliaga", "province": "Araba/Álava", "region": "País Vasco", "muni_dist_km": 4.32}}, {"type": "Feature", "geometry": {"type": "Point", "coordinates": [-2.8969, 43.0053]}, "properties": {"id": "1acbe49f1a59", "ine": "01054", "first_utc": "2026-07-22T13:36:00Z", "last_utc": "2026-07-22T13:36:00Z", "detections": 1, "frp_max_mw": 10.3, "frp_total_mw": 10.3, "pixel_area_ha": 14.1, "status": "out", "fire_class": "likely_agricultural", "municipality": "Urkabustaiz", "province": "Araba/Álava", "region": "País Vasco", "muni_dist_km": 4.76}}, {"type": "Feature", "geometry": {"type": "Point", "coordinates": [-4.7173, 39.763]}, "properties": {"id": "cbc5fa35818c", "ine": "45155", "first_utc": "2026-06-10T09:22:00Z", "last_utc": "2026-06-10T09:22:00Z", "detections": 1, "frp_max_mw": 10.2, "frp_total_mw": 10.2, "pixel_area_ha": 14.1, "status": "out", "fire_class": "likely_agricultural", "municipality": "Santa Ana de Pusa", "province": "Toledo", "region": "Castilla-La Mancha", "muni_dist_km": 0.57}}, {"type": "Feature", "geometry": {"type": "Point", "coordinates": [0.9326, 41.016]}, "properties": {"id": "8b6081ee22c4", "ine": "43092", "first_utc": "2026-06-10T11:42:00Z", "last_utc": "2026-06-10T11:42:00Z", "detections": 1, "frp_max_mw": 10.2, "frp_total_mw": 10.2, "pixel_area_ha": 14.1, "status": "out", "fire_class": "urban", "municipality": "Mont-roig del Camp", "province": "Tarragona", "region": "Cataluña", "muni_dist_km": 4.92}}, {"type": "Feature", "geometry": {"type": "Point", "coordinates": [-2.6949, 36.7455]}, "properties": {"id": "d6865892894a", "ine": "04903", "first_utc": "2026-06-12T13:38:00Z", "last_utc": "2026-06-12T13:38:00Z", "detections": 1, "frp_max_mw": 10.2, "frp_total_mw": 10.2, "pixel_area_ha": 14.1, "status": "out", "fire_class": "likely_agricultural", "municipality": "La Mojonera", "province": "Almería", "region": "Andalucía", "muni_dist_km": 3.24}}, {"type": "Feature", "geometry": {"type": "Point", "coordinates": [-2.3305, 39.4477]}, "properties": {"id": "60f7d9571e84", "ine": "16238", "first_utc": "2026-06-13T15:05:00Z", "last_utc": "2026-06-13T15:05:00Z", "detections": 2, "frp_max_mw": 10.2, "frp_total_mw": 19.8, "pixel_area_ha": 28.1, "status": "out", "fire_class": "likely_agricultural", "municipality": "Vara de Rey", "province": "Cuenca", "region": "Castilla-La Mancha", "muni_dist_km": 3.29}}, {"type": "Feature", "geometry": {"type": "Point", "coordinates": [-5.4517, 42.3331]}, "properties": {"id": "3c1563ba31ef", "ine": "24107", "first_utc": "2026-06-13T15:05:00Z", "last_utc": "2026-06-13T15:05:00Z", "detections": 1, "frp_max_mw": 10.2, "frp_total_mw": 10.2, "pixel_area_ha": 14.1, "status": "out", "fire_class": "likely_agricultural", "municipality": "Pajares de los Oteros", "province": "León", "region": "Castilla y León", "muni_dist_km": 0.33}}, {"type": "Feature", "geometry": {"type": "Point", "coordinates": [-8.0957, 42.5006]}, "properties": {"id": "63faaa910de3", "ine": "32035", "first_utc": "2026-06-16T15:22:00Z", "last_utc": "2026-06-16T15:22:00Z", "detections": 1, "frp_max_mw": 10.2, "frp_total_mw": 10.2, "pixel_area_ha": 14.1, "status": "out", "fire_class": "likely_agricultural", "municipality": "O Irixo", "province": "Ourense", "region": "Galicia", "muni_dist_km": 3.99}}, {"type": "Feature", "geometry": {"type": "Point", "coordinates": [-4.2901, 39.7373]}, "properties": {"id": "ae96829930e7", "ine": "45067", "first_utc": "2026-06-20T20:21:00Z", "last_utc": "2026-06-20T20:21:00Z", "detections": 1, "frp_max_mw": 10.2, "frp_total_mw": 10.2, "pixel_area_ha": 14.1, "status": "out", "fire_class": "forest", "municipality": "Gálvez", "province": "Toledo", "region": "Castilla-La Mancha", "muni_dist_km": 2.03}}, {"type": "Feature", "geometry": {"type": "Point", "coordinates": [-5.8357, 37.0328]}, "properties": {"id": "06b8758c1664", "ine": "41904", "first_utc": "2026-07-05T13:55:00Z", "last_utc": "2026-07-05T13:55:00Z", "detections": 1, "frp_max_mw": 10.2, "frp_total_mw": 10.2, "pixel_area_ha": 14.1, "status": "out", "fire_class": "likely_agricultural", "municipality": "El Palmar de Troya", "province": "Sevilla", "region": "Andalucía", "muni_dist_km": 4.63}}, {"type": "Feature", "geometry": {"type": "Point", "coordinates": [-4.7067, 41.6043]}, "properties": {"id": "6f057fe40ca0", "ine": "47076", "first_utc": "2026-07-21T09:49:00Z", "last_utc": "2026-07-21T09:49:00Z", "detections": 1, "frp_max_mw": 10.2, "frp_total_mw": 10.2, "pixel_area_ha": 14.1, "status": "out", "fire_class": "likely_agricultural", "municipality": "Laguna de Duero", "province": "Valladolid", "region": "Castilla y León", "muni_dist_km": 3.55}}, {"type": "Feature", "geometry": {"type": "Point", "coordinates": [-6.9489, 38.8605]}, "properties": {"id": "200ae3928f00", "ine": "06015", "first_utc": "2026-06-09T12:36:00Z", "last_utc": "2026-06-09T12:36:00Z", "detections": 2, "frp_max_mw": 10.1, "frp_total_mw": 15.0, "pixel_area_ha": 28.1, "status": "out", "fire_class": "likely_agricultural", "municipality": "Badajoz", "province": "Badajoz", "region": "Extremadura", "muni_dist_km": 8.17}}, {"type": "Feature", "geometry": {"type": "Point", "coordinates": [-3.3655, 39.0092]}, "properties": {"id": "dff833d9fcba", "ine": "13053", "first_utc": "2026-06-29T13:21:00Z", "last_utc": "2026-06-29T13:21:00Z", "detections": 1, "frp_max_mw": 10.1, "frp_total_mw": 10.1, "pixel_area_ha": 14.1, "status": "out", "fire_class": "likely_agricultural", "municipality": "Manzanares", "province": "Ciudad Real", "region": "Castilla-La Mancha", "muni_dist_km": 2.22}}, {"type": "Feature", "geometry": {"type": "Point", "coordinates": [1.9027, 41.466]}, "properties": {"id": "c7bb2cde09a2", "ine": "08114", "first_utc": "2026-07-07T12:12:00Z", "last_utc": "2026-07-07T13:16:00Z", "detections": 4, "frp_max_mw": 10.1, "frp_total_mw": 35.1, "pixel_area_ha": 42.2, "status": "out", "fire_class": "urban", "municipality": "Martorell", "province": "Barcelona", "region": "Cataluña", "muni_dist_km": 1.83}}, {"type": "Feature", "geometry": {"type": "Point", "coordinates": [-1.352, 43.0582]}, "properties": {"id": "f18371472f10", "ine": "31248", "first_utc": "2026-07-23T13:18:00Z", "last_utc": "2026-07-23T14:12:00Z", "detections": 5, "frp_max_mw": 10.1, "frp_total_mw": 30.1, "pixel_area_ha": 28.1, "status": "out", "fire_class": "likely_agricultural", "municipality": "Luzaide/Valcarlos", "province": "Navarra", "region": "Comunidad Foral de Navarra", "muni_dist_km": 3.02}}, {"type": "Feature", "geometry": {"type": "Point", "coordinates": [-5.6886, 42.0046]}, "properties": {"id": "f055815ee98e", "ine": "49021", "first_utc": "2026-06-23T12:40:00Z", "last_utc": "2026-06-23T12:40:00Z", "detections": 1, "frp_max_mw": 10.0, "frp_total_mw": 10.0, "pixel_area_ha": 14.1, "status": "out", "fire_class": "likely_agricultural", "municipality": "Benavente", "province": "Zamora", "region": "Castilla y León", "muni_dist_km": 0.71}}, {"type": "Feature", "geometry": {"type": "Point", "coordinates": [-4.42, 42.6422]}, "properties": {"id": "4c8a15f55f00", "ine": "34068", "first_utc": "2026-07-06T12:32:00Z", "last_utc": "2026-07-06T12:32:00Z", "detections": 7, "frp_max_mw": 10.0, "frp_total_mw": 59.0, "pixel_area_ha": 70.3, "status": "out", "fire_class": "forest", "official_area_ha": 21.46, "municipality": "Dehesa de Romanos", "province": "Palencia", "region": "Castilla y León", "muni_dist_km": 1.7}}, {"type": "Feature", "geometry": {"type": "Point", "coordinates": [-3.1056, 43.3357]}, "properties": {"id": "e09edcf0e8e9", "ine": "48913", "first_utc": "2026-07-22T02:47:00Z", "last_utc": "2026-07-22T04:10:00Z", "detections": 10, "frp_max_mw": 10.0, "frp_total_mw": 72.8, "pixel_area_ha": 98.4, "status": "out", "fire_class": "forest", "municipality": "Zierbena", "province": "Bizkaia", "region": "País Vasco", "muni_dist_km": 1.34}}, {"type": "Feature", "geometry": {"type": "Point", "coordinates": [-3.791, 40.1196]}, "properties": {"id": "ec3f59a73ab3", "ine": "45201", "first_utc": "2026-06-18T09:39:00Z", "last_utc": "2026-06-18T09:39:00Z", "detections": 1, "frp_max_mw": 9.9, "frp_total_mw": 9.9, "pixel_area_ha": 14.1, "status": "out", "fire_class": "likely_agricultural", "municipality": "Yeles", "province": "Toledo", "region": "Castilla-La Mancha", "muni_dist_km": 0.19}}, {"type": "Feature", "geometry": {"type": "Point", "coordinates": [-0.9613, 38.5537]}, "properties": {"id": "56c1e453b592", "ine": "03116", "first_utc": "2026-07-03T12:04:00Z", "last_utc": "2026-07-03T12:04:00Z", "detections": 1, "frp_max_mw": 9.9, "frp_total_mw": 9.9, "pixel_area_ha": 14.1, "status": "out", "fire_class": "likely_agricultural", "municipality": "Salinas", "province": "Alacant/Alicante", "region": "Comunitat Valenciana", "muni_dist_km": 6.75}}, {"type": "Feature", "geometry": {"type": "Point", "coordinates": [-5.7104, 37.2609]}, "properties": {"id": "63dee70e8d3f", "ine": "41004", "first_utc": "2026-07-15T12:25:00Z", "last_utc": "2026-07-15T12:25:00Z", "detections": 2, "frp_max_mw": 9.9, "frp_total_mw": 19.8, "pixel_area_ha": 28.1, "status": "out", "fire_class": "likely_agricultural", "municipality": "Alcalá de Guadaíra", "province": "Sevilla", "region": "Andalucía", "muni_dist_km": 8.91}}, {"type": "Feature", "geometry": {"type": "Point", "coordinates": [-4.4188, 41.9392]}, "properties": {"id": "c4b2a80016e6", "ine": "34177", "first_utc": "2026-07-19T13:46:00Z", "last_utc": "2026-07-19T13:46:00Z", "detections": 1, "frp_max_mw": 9.9, "frp_total_mw": 9.9, "pixel_area_ha": 14.1, "status": "out", "fire_class": "forest", "official_area_ha": 230.0, "municipality": "Soto de Cerrato", "province": "Palencia", "region": "Castilla y León", "muni_dist_km": 0.94}}, {"type": "Feature", "geometry": {"type": "Point", "coordinates": [-1.9901, 41.7879]}, "properties": {"id": "50792d6750c3", "ine": "42134", "first_utc": "2026-06-03T09:41:00Z", "last_utc": "2026-06-03T09:41:00Z", "detections": 1, "frp_max_mw": 9.8, "frp_total_mw": 9.8, "pixel_area_ha": 14.1, "status": "out", "fire_class": "likely_agricultural", "municipality": "Ólvega", "province": "Soria", "region": "Castilla y León", "muni_dist_km": 1.11}}, {"type": "Feature", "geometry": {"type": "Point", "coordinates": [-4.5046, 39.8507]}, "properties": {"id": "81733c4c160a", "ine": "45037", "first_utc": "2026-06-04T13:36:00Z", "last_utc": "2026-06-04T14:10:00Z", "detections": 5, "frp_max_mw": 9.8, "frp_total_mw": 26.5, "pixel_area_ha": 42.2, "status": "out", "fire_class": "likely_agricultural", "municipality": "El Carpio de Tajo", "province": "Toledo", "region": "Castilla-La Mancha", "muni_dist_km": 0.93}}, {"type": "Feature", "geometry": {"type": "Point", "coordinates": [-3.3653, 39.0113]}, "properties": {"id": "fb6d3b831c73", "ine": "13053", "first_utc": "2026-06-05T13:16:00Z", "last_utc": "2026-06-05T13:16:00Z", "detections": 2, "frp_max_mw": 9.8, "frp_total_mw": 12.9, "pixel_area_ha": 28.1, "status": "out", "fire_class": "likely_agricultural", "municipality": "Manzanares", "province": "Ciudad Real", "region": "Castilla-La Mancha", "muni_dist_km": 1.85}}, {"type": "Feature", "geometry": {"type": "Point", "coordinates": [-4.972, 40.1811]}, "properties": {"id": "481ee721372d", "ine": "05110", "first_utc": "2026-06-06T12:10:00Z", "last_utc": "2026-06-06T12:10:00Z", "detections": 1, "frp_max_mw": 9.8, "frp_total_mw": 9.8, "pixel_area_ha": 14.1, "status": "out", "fire_class": "likely_agricultural", "municipality": "Lanzahíta", "province": "Ávila", "region": "Castilla y León", "muni_dist_km": 3.08}}, {"type": "Feature", "geometry": {"type": "Point", "coordinates": [-5.8708, 37.4048]}, "properties": {"id": "70780830f31e", "ine": "41081", "first_utc": "2026-06-10T13:55:00Z", "last_utc": "2026-06-10T14:16:00Z", "detections": 2, "frp_max_mw": 9.8, "frp_total_mw": 11.1, "pixel_area_ha": 28.1, "status": "out", "fire_class": "likely_agricultural", "municipality": "La Rinconada", "province": "Sevilla", "region": "Andalucía", "muni_dist_km": 7.58}}, {"type": "Feature", "geometry": {"type": "Point", "coordinates": [-5.8318, 43.5394]}, "properties": {"id": "e4c09f3f3608", "ine": "33014", "first_utc": "2026-07-01T12:44:00Z", "last_utc": "2026-07-03T09:34:00Z", "detections": 9, "frp_max_mw": 9.8, "frp_total_mw": 36.5, "pixel_area_ha": 56.2, "status": "out", "fire_class": "forest", "municipality": "Carreño", "province": "Asturias", "region": "Principado de Asturias", "muni_dist_km": 3.32}}, {"type": "Feature", "geometry": {"type": "Point", "coordinates": [-0.9073, 37.7908]}, "properties": {"id": "7ef5261dabed", "ine": "30037", "first_utc": "2026-07-03T12:04:00Z", "last_utc": "2026-07-03T12:04:00Z", "detections": 2, "frp_max_mw": 9.8, "frp_total_mw": 19.7, "pixel_area_ha": 28.1, "status": "out", "fire_class": "likely_agricultural", "municipality": "Torre-Pacheco", "province": "Murcia", "region": "Región de Murcia", "muni_dist_km": 5.15}}, {"type": "Feature", "geometry": {"type": "Point", "coordinates": [-6.2505, 38.5923]}, "properties": {"id": "36d7e48af0db", "ine": "06113", "first_utc": "2026-07-13T20:34:00Z", "last_utc": "2026-07-13T20:34:00Z", "detections": 1, "frp_max_mw": 9.8, "frp_total_mw": 9.8, "pixel_area_ha": 14.1, "status": "out", "fire_class": "forest", "municipality": "Ribera del Fresno", "province": "Badajoz", "region": "Extremadura", "muni_dist_km": 2.06}}, {"type": "Feature", "geometry": {"type": "Point", "coordinates": [-5.0059, 42.3425]}, "properties": {"id": "79f714118ddc", "ine": "24139", "first_utc": "2026-07-16T13:48:00Z", "last_utc": "2026-07-16T13:48:00Z", "detections": 1, "frp_max_mw": 9.8, "frp_total_mw": 9.8, "pixel_area_ha": 14.1, "status": "out", "fire_class": "forest", "official_area_ha": 0.12, "municipality": "Sahagún", "province": "León", "region": "Castilla y León", "muni_dist_km": 2.96}}, {"type": "Feature", "geometry": {"type": "Point", "coordinates": [-1.9308, 38.8478]}, "properties": {"id": "04a889a89835", "ine": "02003", "first_utc": "2026-07-20T12:32:00Z", "last_utc": "2026-07-21T01:45:00Z", "detections": 5, "frp_max_mw": 9.8, "frp_total_mw": 23.7, "pixel_area_ha": 42.2, "status": "out", "fire_class": "forest", "municipality": "Albacete", "province": "Albacete", "region": "Castilla-La Mancha", "muni_dist_km": 12.35}}, {"type": "Feature", "geometry": {"type": "Point", "coordinates": [-6.727, 37.2357]}, "properties": {"id": "e9d51b28dfd7", "ine": "21046", "first_utc": "2026-07-22T14:10:00Z", "last_utc": "2026-07-22T14:10:00Z", "detections": 1, "frp_max_mw": 9.8, "frp_total_mw": 9.8, "pixel_area_ha": 14.1, "status": "out", "fire_class": "likely_agricultural", "municipality": "Lucena del Puerto", "province": "Huelva", "region": "Andalucía", "muni_dist_km": 1.92}}, {"type": "Feature", "geometry": {"type": "Point", "coordinates": [-2.1021, 42.3516]}, "properties": {"id": "14b495ccd013", "ine": "26020", "first_utc": "2026-06-16T13:10:00Z", "last_utc": "2026-06-16T14:03:00Z", "detections": 2, "frp_max_mw": 9.7, "frp_total_mw": 18.8, "pixel_area_ha": 14.1, "status": "out", "fire_class": "likely_agricultural", "municipality": "Ausejo", "province": "La Rioja", "region": "La Rioja", "muni_dist_km": 3.28}}, {"type": "Feature", "geometry": {"type": "Point", "coordinates": [-6.0096, 36.9399]}, "properties": {"id": "53a13074c403", "ine": "41053", "first_utc": "2026-06-17T13:44:00Z", "last_utc": "2026-06-17T13:44:00Z", "detections": 1, "frp_max_mw": 9.7, "frp_total_mw": 9.7, "pixel_area_ha": 14.1, "status": "out", "fire_class": "likely_agricultural", "municipality": "Lebrija", "province": "Sevilla", "region": "Andalucía", "muni_dist_km": 4.61}}, {"type": "Feature", "geometry": {"type": "Point", "coordinates": [-3.6163, 40.4621]}, "properties": {"id": "d3986665e8b8", "ine": "28049", "first_utc": "2026-06-18T14:59:00Z", "last_utc": "2026-06-18T14:59:00Z", "detections": 1, "frp_max_mw": 9.7, "frp_total_mw": 9.7, "pixel_area_ha": 14.1, "status": "out", "fire_class": "likely_agricultural", "municipality": "Coslada", "province": "Madrid", "region": "Comunidad de Madrid", "muni_dist_km": 6.63}}, {"type": "Feature", "geometry": {"type": "Point", "coordinates": [-5.1893, 37.7192]}, "properties": {"id": "efe53c5385ab", "ine": "14901", "first_utc": "2026-06-20T12:46:00Z", "last_utc": "2026-06-20T14:29:00Z", "detections": 12, "frp_max_mw": 9.7, "frp_total_mw": 82.7, "pixel_area_ha": 140.6, "status": "out", "fire_class": "likely_agricultural", "municipality": "Fuente Carreteros", "province": "Córdoba", "region": "Andalucía", "muni_dist_km": 5.77}}, {"type": "Feature", "geometry": {"type": "Point", "coordinates": [-0.0103, 38.8585]}, "properties": {"id": "9fd036f23a64", "ine": "03138", "first_utc": "2026-07-08T12:10:00Z", "last_utc": "2026-07-08T13:53:00Z", "detections": 4, "frp_max_mw": 9.7, "frp_total_mw": 25.5, "pixel_area_ha": 28.1, "status": "out", "fire_class": "likely_agricultural", "municipality": "el Verger", "province": "Alacant/Alicante", "region": "Comunitat Valenciana", "muni_dist_km": 0.91}}, {"type": "Feature", "geometry": {"type": "Point", "coordinates": [-1.9201, 42.1597]}, "properties": {"id": "23ce4296fbbd", "ine": "26021", "first_utc": "2026-06-03T09:41:00Z", "last_utc": "2026-06-03T09:41:00Z", "detections": 1, "frp_max_mw": 9.6, "frp_total_mw": 9.6, "pixel_area_ha": 14.1, "status": "out", "fire_class": "likely_agricultural", "municipality": "Autol", "province": "La Rioja", "region": "La Rioja", "muni_dist_km": 6.74}}, {"type": "Feature", "geometry": {"type": "Point", "coordinates": [-6.0984, 36.6061]}, "properties": {"id": "22a6ffea6986", "ine": "11028", "first_utc": "2026-06-13T12:25:00Z", "last_utc": "2026-06-13T12:25:00Z", "detections": 2, "frp_max_mw": 9.6, "frp_total_mw": 19.1, "pixel_area_ha": 28.1, "status": "out", "fire_class": "likely_agricultural", "municipality": "Puerto Real", "province": "Cádiz", "region": "Andalucía", "muni_dist_km": 8.95}}, {"type": "Feature", "geometry": {"type": "Point", "coordinates": [-5.807, 36.5]}, "properties": {"id": "310e26505f69", "ine": "11025", "first_utc": "2026-07-06T12:29:00Z", "last_utc": "2026-07-06T12:29:00Z", "detections": 2, "frp_max_mw": 9.6, "frp_total_mw": 14.6, "pixel_area_ha": 14.1, "status": "out", "fire_class": "likely_agricultural", "municipality": "Paterna de Rivera", "province": "Cádiz", "region": "Andalucía", "muni_dist_km": 4.66}}, {"type": "Feature", "geometry": {"type": "Point", "coordinates": [-6.1358, 36.523]}, "properties": {"id": "829e304b83c0", "ine": "11028", "first_utc": "2026-07-27T12:36:00Z", "last_utc": "2026-07-27T12:36:00Z", "detections": 2, "frp_max_mw": 9.6, "frp_total_mw": 18.0, "pixel_area_ha": 28.1, "status": "dying_down", "fire_class": "likely_agricultural", "municipality": "Puerto Real", "province": "Cádiz", "region": "Andalucía", "muni_dist_km": 1.95}}, {"type": "Feature", "geometry": {"type": "Point", "coordinates": [-5.73, 43.5261]}, "properties": {"id": "7c4e994c2266", "ine": "33024", "first_utc": "2026-06-16T13:46:00Z", "last_utc": "2026-06-16T21:01:00Z", "detections": 4, "frp_max_mw": 9.5, "frp_total_mw": 27.3, "pixel_area_ha": 42.2, "status": "out", "fire_class": "forest", "municipality": "Gijón", "province": "Asturias", "region": "Principado de Asturias", "muni_dist_km": 4.53}}, {"type": "Feature", "geometry": {"type": "Point", "coordinates": [-0.1358, 39.9543]}, "properties": {"id": "f74d93a39605", "ine": "12135", "first_utc": "2026-07-25T13:33:00Z", "last_utc": "2026-07-25T13:33:00Z", "detections": 3, "frp_max_mw": 9.5, "frp_total_mw": 19.4, "pixel_area_ha": 28.1, "status": "out", "fire_class": "likely_agricultural", "municipality": "Vila-real", "province": "Castelló/Castellón", "region": "Comunitat Valenciana", "muni_dist_km": 2.13}}, {"type": "Feature", "geometry": {"type": "Point", "coordinates": [-4.8129, 37.7888]}, "properties": {"id": "0910961d628f", "ine": "14021", "first_utc": "2026-06-02T01:09:00Z", "last_utc": "2026-06-02T02:04:00Z", "detections": 6, "frp_max_mw": 9.4, "frp_total_mw": 26.0, "pixel_area_ha": 70.3, "status": "out", "fire_class": "forest", "municipality": "Córdoba", "province": "Córdoba", "region": "Andalucía", "muni_dist_km": 10.62}}, {"type": "Feature", "geometry": {"type": "Point", "coordinates": [-3.2656, 39.1669]}, "properties": {"id": "710c02c036fe", "ine": "13904", "first_utc": "2026-06-04T12:27:00Z", "last_utc": "2026-06-04T12:27:00Z", "detections": 4, "frp_max_mw": 9.4, "frp_total_mw": 28.6, "pixel_area_ha": 56.2, "status": "out", "fire_class": "likely_agricultural", "municipality": "Llanos del Caudillo", "province": "Ciudad Real", "region": "Castilla-La Mancha", "muni_dist_km": 8.4}}, {"type": "Feature", "geometry": {"type": "Point", "coordinates": [-4.8476, 39.9853]}, "properties": {"id": "01f866dcbbe5", "ine": "45165", "first_utc": "2026-06-10T13:23:00Z", "last_utc": "2026-06-10T13:23:00Z", "detections": 1, "frp_max_mw": 9.4, "frp_total_mw": 9.4, "pixel_area_ha": 14.1, "status": "out", "fire_class": "forest", "official_area_ha": 4.0, "perimeter_id": "510766", "municipality": "Talavera de la Reina", "province": "Toledo", "region": "Castilla-La Mancha", "muni_dist_km": 3.54}}, {"type": "Feature", "geometry": {"type": "Point", "coordinates": [-3.7401, 40.2403]}, "properties": {"id": "3ef2558c4fd9", "ine": "28106", "first_utc": "2026-06-13T12:25:00Z", "last_utc": "2026-06-13T13:21:00Z", "detections": 2, "frp_max_mw": 9.4, "frp_total_mw": 13.8, "pixel_area_ha": 14.1, "status": "out", "fire_class": "likely_agricultural", "municipality": "Parla", "province": "Madrid", "region": "Comunidad de Madrid", "muni_dist_km": 2.47}}, {"type": "Feature", "geometry": {"type": "Point", "coordinates": [-6.7164, 37.2906]}, "properties": {"id": "15368e3dda3e", "ine": "21014", "first_utc": "2026-06-21T13:50:00Z", "last_utc": "2026-06-21T14:10:00Z", "detections": 2, "frp_max_mw": 9.4, "frp_total_mw": 11.5, "pixel_area_ha": 14.1, "status": "out", "fire_class": "likely_agricultural", "municipality": "Bonares", "province": "Huelva", "region": "Andalucía", "muni_dist_km": 2.77}}, {"type": "Feature", "geometry": {"type": "Point", "coordinates": [-4.6182, 36.9357]}, "properties": {"id": "b1f7e7d217dd", "ine": "29093", "first_utc": "2026-07-03T13:44:00Z", "last_utc": "2026-07-03T13:44:00Z", "detections": 1, "frp_max_mw": 9.4, "frp_total_mw": 9.4, "pixel_area_ha": 14.1, "status": "out", "fire_class": "likely_agricultural", "municipality": "Valle de Abdalajís", "province": "Málaga", "region": "Andalucía", "muni_dist_km": 5.0}}, {"type": "Feature", "geometry": {"type": "Point", "coordinates": [2.9959, 41.9215]}, "properties": {"id": "a1058136ba53", "ine": "17901", "first_utc": "2026-07-03T14:40:00Z", "last_utc": "2026-07-03T14:40:00Z", "detections": 1, "frp_max_mw": 9.4, "frp_total_mw": 9.4, "pixel_area_ha": 14.1, "status": "out", "fire_class": "agricultural", "municipality": "Cruïlles, Monells i Sant Sadurní de l'Heura", "province": "Girona", "region": "Cataluña", "muni_dist_km": 1.18}}, {"type": "Feature", "geometry": {"type": "Point", "coordinates": [-2.0401, 39.9934]}, "properties": {"id": "26b7ad2c5482", "ine": "16905", "first_utc": "2026-07-03T01:28:00Z", "last_utc": "2026-07-04T02:49:00Z", "detections": 16, "frp_max_mw": 9.4, "frp_total_mw": 52.8, "pixel_area_ha": 84.4, "status": "out", "fire_class": "forest", "municipality": "Arcas", "province": "Cuenca", "region": "Castilla-La Mancha", "muni_dist_km": 5.55}}, {"type": "Feature", "geometry": {"type": "Point", "coordinates": [-2.8794, 40.7561]}, "properties": {"id": "2602f5e27757", "ine": "19053", "first_utc": "2026-07-07T12:12:00Z", "last_utc": "2026-07-07T12:29:00Z", "detections": 3, "frp_max_mw": 9.4, "frp_total_mw": 18.5, "pixel_area_ha": 42.2, "status": "out", "fire_class": "likely_agricultural", "municipality": "Brihuega", "province": "Guadalajara", "region": "Castilla-La Mancha", "muni_dist_km": 2.67}}, {"type": "Feature", "geometry": {"type": "Point", "coordinates": [-0.9847, 41.6452]}, "properties": {"id": "1057bf87f688", "ine": "50297", "first_utc": "2026-07-08T09:34:00Z", "last_utc": "2026-07-08T09:34:00Z", "detections": 1, "frp_max_mw": 9.4, "frp_total_mw": 9.4, "pixel_area_ha": 14.1, "status": "out", "fire_class": "likely_agricultural", "municipality": "Zaragoza", "province": "Zaragoza", "region": "Aragón", "muni_dist_km": 6.18}}, {"type": "Feature", "geometry": {"type": "Point", "coordinates": [-5.7317, 43.5273]}, "properties": {"id": "a65534a1da21", "ine": "33024", "first_utc": "2026-07-16T20:55:00Z", "last_utc": "2026-07-17T13:29:00Z", "detections": 6, "frp_max_mw": 9.4, "frp_total_mw": 38.6, "pixel_area_ha": 56.2, "status": "out", "fire_class": "forest", "municipality": "Gijón", "province": "Asturias", "region": "Principado de Asturias", "muni_dist_km": 4.71}}, {"type": "Feature", "geometry": {"type": "Point", "coordinates": [-1.6116, 42.7267]}, "properties": {"id": "600780869b1d", "ine": "31088", "first_utc": "2026-06-03T09:41:00Z", "last_utc": "2026-06-03T09:41:00Z", "detections": 1, "frp_max_mw": 9.3, "frp_total_mw": 9.3, "pixel_area_ha": 14.1, "status": "out", "fire_class": "likely_agricultural", "municipality": "Noáin (Valle de Elorz)/Noain (Elortzibar)", "province": "Navarra", "region": "Comunidad Foral de Navarra", "muni_dist_km": 1.72}}, {"type": "Feature", "geometry": {"type": "Point", "coordinates": [-1.0371, 37.8084]}, "properties": {"id": "a54fa0cc2ef2", "ine": "30037", "first_utc": "2026-07-04T12:32:00Z", "last_utc": "2026-07-04T12:32:00Z", "detections": 1, "frp_max_mw": 9.3, "frp_total_mw": 9.3, "pixel_area_ha": 14.1, "status": "out", "fire_class": "likely_agricultural", "municipality": "Torre-Pacheco", "province": "Murcia", "region": "Región de Murcia", "muni_dist_km": 7.06}}, {"type": "Feature", "geometry": {"type": "Point", "coordinates": [0.4984, 41.6163]}, "properties": {"id": "78100f0dc730", "ine": "25011", "first_utc": "2026-07-06T11:55:00Z", "last_utc": "2026-07-06T11:55:00Z", "detections": 1, "frp_max_mw": 9.3, "frp_total_mw": 9.3, "pixel_area_ha": 14.1, "status": "out", "fire_class": "urban", "municipality": "Alcarràs", "province": "Lleida", "region": "Cataluña", "muni_dist_km": 2.81}}, {"type": "Feature", "geometry": {"type": "Point", "coordinates": [-0.0124, 38.814]}, "properties": {"id": "52acf12a7ec8", "ine": "03026", "first_utc": "2026-07-09T13:31:00Z", "last_utc": "2026-07-09T13:31:00Z", "detections": 1, "frp_max_mw": 9.3, "frp_total_mw": 9.3, "pixel_area_ha": 14.1, "status": "out", "fire_class": "likely_agricultural", "municipality": "Beniarbeig", "province": "Alacant/Alicante", "region": "Comunitat Valenciana", "muni_dist_km": 0.4}}, {"type": "Feature", "geometry": {"type": "Point", "coordinates": [-5.4268, 37.3325]}, "properties": {"id": "3640f6077a0b", "ine": "41060", "first_utc": "2026-07-09T13:31:00Z", "last_utc": "2026-07-09T14:18:00Z", "detections": 2, "frp_max_mw": 9.3, "frp_total_mw": 12.2, "pixel_area_ha": 28.1, "status": "out", "fire_class": "likely_agricultural", "municipality": "Marchena", "province": "Sevilla", "region": "Andalucía", "muni_dist_km": 5.51}}, {"type": "Feature", "geometry": {"type": "Point", "coordinates": [-6.9278, 37.2409]}, "properties": {"id": "763fb167ec25", "ine": "21041", "first_utc": "2026-07-22T12:29:00Z", "last_utc": "2026-07-22T12:49:00Z", "detections": 3, "frp_max_mw": 9.3, "frp_total_mw": 24.4, "pixel_area_ha": 28.1, "status": "out", "fire_class": "likely_agricultural", "municipality": "Huelva", "province": "Huelva", "region": "Andalucía", "muni_dist_km": 3.47}}, {"type": "Feature", "geometry": {"type": "Point", "coordinates": [-5.8513, 42.0125]}, "properties": {"id": "fb3880316207", "ine": "49171", "first_utc": "2026-06-06T10:00:00Z", "last_utc": "2026-06-06T10:00:00Z", "detections": 1, "frp_max_mw": 9.2, "frp_total_mw": 9.2, "pixel_area_ha": 14.1, "status": "out", "fire_class": "likely_agricultural", "municipality": "Quiruelas de Vidriales", "province": "Zamora", "region": "Castilla y León", "muni_dist_km": 2.48}}, {"type": "Feature", "geometry": {"type": "Point", "coordinates": [-5.4375, 37.6217]}, "properties": {"id": "952dda7809a8", "ine": "41022", "first_utc": "2026-06-08T20:44:00Z", "last_utc": "2026-06-08T20:44:00Z", "detections": 1, "frp_max_mw": 9.2, "frp_total_mw": 9.2, "pixel_area_ha": 14.1, "status": "out", "fire_class": "forest", "municipality": "La Campana", "province": "Sevilla", "region": "Andalucía", "muni_dist_km": 7.77}}, {"type": "Feature", "geometry": {"type": "Point", "coordinates": [-1.57, 41.9899]}, "properties": {"id": "4caf42e67123", "ine": "31106", "first_utc": "2026-07-01T11:49:00Z", "last_utc": "2026-07-01T11:49:00Z", "detections": 2, "frp_max_mw": 9.2, "frp_total_mw": 13.9, "pixel_area_ha": 28.1, "status": "out", "fire_class": "likely_agricultural", "municipality": "Fontellas", "province": "Navarra", "region": "Comunidad Foral de Navarra", "muni_dist_km": 2.06}}, {"type": "Feature", "geometry": {"type": "Point", "coordinates": [-6.1001, 39.9997]}, "properties": {"id": "9bc8cf83403a", "ine": "10148", "first_utc": "2026-07-01T20:59:00Z", "last_utc": "2026-07-01T20:59:00Z", "detections": 1, "frp_max_mw": 9.2, "frp_total_mw": 9.2, "pixel_area_ha": 14.1, "status": "out", "fire_class": "forest", "municipality": "Plasencia", "province": "Cáceres", "region": "Extremadura", "muni_dist_km": 3.87}}, {"type": "Feature", "geometry": {"type": "Point", "coordinates": [-6.0733, 40.0026]}, "properties": {"id": "4d3e75c11a8a", "ine": "10148", "first_utc": "2026-07-01T20:59:00Z", "last_utc": "2026-07-01T20:59:00Z", "detections": 1, "frp_max_mw": 9.2, "frp_total_mw": 9.2, "pixel_area_ha": 14.1, "status": "out", "fire_class": "forest", "official_area_ha": 568.0, "perimeter_id": "41590", "municipality": "Plasencia", "province": "Cáceres", "region": "Extremadura", "muni_dist_km": 5.92}}, {"type": "Feature", "geometry": {"type": "Point", "coordinates": [-5.7486, 39.9666]}, "properties": {"id": "91e0d97ba1d3", "ine": "10114", "first_utc": "2026-07-02T12:23:00Z", "last_utc": "2026-07-02T12:23:00Z", "detections": 1, "frp_max_mw": 9.2, "frp_total_mw": 9.2, "pixel_area_ha": 14.1, "status": "out", "fire_class": "likely_agricultural", "municipality": "Majadas", "province": "Cáceres", "region": "Extremadura", "muni_dist_km": 2.91}}, {"type": "Feature", "geometry": {"type": "Point", "coordinates": [-3.5674, 40.3537]}, "properties": {"id": "9bb445638247", "ine": "28123", "first_utc": "2026-07-17T15:20:00Z", "last_utc": "2026-07-17T15:20:00Z", "detections": 1, "frp_max_mw": 9.2, "frp_total_mw": 9.2, "pixel_area_ha": 14.1, "status": "out", "fire_class": "likely_agricultural", "municipality": "Rivas-Vaciamadrid", "province": "Madrid", "region": "Comunidad de Madrid", "muni_dist_km": 3.65}}, {"type": "Feature", "geometry": {"type": "Point", "coordinates": [-6.0106, 39.3304]}, "properties": {"id": "dec5c4315414", "ine": "10161", "first_utc": "2026-06-21T01:54:00Z", "last_utc": "2026-06-21T02:47:00Z", "detections": 10, "frp_max_mw": 9.1, "frp_total_mw": 47.3, "pixel_area_ha": 98.4, "status": "out", "fire_class": "forest", "municipality": "Ruanes", "province": "Cáceres", "region": "Extremadura", "muni_dist_km": 0.08}}, {"type": "Feature", "geometry": {"type": "Point", "coordinates": [-1.0719, 38.6196]}, "properties": {"id": "a6e5da59e972", "ine": "30043", "first_utc": "2026-06-24T13:14:00Z", "last_utc": "2026-06-24T13:59:00Z", "detections": 2, "frp_max_mw": 9.1, "frp_total_mw": 16.9, "pixel_area_ha": 14.1, "status": "out", "fire_class": "likely_agricultural", "municipality": "Yecla", "province": "Murcia", "region": "Región de Murcia", "muni_dist_km": 6.9}}, {"type": "Feature", "geometry": {"type": "Point", "coordinates": [-2.484, 41.7729]}, "properties": {"id": "339e2909805b", "ine": "42201", "first_utc": "2026-07-01T09:54:00Z", "last_utc": "2026-07-01T09:54:00Z", "detections": 1, "frp_max_mw": 9.1, "frp_total_mw": 9.1, "pixel_area_ha": 14.1, "status": "out", "fire_class": "likely_agricultural", "municipality": "Velilla de la Sierra", "province": "Soria", "region": "Castilla y León", "muni_dist_km": 6.74}}, {"type": "Feature", "geometry": {"type": "Point", "coordinates": [1.3666, 38.8863]}, "properties": {"id": "3e18e9a5ff3c", "ine": "07026", "first_utc": "2026-07-02T13:10:00Z", "last_utc": "2026-07-02T13:10:00Z", "detections": 1, "frp_max_mw": 9.1, "frp_total_mw": 9.1, "pixel_area_ha": 14.1, "status": "out", "fire_class": "likely_agricultural", "municipality": "Eivissa", "province": "Illes Balears", "region": "Illes Balears", "muni_dist_km": 5.47}}, {"type": "Feature", "geometry": {"type": "Point", "coordinates": [-6.8194, 38.8256]}, "properties": {"id": "6e31f0acac51", "ine": "06015", "first_utc": "2026-07-01T12:42:00Z", "last_utc": "2026-07-01T12:42:00Z", "detections": 7, "frp_max_mw": 9.0, "frp_total_mw": 51.6, "pixel_area_ha": 84.4, "status": "out", "fire_class": "likely_agricultural", "municipality": "Badajoz", "province": "Badajoz", "region": "Extremadura", "muni_dist_km": 5.42}}, {"type": "Feature", "geometry": {"type": "Point", "coordinates": [-6.0765, 37.346]}, "properties": {"id": "af200506975a", "ine": "41059", "first_utc": "2026-07-04T12:32:00Z", "last_utc": "2026-07-04T13:08:00Z", "detections": 2, "frp_max_mw": 9.0, "frp_total_mw": 15.5, "pixel_area_ha": 28.1, "status": "out", "fire_class": "likely_agricultural", "municipality": "Mairena del Aljarafe", "province": "Sevilla", "region": "Andalucía", "muni_dist_km": 1.09}}, {"type": "Feature", "geometry": {"type": "Point", "coordinates": [-0.3628, 40.5495]}, "properties": {"id": "bfbc12ded781", "ine": "44149", "first_utc": "2026-07-06T14:54:00Z", "last_utc": "2026-07-06T14:54:00Z", "detections": 1, "frp_max_mw": 9.0, "frp_total_mw": 9.0, "pixel_area_ha": 14.1, "status": "out", "fire_class": "likely_agricultural", "municipality": "Mirambel", "province": "Teruel", "region": "Aragón", "muni_dist_km": 3.05}}, {"type": "Feature", "geometry": {"type": "Point", "coordinates": [-1.9111, 42.4074]}, "properties": {"id": "940a0cdc8e1c", "ine": "31015", "first_utc": "2026-07-02T12:06:00Z", "last_utc": "2026-07-02T12:23:00Z", "detections": 5, "frp_max_mw": 8.9, "frp_total_mw": 36.8, "pixel_area_ha": 42.2, "status": "out", "fire_class": "likely_agricultural", "municipality": "Andosilla", "province": "Navarra", "region": "Comunidad Foral de Navarra", "muni_dist_km": 3.63}}, {"type": "Feature", "geometry": {"type": "Point", "coordinates": [-5.9976, 37.5542]}, "properties": {"id": "c58a8d306e9a", "ine": "41005", "first_utc": "2026-07-13T09:34:00Z", "last_utc": "2026-07-13T09:34:00Z", "detections": 1, "frp_max_mw": 8.9, "frp_total_mw": 8.9, "pixel_area_ha": 14.1, "status": "out", "fire_class": "likely_agricultural", "municipality": "Alcalá del Río", "province": "Sevilla", "region": "Andalucía", "muni_dist_km": 2.46}}, {"type": "Feature", "geometry": {"type": "Point", "coordinates": [-8.6442, 42.7388]}, "properties": {"id": "2d9dff7cbcec", "ine": "15065", "first_utc": "2026-07-23T13:18:00Z", "last_utc": "2026-07-23T13:18:00Z", "detections": 1, "frp_max_mw": 8.9, "frp_total_mw": 8.9, "pixel_area_ha": 14.1, "status": "out", "fire_class": "likely_agricultural", "municipality": "Padrón", "province": "A Coruña", "region": "Galicia", "muni_dist_km": 2.32}}, {"type": "Feature", "geometry": {"type": "Point", "coordinates": [-1.265, 41.5968]}, "properties": {"id": "26912a029c01", "ine": "50099", "first_utc": "2026-07-03T09:34:00Z", "last_utc": "2026-07-03T09:34:00Z", "detections": 1, "frp_max_mw": 8.8, "frp_total_mw": 8.8, "pixel_area_ha": 14.1, "status": "out", "fire_class": "likely_agricultural", "municipality": "Épila", "province": "Zaragoza", "region": "Aragón", "muni_dist_km": 4.05}}, {"type": "Feature", "geometry": {"type": "Point", "coordinates": [-4.0484, 38.6693]}, "properties": {"id": "ed3dedfe274b", "ine": "13071", "first_utc": "2026-07-07T13:53:00Z", "last_utc": "2026-07-10T12:19:00Z", "detections": 8, "frp_max_mw": 8.8, "frp_total_mw": 38.8, "pixel_area_ha": 70.3, "status": "out", "fire_class": "forest", "municipality": "Puertollano", "province": "Ciudad Real", "region": "Castilla-La Mancha", "muni_dist_km": 2.1}}, {"type": "Feature", "geometry": {"type": "Point", "coordinates": [-1.0357, 42.3739]}, "properties": {"id": "3fa3ad77c417", "ine": "50148", "first_utc": "2026-07-17T15:20:00Z", "last_utc": "2026-07-17T15:20:00Z", "detections": 1, "frp_max_mw": 8.8, "frp_total_mw": 8.8, "pixel_area_ha": 14.1, "status": "out", "fire_class": "likely_agricultural", "municipality": "Luesia", "province": "Zaragoza", "region": "Aragón", "muni_dist_km": 1.69}}, {"type": "Feature", "geometry": {"type": "Point", "coordinates": [-3.3088, 43.1466]}, "properties": {"id": "ccf79210c11e", "ine": "09410", "first_utc": "2026-06-15T14:44:00Z", "last_utc": "2026-06-15T14:44:00Z", "detections": 1, "frp_max_mw": 8.7, "frp_total_mw": 8.7, "pixel_area_ha": 14.1, "status": "out", "fire_class": "likely_agricultural", "municipality": "Valle de Mena", "province": "Burgos", "region": "Castilla y León", "muni_dist_km": 4.76}}, {"type": "Feature", "geometry": {"type": "Point", "coordinates": [-6.9134, 41.9681]}, "properties": {"id": "94fcadc8abd2", "ine": "49094", "first_utc": "2026-06-22T01:34:00Z", "last_utc": "2026-06-22T02:11:00Z", "detections": 5, "frp_max_mw": 8.7, "frp_total_mw": 28.8, "pixel_area_ha": 42.2, "status": "out", "fire_class": "forest", "official_area_ha": 4.8, "municipality": "Hermisende", "province": "Zamora", "region": "Castilla y León", "muni_dist_km": 2.28}}, {"type": "Feature", "geometry": {"type": "Point", "coordinates": [-5.6106, 42.5114]}, "properties": {"id": "824e25f04670", "ine": "24105", "first_utc": "2026-06-25T12:38:00Z", "last_utc": "2026-06-25T12:55:00Z", "detections": 3, "frp_max_mw": 8.7, "frp_total_mw": 21.8, "pixel_area_ha": 28.1, "status": "out", "fire_class": "likely_agricultural", "municipality": "Onzonilla", "province": "León", "region": "Castilla y León", "muni_dist_km": 2.2}}, {"type": "Feature", "geometry": {"type": "Point", "coordinates": [0.1819, 41.9245]}, "properties": {"id": "20ee1f2f512b", "ine": "22158", "first_utc": "2026-06-27T13:40:00Z", "last_utc": "2026-06-28T13:21:00Z", "detections": 3, "frp_max_mw": 8.7, "frp_total_mw": 15.3, "pixel_area_ha": 28.1, "status": "out", "fire_class": "forest", "municipality": "Monzón", "province": "Huesca", "region": "Aragón", "muni_dist_km": 2.73}}, {"type": "Feature", "geometry": {"type": "Point", "coordinates": [-3.0879, 37.3368]}, "properties": {"id": "8ddf6a6b4e70", "ine": "18089", "first_utc": "2026-07-03T09:37:00Z", "last_utc": "2026-07-03T09:37:00Z", "detections": 1, "frp_max_mw": 8.7, "frp_total_mw": 8.7, "pixel_area_ha": 14.1, "status": "out", "fire_class": "likely_agricultural", "municipality": "Guadix", "province": "Granada", "region": "Andalucía", "muni_dist_km": 5.9}}, {"type": "Feature", "geometry": {"type": "Point", "coordinates": [-5.6907, 40.2374]}, "properties": {"id": "fedece41995a", "ine": "10183", "first_utc": "2026-07-05T01:26:00Z", "last_utc": "2026-07-05T03:25:00Z", "detections": 17, "frp_max_mw": 8.7, "frp_total_mw": 71.0, "pixel_area_ha": 98.4, "status": "out", "fire_class": "forest", "official_area_ha": 9.0, "perimeter_id": "557525", "municipality": "Tornavacas", "province": "Cáceres", "region": "Extremadura", "muni_dist_km": 0.65}}, {"type": "Feature", "geometry": {"type": "Point", "coordinates": [-3.5913, 40.4902]}, "properties": {"id": "2a8950f87fe5", "ine": "28006", "first_utc": "2026-07-10T12:19:00Z", "last_utc": "2026-07-10T12:19:00Z", "detections": 1, "frp_max_mw": 8.7, "frp_total_mw": 8.7, "pixel_area_ha": 14.1, "status": "out", "fire_class": "likely_agricultural", "municipality": "Alcobendas", "province": "Madrid", "region": "Comunidad de Madrid", "muni_dist_km": 5.93}}, {"type": "Feature", "geometry": {"type": "Point", "coordinates": [-5.8231, 41.4377]}, "properties": {"id": "5d1f3740dd86", "ine": "49151", "first_utc": "2026-07-10T12:19:00Z", "last_utc": "2026-07-10T12:55:00Z", "detections": 4, "frp_max_mw": 8.7, "frp_total_mw": 23.6, "pixel_area_ha": 42.2, "status": "out", "fire_class": "forest", "official_area_ha": 5.17, "municipality": "El Perdigón", "province": "Zamora", "region": "Castilla y León", "muni_dist_km": 3.7}}, {"type": "Feature", "geometry": {"type": "Point", "coordinates": [-6.1146, 37.5409]}, "properties": {"id": "8da7773e2ec4", "ine": "41045", "first_utc": "2026-06-03T09:41:00Z", "last_utc": "2026-06-03T09:41:00Z", "detections": 2, "frp_max_mw": 8.6, "frp_total_mw": 15.4, "pixel_area_ha": 28.1, "status": "out", "fire_class": "likely_agricultural", "municipality": "Gerena", "province": "Sevilla", "region": "Andalucía", "muni_dist_km": 4.35}}, {"type": "Feature", "geometry": {"type": "Point", "coordinates": [-3.592, 40.491]}, "properties": {"id": "42f98b541906", "ine": "28006", "first_utc": "2026-06-08T12:19:00Z", "last_utc": "2026-06-08T12:19:00Z", "detections": 3, "frp_max_mw": 8.6, "frp_total_mw": 20.5, "pixel_area_ha": 42.2, "status": "out", "fire_class": "likely_agricultural", "municipality": "Alcobendas", "province": "Madrid", "region": "Comunidad de Madrid", "muni_dist_km": 5.6}}, {"type": "Feature", "geometry": {"type": "Point", "coordinates": [0.1822, 41.9243]}, "properties": {"id": "25254db9eebd", "ine": "22158", "first_utc": "2026-07-14T13:40:00Z", "last_utc": "2026-07-15T13:23:00Z", "detections": 3, "frp_max_mw": 8.6, "frp_total_mw": 23.4, "pixel_area_ha": 28.1, "status": "out", "fire_class": "likely_agricultural", "municipality": "Monzón", "province": "Huesca", "region": "Aragón", "muni_dist_km": 2.93}}, {"type": "Feature", "geometry": {"type": "Point", "coordinates": [-1.9825, 41.7867]}, "properties": {"id": "03adf013e1f5", "ine": "42134", "first_utc": "2026-06-08T09:39:00Z", "last_utc": "2026-06-08T09:39:00Z", "detections": 1, "frp_max_mw": 8.5, "frp_total_mw": 8.5, "pixel_area_ha": 14.1, "status": "out", "fire_class": "likely_agricultural", "municipality": "Ólvega", "province": "Soria", "region": "Castilla y León", "muni_dist_km": 0.57}}, {"type": "Feature", "geometry": {"type": "Point", "coordinates": [1.4572, 38.9196]}, "properties": {"id": "1eb541df90bb", "ine": "07026", "first_utc": "2026-07-13T13:04:00Z", "last_utc": "2026-07-13T13:04:00Z", "detections": 1, "frp_max_mw": 8.5, "frp_total_mw": 8.5, "pixel_area_ha": 14.1, "status": "out", "fire_class": "likely_agricultural", "municipality": "Eivissa", "province": "Illes Balears", "region": "Illes Balears", "muni_dist_km": 3.36}}, {"type": "Feature", "geometry": {"type": "Point", "coordinates": [1.4309, 42.3599]}, "properties": {"id": "f976b7edf80d", "ine": "25203", "first_utc": "2026-07-27T12:02:00Z", "last_utc": "2026-07-27T12:38:00Z", "detections": 2, "frp_max_mw": 8.5, "frp_total_mw": 12.4, "pixel_area_ha": 28.1, "status": "dying_down", "fire_class": "likely_agricultural", "municipality": "La Seu d'Urgell", "province": "Lleida", "region": "Cataluña", "muni_dist_km": 2.59}}, {"type": "Feature", "geometry": {"type": "Point", "coordinates": [-1.0828, 37.9483]}, "properties": {"id": "2c6b1fa245b1", "ine": "30030", "first_utc": "2026-06-03T00:52:00Z", "last_utc": "2026-06-03T04:14:00Z", "detections": 16, "frp_max_mw": 8.4, "frp_total_mw": 57.6, "pixel_area_ha": 98.4, "status": "out", "fire_class": "mixed", "official_area_ha": 144.0, "perimeter_id": "501751", "municipality": "Murcia", "province": "Murcia", "region": "Región de Murcia", "muni_dist_km": 3.2}}, {"type": "Feature", "geometry": {"type": "Point", "coordinates": [-3.0984, 43.3272]}, "properties": {"id": "3128e28294d8", "ine": "48002", "first_utc": "2026-06-24T14:01:00Z", "last_utc": "2026-06-24T14:01:00Z", "detections": 2, "frp_max_mw": 8.4, "frp_total_mw": 11.9, "pixel_area_ha": 14.1, "status": "out", "fire_class": "likely_agricultural", "municipality": "Abanto y Ciérvana-Abanto Zierbena", "province": "Bizkaia", "region": "País Vasco", "muni_dist_km": 2.19}}, {"type": "Feature", "geometry": {"type": "Point", "coordinates": [-5.6788, 37.1735]}, "properties": {"id": "32a3ff048b6b", "ine": "41063", "first_utc": "2026-06-26T12:36:00Z", "last_utc": "2026-06-26T12:36:00Z", "detections": 4, "frp_max_mw": 8.4, "frp_total_mw": 21.7, "pixel_area_ha": 56.2, "status": "out", "fire_class": "likely_agricultural", "municipality": "Los Molares", "province": "Sevilla", "region": "Andalucía", "muni_dist_km": 0.99}}, {"type": "Feature", "geometry": {"type": "Point", "coordinates": [-5.8319, 43.5394]}, "properties": {"id": "88412d7ac396", "ine": "33014", "first_utc": "2026-06-22T13:33:00Z", "last_utc": "2026-06-26T15:09:00Z", "detections": 22, "frp_max_mw": 8.4, "frp_total_mw": 75.1, "pixel_area_ha": 154.7, "status": "out", "fire_class": "forest", "municipality": "Carreño", "province": "Asturias", "region": "Principado de Asturias", "muni_dist_km": 2.98}}, {"type": "Feature", "geometry": {"type": "Point", "coordinates": [-0.9796, 41.6403]}, "properties": {"id": "fa7a0509891d", "ine": "50297", "first_utc": "2026-07-03T09:34:00Z", "last_utc": "2026-07-03T09:34:00Z", "detections": 1, "frp_max_mw": 8.4, "frp_total_mw": 8.4, "pixel_area_ha": 14.1, "status": "out", "fire_class": "likely_agricultural", "municipality": "Zaragoza", "province": "Zaragoza", "region": "Aragón", "muni_dist_km": 6.24}}, {"type": "Feature", "geometry": {"type": "Point", "coordinates": [-5.8729, 36.5831]}, "properties": {"id": "51ab77679c6a", "ine": "11025", "first_utc": "2026-07-06T12:29:00Z", "last_utc": "2026-07-06T12:29:00Z", "detections": 7, "frp_max_mw": 8.4, "frp_total_mw": 40.3, "pixel_area_ha": 84.4, "status": "out", "fire_class": "likely_agricultural", "municipality": "Paterna de Rivera", "province": "Cádiz", "region": "Andalucía", "muni_dist_km": 6.47}}, {"type": "Feature", "geometry": {"type": "Point", "coordinates": [1.0935, 42.0329]}, "properties": {"id": "ed33a3b2bad2", "ine": "25042", "first_utc": "2026-07-06T14:54:00Z", "last_utc": "2026-07-06T14:54:00Z", "detections": 1, "frp_max_mw": 8.4, "frp_total_mw": 8.4, "pixel_area_ha": 14.1, "status": "out", "fire_class": "forest", "municipality": "La Baronia de Rialb", "province": "Lleida", "region": "Cataluña", "muni_dist_km": 7.28}}, {"type": "Feature", "geometry": {"type": "Point", "coordinates": [-0.9677, 38.5517]}, "properties": {"id": "12c9e3ee6824", "ine": "03116", "first_utc": "2026-07-27T12:02:00Z", "last_utc": "2026-07-27T12:02:00Z", "detections": 1, "frp_max_mw": 8.4, "frp_total_mw": 8.4, "pixel_area_ha": 14.1, "status": "dying_down", "fire_class": "likely_agricultural", "municipality": "Salinas", "province": "Alacant/Alicante", "region": "Comunitat Valenciana", "muni_dist_km": 6.97}}, {"type": "Feature", "geometry": {"type": "Point", "coordinates": [-6.837, 39.1989]}, "properties": {"id": "bee033fba52b", "ine": "06155", "first_utc": "2026-06-03T12:49:00Z", "last_utc": "2026-06-03T13:06:00Z", "detections": 4, "frp_max_mw": 8.3, "frp_total_mw": 27.1, "pixel_area_ha": 28.1, "status": "out", "fire_class": "likely_agricultural", "municipality": "Villar del Rey", "province": "Badajoz", "region": "Extremadura", "muni_dist_km": 9.04}}, {"type": "Feature", "geometry": {"type": "Point", "coordinates": [-5.8307, 43.5388]}, "properties": {"id": "be4032dd3d72", "ine": "33014", "first_utc": "2026-06-01T01:28:00Z", "last_utc": "2026-06-03T13:08:00Z", "detections": 10, "frp_max_mw": 8.3, "frp_total_mw": 43.1, "pixel_area_ha": 70.3, "status": "out", "fire_class": "forest", "municipality": "Carreño", "province": "Asturias", "region": "Principado de Asturias", "muni_dist_km": 3.17}}, {"type": "Feature", "geometry": {"type": "Point", "coordinates": [-3.8197, 39.8083]}, "properties": {"id": "296e5f389d5c", "ine": "45012", "first_utc": "2026-06-17T12:04:00Z", "last_utc": "2026-06-17T12:04:00Z", "detections": 4, "frp_max_mw": 8.3, "frp_total_mw": 31.7, "pixel_area_ha": 56.2, "status": "out", "fire_class": "mixed", "official_area_ha": 7.0, "perimeter_id": "527092", "municipality": "Almonacid de Toledo", "province": "Toledo", "region": "Castilla-La Mancha", "muni_dist_km": 2.09}}, {"type": "Feature", "geometry": {"type": "Point", "coordinates": [-1.7357, 42.0662]}, "properties": {"id": "a7b7298aa2e2", "ine": "31072", "first_utc": "2026-07-05T13:53:00Z", "last_utc": "2026-07-05T13:53:00Z", "detections": 1, "frp_max_mw": 8.3, "frp_total_mw": 8.3, "pixel_area_ha": 14.1, "status": "out", "fire_class": "likely_agricultural", "municipality": "Cintruénigo", "province": "Navarra", "region": "Comunidad Foral de Navarra", "muni_dist_km": 4.83}}, {"type": "Feature", "geometry": {"type": "Point", "coordinates": [-1.2146, 42.2525]}, "properties": {"id": "4ca1560acdd9", "ine": "50051", "first_utc": "2026-07-06T13:36:00Z", "last_utc": "2026-07-06T13:36:00Z", "detections": 1, "frp_max_mw": 8.3, "frp_total_mw": 8.3, "pixel_area_ha": 14.1, "status": "out", "fire_class": "likely_agricultural", "municipality": "Biota", "province": "Zaragoza", "region": "Aragón", "muni_dist_km": 2.74}}, {"type": "Feature", "geometry": {"type": "Point", "coordinates": [-1.4617, 38.0183]}, "properties": {"id": "f016b3fa279c", "ine": "30032", "first_utc": "2026-07-08T12:10:00Z", "last_utc": "2026-07-08T12:10:00Z", "detections": 7, "frp_max_mw": 8.3, "frp_total_mw": 33.5, "pixel_area_ha": 98.4, "status": "out", "fire_class": "likely_agricultural", "municipality": "Pliego", "province": "Murcia", "region": "Región de Murcia", "muni_dist_km": 5.12}}, {"type": "Feature", "geometry": {"type": "Point", "coordinates": [-6.0965, 36.5519]}, "properties": {"id": "8d8d1f15a651", "ine": "11028", "first_utc": "2026-07-09T12:38:00Z", "last_utc": "2026-07-09T12:38:00Z", "detections": 2, "frp_max_mw": 8.3, "frp_total_mw": 14.7, "pixel_area_ha": 28.1, "status": "out", "fire_class": "likely_agricultural", "municipality": "Puerto Real", "province": "Cádiz", "region": "Andalucía", "muni_dist_km": 3.31}}, {"type": "Feature", "geometry": {"type": "Point", "coordinates": [-6.1039, 37.3991]}, "properties": {"id": "7083694bf319", "ine": "41040", "first_utc": "2026-07-19T13:46:00Z", "last_utc": "2026-07-19T13:46:00Z", "detections": 1, "frp_max_mw": 8.3, "frp_total_mw": 8.3, "pixel_area_ha": 14.1, "status": "out", "fire_class": "likely_agricultural", "municipality": "Espartinas", "province": "Sevilla", "region": "Andalucía", "muni_dist_km": 2.37}}, {"type": "Feature", "geometry": {"type": "Point", "coordinates": [-4.6489, 42.5855]}, "properties": {"id": "9c76cee363e2", "ine": "34190", "first_utc": "2026-07-22T15:14:00Z", "last_utc": "2026-07-22T15:14:00Z", "detections": 1, "frp_max_mw": 8.3, "frp_total_mw": 8.3, "pixel_area_ha": 14.1, "status": "out", "fire_class": "forest", "official_area_ha": 12.66, "municipality": "Valderrábano", "province": "Palencia", "region": "Castilla y León", "muni_dist_km": 1.7}}, {"type": "Feature", "geometry": {"type": "Point", "coordinates": [-7.0805, 37.5576]}, "properties": {"id": "94ce38aafe03", "ine": "21006", "first_utc": "2026-07-23T01:54:00Z", "last_utc": "2026-07-23T02:49:00Z", "detections": 14, "frp_max_mw": 8.3, "frp_total_mw": 64.1, "pixel_area_ha": 126.5, "status": "out", "fire_class": "forest", "official_area_ha": 271.0, "perimeter_id": "572368", "municipality": "Alosno", "province": "Huelva", "region": "Andalucía", "muni_dist_km": 0.82}}, {"type": "Feature", "geometry": {"type": "Point", "coordinates": [-3.752, 40.2134]}, "properties": {"id": "5341c03e08cc", "ine": "28106", "first_utc": "2026-07-24T12:12:00Z", "last_utc": "2026-07-24T12:57:00Z", "detections": 3, "frp_max_mw": 8.3, "frp_total_mw": 19.4, "pixel_area_ha": 28.1, "status": "out", "fire_class": "likely_agricultural", "municipality": "Parla", "province": "Madrid", "region": "Comunidad de Madrid", "muni_dist_km": 2.21}}, {"type": "Feature", "geometry": {"type": "Point", "coordinates": [-5.7307, 43.5262]}, "properties": {"id": "1917861ec684", "ine": "33024", "first_utc": "2026-07-25T01:52:00Z", "last_utc": "2026-07-28T02:53:00Z", "detections": 24, "frp_max_mw": 8.3, "frp_total_mw": 53.5, "pixel_area_ha": 154.7, "status": "active", "fire_class": "forest", "municipality": "Gijón", "province": "Asturias", "region": "Principado de Asturias", "muni_dist_km": 4.33}}, {"type": "Feature", "geometry": {"type": "Point", "coordinates": [-1.0801, 41.608]}, "properties": {"id": "14741ba64a58", "ine": "50182", "first_utc": "2026-07-03T09:34:00Z", "last_utc": "2026-07-03T09:34:00Z", "detections": 1, "frp_max_mw": 8.2, "frp_total_mw": 8.2, "pixel_area_ha": 14.1, "status": "out", "fire_class": "likely_agricultural", "municipality": "La Muela", "province": "Zaragoza", "region": "Aragón", "muni_dist_km": 4.56}}, {"type": "Feature", "geometry": {"type": "Point", "coordinates": [-4.8137, 41.6359]}, "properties": {"id": "db4cb3549a90", "ine": "47010", "first_utc": "2026-07-05T12:14:00Z", "last_utc": "2026-07-05T12:14:00Z", "detections": 2, "frp_max_mw": 8.2, "frp_total_mw": 14.2, "pixel_area_ha": 28.1, "status": "out", "fire_class": "agricultural", "official_area_ha": 0.1, "municipality": "Arroyo de la Encomienda", "province": "Valladolid", "region": "Castilla y León", "muni_dist_km": 1.94}}, {"type": "Feature", "geometry": {"type": "Point", "coordinates": [2.9392, 42.227]}, "properties": {"id": "c3f94cafb77c", "ine": "17026", "first_utc": "2026-07-06T14:54:00Z", "last_utc": "2026-07-06T14:54:00Z", "detections": 1, "frp_max_mw": 8.2, "frp_total_mw": 8.2, "pixel_area_ha": 14.1, "status": "out", "fire_class": "agricultural", "municipality": "Borrassà", "province": "Girona", "region": "Cataluña", "muni_dist_km": 1.24}}, {"type": "Feature", "geometry": {"type": "Point", "coordinates": [-4.7084, 36.6572]}, "properties": {"id": "c5b57c6ed021", "ine": "29008", "first_utc": "2026-07-14T13:38:00Z", "last_utc": "2026-07-14T14:25:00Z", "detections": 3, "frp_max_mw": 8.2, "frp_total_mw": 23.1, "pixel_area_ha": 28.1, "status": "out", "fire_class": "likely_agricultural", "municipality": "Alhaurín el Grande", "province": "Málaga", "region": "Andalucía", "muni_dist_km": 2.27}}, {"type": "Feature", "geometry": {"type": "Point", "coordinates": [-2.6784, 42.8055]}, "properties": {"id": "6bf3aeae9d0d", "ine": "01059", "first_utc": "2026-06-03T15:18:00Z", "last_utc": "2026-06-03T15:18:00Z", "detections": 1, "frp_max_mw": 8.1, "frp_total_mw": 8.1, "pixel_area_ha": 14.1, "status": "out", "fire_class": "likely_agricultural", "municipality": "Vitoria-Gasteiz", "province": "Araba/Álava", "region": "País Vasco", "muni_dist_km": 5.04}}, {"type": "Feature", "geometry": {"type": "Point", "coordinates": [-4.945, 37.7503]}, "properties": {"id": "6b46c5c7a6eb", "ine": "14033", "first_utc": "2026-06-16T15:20:00Z", "last_utc": "2026-06-16T15:20:00Z", "detections": 1, "frp_max_mw": 8.1, "frp_total_mw": 8.1, "pixel_area_ha": 14.1, "status": "out", "fire_class": "likely_agricultural", "municipality": "Guadalcázar", "province": "Córdoba", "region": "Andalucía", "muni_dist_km": 2.44}}, {"type": "Feature", "geometry": {"type": "Point", "coordinates": [-3.5684, 40.4946]}, "properties": {"id": "4db149fd8872", "ine": "28104", "first_utc": "2026-07-05T12:14:00Z", "last_utc": "2026-07-05T12:14:00Z", "detections": 1, "frp_max_mw": 8.1, "frp_total_mw": 8.1, "pixel_area_ha": 14.1, "status": "out", "fire_class": "likely_agricultural", "municipality": "Paracuellos de Jarama", "province": "Madrid", "region": "Comunidad de Madrid", "muni_dist_km": 4.3}}, {"type": "Feature", "geometry": {"type": "Point", "coordinates": [-7.6395, 42.6464]}, "properties": {"id": "798ef710d568", "ine": "27058", "first_utc": "2026-07-06T14:29:00Z", "last_utc": "2026-07-06T14:29:00Z", "detections": 3, "frp_max_mw": 8.1, "frp_total_mw": 16.1, "pixel_area_ha": 28.1, "status": "out", "fire_class": "forest", "official_area_ha": 2.0, "perimeter_id": "557586", "municipality": "O Saviñao", "province": "Lugo", "region": "Galicia", "muni_dist_km": 0.86}}, {"type": "Feature", "geometry": {"type": "Point", "coordinates": [-6.1444, 37.4066]}, "properties": {"id": "0c362c38a008", "ine": "41098", "first_utc": "2026-07-08T13:53:00Z", "last_utc": "2026-07-08T13:53:00Z", "detections": 1, "frp_max_mw": 8.1, "frp_total_mw": 8.1, "pixel_area_ha": 14.1, "status": "out", "fire_class": "likely_agricultural", "municipality": "Villanueva del Ariscal", "province": "Sevilla", "region": "Andalucía", "muni_dist_km": 0.94}}, {"type": "Feature", "geometry": {"type": "Point", "coordinates": [-0.8205, 41.5976]}, "properties": {"id": "910ad2f5c9ab", "ine": "50203", "first_utc": "2026-07-13T13:04:00Z", "last_utc": "2026-07-13T13:04:00Z", "detections": 1, "frp_max_mw": 8.1, "frp_total_mw": 8.1, "pixel_area_ha": 14.1, "status": "out", "fire_class": "likely_agricultural", "municipality": "Pastriz", "province": "Zaragoza", "region": "Aragón", "muni_dist_km": 4.54}}, {"type": "Feature", "geometry": {"type": "Point", "coordinates": [-4.017, 41.0728]}, "properties": {"id": "07ed8c44faf8", "ine": "40002", "first_utc": "2026-07-20T15:37:00Z", "last_utc": "2026-07-20T15:37:00Z", "detections": 1, "frp_max_mw": 8.1, "frp_total_mw": 8.1, "pixel_area_ha": 14.1, "status": "out", "fire_class": "forest", "official_area_ha": 0.11, "municipality": "Adrada de Pirón", "province": "Segovia", "region": "Castilla y León", "muni_dist_km": 3.27}}, {"type": "Feature", "geometry": {"type": "Point", "coordinates": [-1.9377, 42.2858]}, "properties": {"id": "a4ab9ab739ef", "ine": "26036", "first_utc": "2026-06-08T09:39:00Z", "last_utc": "2026-06-08T09:39:00Z", "detections": 1, "frp_max_mw": 8.0, "frp_total_mw": 8.0, "pixel_area_ha": 14.1, "status": "out", "fire_class": "likely_agricultural", "municipality": "Calahorra", "province": "La Rioja", "region": "La Rioja", "muni_dist_km": 1.84}}, {"type": "Feature", "geometry": {"type": "Point", "coordinates": [-6.079, 37.5339]}, "properties": {"id": "925a59675018", "ine": "41045", "first_utc": "2026-06-20T13:33:00Z", "last_utc": "2026-06-20T13:33:00Z", "detections": 1, "frp_max_mw": 8.0, "frp_total_mw": 8.0, "pixel_area_ha": 14.1, "status": "out", "fire_class": "likely_agricultural", "municipality": "Gerena", "province": "Sevilla", "region": "Andalucía", "muni_dist_km": 8.02}}, {"type": "Feature", "geometry": {"type": "Point", "coordinates": [-4.3923, 42.5629]}, "properties": {"id": "92131265b96d", "ine": "34041", "first_utc": "2026-07-01T12:23:00Z", "last_utc": "2026-07-01T12:44:00Z", "detections": 4, "frp_max_mw": 8.0, "frp_total_mw": 27.7, "pixel_area_ha": 56.2, "status": "out", "fire_class": "forest", "official_area_ha": 29.5, "municipality": "Calahorra de Boedo", "province": "Palencia", "region": "Castilla y León", "muni_dist_km": 0.57}}, {"type": "Feature", "geometry": {"type": "Point", "coordinates": [-7.1785, 37.7586]}, "properties": {"id": "b4df0673ccbc", "ine": "21068", "first_utc": "2026-07-06T14:31:00Z", "last_utc": "2026-07-06T14:31:00Z", "detections": 3, "frp_max_mw": 8.0, "frp_total_mw": 18.1, "pixel_area_ha": 42.2, "status": "out", "fire_class": "likely_agricultural", "municipality": "Santa Bárbara de Casa", "province": "Huelva", "region": "Andalucía", "muni_dist_km": 4.59}}, {"type": "Feature", "geometry": {"type": "Point", "coordinates": [-1.9049, 36.9665]}, "properties": {"id": "e725c3c74a08", "ine": "04032", "first_utc": "2026-07-12T02:02:00Z", "last_utc": "2026-07-14T01:24:00Z", "detections": 5, "frp_max_mw": 8.0, "frp_total_mw": 15.4, "pixel_area_ha": 42.2, "status": "out", "fire_class": "forest", "municipality": "Carboneras", "province": "Almería", "region": "Andalucía", "muni_dist_km": 4.88}}, {"type": "Feature", "geometry": {"type": "Point", "coordinates": [-5.7285, 43.5241]}, "properties": {"id": "25eb50b411a7", "ine": "33024", "first_utc": "2026-07-14T12:46:00Z", "last_utc": "2026-07-14T13:40:00Z", "detections": 2, "frp_max_mw": 8.0, "frp_total_mw": 12.4, "pixel_area_ha": 14.1, "status": "out", "fire_class": "likely_agricultural", "municipality": "Gijón", "province": "Asturias", "region": "Principado de Asturias", "muni_dist_km": 4.44}}, {"type": "Feature", "geometry": {"type": "Point", "coordinates": [-3.3657, 39.0106]}, "properties": {"id": "4ab2e801dbff", "ine": "13053", "first_utc": "2026-07-15T13:21:00Z", "last_utc": "2026-07-15T13:21:00Z", "detections": 1, "frp_max_mw": 8.0, "frp_total_mw": 8.0, "pixel_area_ha": 14.1, "status": "out", "fire_class": "likely_agricultural", "municipality": "Manzanares", "province": "Ciudad Real", "region": "Castilla-La Mancha", "muni_dist_km": 2.08}}, {"type": "Feature", "geometry": {"type": "Point", "coordinates": [-5.8325, 43.5376]}, "properties": {"id": "6206778f6708", "ine": "33014", "first_utc": "2026-07-27T15:09:00Z", "last_utc": "2026-07-28T02:53:00Z", "detections": 8, "frp_max_mw": 8.0, "frp_total_mw": 21.4, "pixel_area_ha": 112.5, "status": "active", "fire_class": "forest", "municipality": "Carreño", "province": "Asturias", "region": "Principado de Asturias", "muni_dist_km": 3.3}}, {"type": "Feature", "geometry": {"type": "Point", "coordinates": [-1.9324, 42.2854]}, "properties": {"id": "497e8b80a162", "ine": "26036", "first_utc": "2026-06-03T09:41:00Z", "last_utc": "2026-06-03T09:41:00Z", "detections": 1, "frp_max_mw": 7.9, "frp_total_mw": 7.9, "pixel_area_ha": 14.1, "status": "out", "fire_class": "likely_agricultural", "municipality": "Calahorra", "province": "La Rioja", "region": "La Rioja", "muni_dist_km": 2.24}}, {"type": "Feature", "geometry": {"type": "Point", "coordinates": [-1.3801, 42.7828]}, "properties": {"id": "0db4b2ffcc29", "ine": "31158", "first_utc": "2026-06-08T09:39:00Z", "last_utc": "2026-06-08T09:39:00Z", "detections": 1, "frp_max_mw": 7.9, "frp_total_mw": 7.9, "pixel_area_ha": 14.1, "status": "out", "fire_class": "likely_agricultural", "municipality": "Lónguida/Longida", "province": "Navarra", "region": "Comunidad Foral de Navarra", "muni_dist_km": 1.76}}, {"type": "Feature", "geometry": {"type": "Point", "coordinates": [-5.1495, 37.5852]}, "properties": {"id": "0f7fa5ba116b", "ine": "41901", "first_utc": "2026-06-18T12:32:00Z", "last_utc": "2026-06-18T13:06:00Z", "detections": 3, "frp_max_mw": 7.9, "frp_total_mw": 22.0, "pixel_area_ha": 28.1, "status": "out", "fire_class": "likely_agricultural", "municipality": "Cañada Rosal", "province": "Sevilla", "region": "Andalucía", "muni_dist_km": 6.57}}, {"type": "Feature", "geometry": {"type": "Point", "coordinates": [-6.4979, 38.9463]}, "properties": {"id": "0988992a5513", "ine": "06058", "first_utc": "2026-06-24T02:38:00Z", "last_utc": "2026-06-24T13:59:00Z", "detections": 3, "frp_max_mw": 7.9, "frp_total_mw": 15.2, "pixel_area_ha": 14.1, "status": "out", "fire_class": "forest", "municipality": "La Garrovilla", "province": "Badajoz", "region": "Extremadura", "muni_dist_km": 1.72}}, {"type": "Feature", "geometry": {"type": "Point", "coordinates": [-2.9087, 40.3537]}, "properties": {"id": "c17b667f4eea", "ine": "19327", "first_utc": "2026-06-30T12:08:00Z", "last_utc": "2026-06-30T12:08:00Z", "detections": 2, "frp_max_mw": 7.9, "frp_total_mw": 13.9, "pixel_area_ha": 28.1, "status": "out", "fire_class": "likely_agricultural", "municipality": "Yebra", "province": "Guadalajara", "region": "Castilla-La Mancha", "muni_dist_km": 3.05}}, {"type": "Feature", "geometry": {"type": "Point", "coordinates": [-0.9938, 41.6429]}, "properties": {"id": "e894ac39b0d8", "ine": "50297", "first_utc": "2026-07-03T09:34:00Z", "last_utc": "2026-07-03T09:34:00Z", "detections": 1, "frp_max_mw": 7.9, "frp_total_mw": 7.9, "pixel_area_ha": 14.1, "status": "out", "fire_class": "likely_agricultural", "municipality": "Zaragoza", "province": "Zaragoza", "region": "Aragón", "muni_dist_km": 6.94}}, {"type": "Feature", "geometry": {"type": "Point", "coordinates": [1.7502, 41.5154]}, "properties": {"id": "a89115b4165c", "ine": "08161", "first_utc": "2026-07-05T13:08:00Z", "last_utc": "2026-07-05T13:53:00Z", "detections": 2, "frp_max_mw": 7.9, "frp_total_mw": 10.5, "pixel_area_ha": 28.1, "status": "out", "fire_class": "forest", "official_area_ha": 6.0, "perimeter_id": "561278", "municipality": "Piera", "province": "Barcelona", "region": "Cataluña", "muni_dist_km": 0.1}}, {"type": "Feature", "geometry": {"type": "Point", "coordinates": [-6.0997, 36.5203]}, "properties": {"id": "2e7730ff6141", "ine": "11028", "first_utc": "2026-06-13T12:59:00Z", "last_utc": "2026-06-13T12:59:00Z", "detections": 5, "frp_max_mw": 7.8, "frp_total_mw": 28.1, "pixel_area_ha": 70.3, "status": "out", "fire_class": "likely_agricultural", "municipality": "Puerto Real", "province": "Cádiz", "region": "Andalucía", "muni_dist_km": 0.6}}, {"type": "Feature", "geometry": {"type": "Point", "coordinates": [0.4895, 42.5834]}, "properties": {"id": "2dc960ed3a3c", "ine": "22200", "first_utc": "2026-06-18T09:37:00Z", "last_utc": "2026-06-18T09:37:00Z", "detections": 1, "frp_max_mw": 7.8, "frp_total_mw": 7.8, "pixel_area_ha": 14.1, "status": "out", "fire_class": "likely_agricultural", "municipality": "Sahún", "province": "Huesca", "region": "Aragón", "muni_dist_km": 3.58}}, {"type": "Feature", "geometry": {"type": "Point", "coordinates": [-4.1109, 38.6758]}, "properties": {"id": "63e5d13f2bd1", "ine": "13071", "first_utc": "2026-06-20T14:10:00Z", "last_utc": "2026-06-20T14:10:00Z", "detections": 1, "frp_max_mw": 7.8, "frp_total_mw": 7.8, "pixel_area_ha": 14.1, "status": "out", "fire_class": "likely_agricultural", "municipality": "Puertollano", "province": "Ciudad Real", "region": "Castilla-La Mancha", "muni_dist_km": 5.27}}, {"type": "Feature", "geometry": {"type": "Point", "coordinates": [-0.9633, 38.5526]}, "properties": {"id": "dbebc6353f3c", "ine": "03116", "first_utc": "2026-07-07T12:10:00Z", "last_utc": "2026-07-08T12:10:00Z", "detections": 3, "frp_max_mw": 7.8, "frp_total_mw": 22.3, "pixel_area_ha": 42.2, "status": "out", "fire_class": "likely_agricultural", "municipality": "Salinas", "province": "Alacant/Alicante", "region": "Comunitat Valenciana", "muni_dist_km": 6.67}}, {"type": "Feature", "geometry": {"type": "Point", "coordinates": [-6.957, 38.9409]}, "properties": {"id": "8a9115bdb91a", "ine": "06015", "first_utc": "2026-07-14T12:44:00Z", "last_utc": "2026-07-14T12:44:00Z", "detections": 2, "frp_max_mw": 7.8, "frp_total_mw": 12.4, "pixel_area_ha": 28.1, "status": "out", "fire_class": "likely_agricultural", "municipality": "Badajoz", "province": "Badajoz", "region": "Extremadura", "muni_dist_km": 11.77}}, {"type": "Feature", "geometry": {"type": "Point", "coordinates": [-2.055, 42.3166]}, "properties": {"id": "230560ea02ae", "ine": "26170", "first_utc": "2026-06-03T09:41:00Z", "last_utc": "2026-06-03T09:41:00Z", "detections": 1, "frp_max_mw": 7.7, "frp_total_mw": 7.7, "pixel_area_ha": 14.1, "status": "out", "fire_class": "likely_agricultural", "municipality": "El Villar de Arnedo", "province": "La Rioja", "region": "La Rioja", "muni_dist_km": 1.44}}, {"type": "Feature", "geometry": {"type": "Point", "coordinates": [-5.5323, 39.0223]}, "properties": {"id": "8d928d4b3bbd", "ine": "06096", "first_utc": "2026-06-09T12:36:00Z", "last_utc": "2026-06-09T12:36:00Z", "detections": 6, "frp_max_mw": 7.7, "frp_total_mw": 43.5, "pixel_area_ha": 84.4, "status": "out", "fire_class": "likely_agricultural", "municipality": "Orellana de la Sierra", "province": "Badajoz", "region": "Extremadura", "muni_dist_km": 1.38}}, {"type": "Feature", "geometry": {"type": "Point", "coordinates": [-6.1226, 40.0627]}, "properties": {"id": "765b7c64ef77", "ine": "10148", "first_utc": "2026-06-17T12:53:00Z", "last_utc": "2026-06-17T12:53:00Z", "detections": 1, "frp_max_mw": 7.7, "frp_total_mw": 7.7, "pixel_area_ha": 14.1, "status": "out", "fire_class": "likely_agricultural", "municipality": "Plasencia", "province": "Cáceres", "region": "Extremadura", "muni_dist_km": 5.56}}, {"type": "Feature", "geometry": {"type": "Point", "coordinates": [-0.2725, 42.0378]}, "properties": {"id": "ef12e92abe89", "ine": "22162", "first_utc": "2026-06-17T13:25:00Z", "last_utc": "2026-06-17T13:25:00Z", "detections": 1, "frp_max_mw": 7.7, "frp_total_mw": 7.7, "pixel_area_ha": 14.1, "status": "out", "fire_class": "likely_agricultural", "municipality": "Novales", "province": "Huesca", "region": "Aragón", "muni_dist_km": 1.22}}, {"type": "Feature", "geometry": {"type": "Point", "coordinates": [-6.1768, 37.4952]}, "properties": {"id": "1bd3347b5e7a", "ine": "41067", "first_utc": "2026-06-19T13:55:00Z", "last_utc": "2026-06-19T13:55:00Z", "detections": 1, "frp_max_mw": 7.7, "frp_total_mw": 7.7, "pixel_area_ha": 14.1, "status": "out", "fire_class": "likely_agricultural", "municipality": "Olivares", "province": "Sevilla", "region": "Andalucía", "muni_dist_km": 4.11}}, {"type": "Feature", "geometry": {"type": "Point", "coordinates": [-5.8372, 43.542]}, "properties": {"id": "2291636a1087", "ine": "33014", "first_utc": "2026-07-08T20:38:00Z", "last_utc": "2026-07-08T20:38:00Z", "detections": 1, "frp_max_mw": 7.7, "frp_total_mw": 7.7, "pixel_area_ha": 14.1, "status": "out", "fire_class": "forest", "municipality": "Carreño", "province": "Asturias", "region": "Principado de Asturias", "muni_dist_km": 3.82}}, {"type": "Feature", "geometry": {"type": "Point", "coordinates": [-4.0592, 39.0757]}, "properties": {"id": "97ab63cfc62d", "ine": "13062", "first_utc": "2026-07-10T12:19:00Z", "last_utc": "2026-07-10T12:19:00Z", "detections": 2, "frp_max_mw": 7.7, "frp_total_mw": 12.2, "pixel_area_ha": 28.1, "status": "out", "fire_class": "likely_agricultural", "municipality": "Picón", "province": "Ciudad Real", "region": "Castilla-La Mancha", "muni_dist_km": 2.12}}, {"type": "Feature", "geometry": {"type": "Point", "coordinates": [-5.7045, 37.2721]}, "properties": {"id": "1ecb03c10ada", "ine": "41058", "first_utc": "2026-07-15T12:25:00Z", "last_utc": "2026-07-15T12:25:00Z", "detections": 1, "frp_max_mw": 7.7, "frp_total_mw": 7.7, "pixel_area_ha": 14.1, "status": "out", "fire_class": "likely_agricultural", "municipality": "Mairena del Alcor", "province": "Sevilla", "region": "Andalucía", "muni_dist_km": 9.12}}, {"type": "Feature", "geometry": {"type": "Point", "coordinates": [-2.1353, 40.0555]}, "properties": {"id": "eebb7484a5a9", "ine": "16149", "first_utc": "2026-07-16T12:08:00Z", "last_utc": "2026-07-16T12:08:00Z", "detections": 1, "frp_max_mw": 7.7, "frp_total_mw": 7.7, "pixel_area_ha": 14.1, "status": "out", "fire_class": "likely_agricultural", "municipality": "Palomera", "province": "Cuenca", "region": "Castilla-La Mancha", "muni_dist_km": 9.66}}, {"type": "Feature", "geometry": {"type": "Point", "coordinates": [-4.2679, 42.9415]}, "properties": {"id": "dedf7fbd40a0", "ine": "34036", "first_utc": "2026-07-21T12:51:00Z", "last_utc": "2026-07-21T12:51:00Z", "detections": 1, "frp_max_mw": 7.7, "frp_total_mw": 7.7, "pixel_area_ha": 14.1, "status": "out", "fire_class": "forest", "official_area_ha": 2.11, "municipality": "Brañosera", "province": "Palencia", "region": "Castilla y León", "muni_dist_km": 2.25}}, {"type": "Feature", "geometry": {"type": "Point", "coordinates": [-2.0588, 42.3165]}, "properties": {"id": "be9bc056136c", "ine": "26170", "first_utc": "2026-06-08T09:39:00Z", "last_utc": "2026-06-08T09:39:00Z", "detections": 1, "frp_max_mw": 7.6, "frp_total_mw": 7.6, "pixel_area_ha": 14.1, "status": "out", "fire_class": "likely_agricultural", "municipality": "El Villar de Arnedo", "province": "La Rioja", "region": "La Rioja", "muni_dist_km": 1.14}}, {"type": "Feature", "geometry": {"type": "Point", "coordinates": [-3.9465, 40.3099]}, "properties": {"id": "58e4e4441d00", "ine": "28015", "first_utc": "2026-06-08T12:19:00Z", "last_utc": "2026-06-08T12:53:00Z", "detections": 2, "frp_max_mw": 7.6, "frp_total_mw": 9.4, "pixel_area_ha": 28.1, "status": "out", "fire_class": "likely_agricultural", "municipality": "Arroyomolinos", "province": "Madrid", "region": "Comunidad de Madrid", "muni_dist_km": 4.13}}, {"type": "Feature", "geometry": {"type": "Point", "coordinates": [-3.0173, 36.8731]}, "properties": {"id": "fc18886ad2c1", "ine": "04029", "first_utc": "2026-06-25T09:20:00Z", "last_utc": "2026-06-25T09:20:00Z", "detections": 1, "frp_max_mw": 7.6, "frp_total_mw": 7.6, "pixel_area_ha": 14.1, "status": "out", "fire_class": "likely_agricultural", "municipality": "Berja", "province": "Almería", "region": "Andalucía", "muni_dist_km": 5.14}}, {"type": "Feature", "geometry": {"type": "Point", "coordinates": [-4.0481, 38.674]}, "properties": {"id": "0d9168d46d69", "ine": "13071", "first_utc": "2026-06-24T01:32:00Z", "last_utc": "2026-06-26T02:53:00Z", "detections": 20, "frp_max_mw": 7.6, "frp_total_mw": 71.7, "pixel_area_ha": 126.5, "status": "out", "fire_class": "forest", "municipality": "Puertollano", "province": "Ciudad Real", "region": "Castilla-La Mancha", "muni_dist_km": 2.25}}, {"type": "Feature", "geometry": {"type": "Point", "coordinates": [-4.7611, 37.3042]}, "properties": {"id": "53aca41a4b2b", "ine": "41026", "first_utc": "2026-07-06T12:46:00Z", "last_utc": "2026-07-06T14:10:00Z", "detections": 3, "frp_max_mw": 7.6, "frp_total_mw": 13.7, "pixel_area_ha": 28.1, "status": "out", "fire_class": "likely_agricultural", "municipality": "Casariche", "province": "Sevilla", "region": "Andalucía", "muni_dist_km": 0.7}}, {"type": "Feature", "geometry": {"type": "Point", "coordinates": [-7.415, 37.2572]}, "properties": {"id": "0429ce1afb50", "ine": "21010", "first_utc": "2026-07-27T02:56:00Z", "last_utc": "2026-07-27T03:15:00Z", "detections": 2, "frp_max_mw": 7.6, "frp_total_mw": 10.3, "pixel_area_ha": 14.1, "status": "dying_down", "fire_class": "forest", "municipality": "Ayamonte", "province": "Huelva", "region": "Andalucía", "muni_dist_km": 2.99}}, {"type": "Feature", "geometry": {"type": "Point", "coordinates": [-6.0999, 36.5434]}, "properties": {"id": "34f87a50cfa5", "ine": "11028", "first_utc": "2026-07-27T12:36:00Z", "last_utc": "2026-07-27T12:36:00Z", "detections": 4, "frp_max_mw": 7.6, "frp_total_mw": 30.5, "pixel_area_ha": 56.2, "status": "dying_down", "fire_class": "likely_agricultural", "municipality": "Puerto Real", "province": "Cádiz", "region": "Andalucía", "muni_dist_km": 2.0}}, {"type": "Feature", "geometry": {"type": "Point", "coordinates": [-4.1447, 41.5433]}, "properties": {"id": "0adeaef18ba5", "ine": "47170", "first_utc": "2026-06-21T12:12:00Z", "last_utc": "2026-06-21T12:12:00Z", "detections": 3, "frp_max_mw": 7.5, "frp_total_mw": 19.9, "pixel_area_ha": 28.1, "status": "out", "fire_class": "forest", "official_area_ha": 5.95, "perimeter_id": "545002", "municipality": "Torre de Peñafiel", "province": "Valladolid", "region": "Castilla y León", "muni_dist_km": 0.67}}, {"type": "Feature", "geometry": {"type": "Point", "coordinates": [-6.0952, 36.5527]}, "properties": {"id": "536e30333d57", "ine": "11028", "first_utc": "2026-07-04T12:32:00Z", "last_utc": "2026-07-04T12:32:00Z", "detections": 1, "frp_max_mw": 7.5, "frp_total_mw": 7.5, "pixel_area_ha": 14.1, "status": "out", "fire_class": "likely_agricultural", "municipality": "Puerto Real", "province": "Cádiz", "region": "Andalucía", "muni_dist_km": 3.55}}, {"type": "Feature", "geometry": {"type": "Point", "coordinates": [-5.9815, 37.3078]}, "properties": {"id": "cdc867dc037a", "ine": "41044", "first_utc": "2026-07-04T13:08:00Z", "last_utc": "2026-07-04T13:08:00Z", "detections": 1, "frp_max_mw": 7.5, "frp_total_mw": 7.5, "pixel_area_ha": 14.1, "status": "out", "fire_class": "likely_agricultural", "municipality": "Gelves", "province": "Sevilla", "region": "Andalucía", "muni_dist_km": 5.86}}, {"type": "Feature", "geometry": {"type": "Point", "coordinates": [-0.822, 41.5988]}, "properties": {"id": "97db7802e7df", "ine": "50203", "first_utc": "2026-07-05T13:08:00Z", "last_utc": "2026-07-05T13:08:00Z", "detections": 1, "frp_max_mw": 7.5, "frp_total_mw": 7.5, "pixel_area_ha": 14.1, "status": "out", "fire_class": "likely_agricultural", "municipality": "Pastriz", "province": "Zaragoza", "region": "Aragón", "muni_dist_km": 4.65}}, {"type": "Feature", "geometry": {"type": "Point", "coordinates": [-5.3028, 37.1091]}, "properties": {"id": "7e381416fc05", "ine": "41077", "first_utc": "2026-07-07T12:29:00Z", "last_utc": "2026-07-07T12:29:00Z", "detections": 1, "frp_max_mw": 7.5, "frp_total_mw": 7.5, "pixel_area_ha": 14.1, "status": "out", "fire_class": "likely_agricultural", "municipality": "La Puebla de Cazalla", "province": "Sevilla", "region": "Andalucía", "muni_dist_km": 6.41}}, {"type": "Feature", "geometry": {"type": "Point", "coordinates": [-5.6081, 39.0735]}, "properties": {"id": "f8ce396023fd", "ine": "06001", "first_utc": "2026-07-20T12:32:00Z", "last_utc": "2026-07-20T13:25:00Z", "detections": 4, "frp_max_mw": 7.5, "frp_total_mw": 24.2, "pixel_area_ha": 42.2, "status": "out", "fire_class": "likely_agricultural", "municipality": "Acedera", "province": "Badajoz", "region": "Extremadura", "muni_dist_km": 0.93}}, {"type": "Feature", "geometry": {"type": "Point", "coordinates": [-0.4325, 38.9462]}, "properties": {"id": "2fa2e1112996", "ine": "46062", "first_utc": "2026-06-08T12:19:00Z", "last_utc": "2026-06-08T12:19:00Z", "detections": 2, "frp_max_mw": 7.4, "frp_total_mw": 12.4, "pixel_area_ha": 28.1, "status": "out", "fire_class": "likely_agricultural", "municipality": "Benigànim", "province": "València/Valencia", "region": "Comunitat Valenciana", "muni_dist_km": 1.46}}, {"type": "Feature", "geometry": {"type": "Point", "coordinates": [-4.5815, 37.1511]}, "properties": {"id": "5590f52bf5e5", "ine": "29072", "first_utc": "2026-06-10T12:17:00Z", "last_utc": "2026-06-10T12:17:00Z", "detections": 1, "frp_max_mw": 7.4, "frp_total_mw": 7.4, "pixel_area_ha": 14.1, "status": "out", "fire_class": "likely_agricultural", "municipality": "Mollina", "province": "Málaga", "region": "Andalucía", "muni_dist_km": 5.89}}, {"type": "Feature", "geometry": {"type": "Point", "coordinates": [-3.6171, 37.2128]}, "properties": {"id": "c6a7271b9824", "ine": "18165", "first_utc": "2026-06-29T14:05:00Z", "last_utc": "2026-06-29T14:05:00Z", "detections": 1, "frp_max_mw": 7.4, "frp_total_mw": 7.4, "pixel_area_ha": 14.1, "status": "out", "fire_class": "likely_agricultural", "municipality": "Pulianas", "province": "Granada", "region": "Andalucía", "muni_dist_km": 1.65}}, {"type": "Feature", "geometry": {"type": "Point", "coordinates": [-0.6734, 38.7257]}, "properties": {"id": "2537487d352a", "ine": "03021", "first_utc": "2026-06-30T12:42:00Z", "last_utc": "2026-06-30T12:42:00Z", "detections": 1, "frp_max_mw": 7.4, "frp_total_mw": 7.4, "pixel_area_ha": 14.1, "status": "out", "fire_class": "likely_agricultural", "municipality": "Banyeres de Mariola", "province": "Alacant/Alicante", "region": "Comunitat Valenciana", "muni_dist_km": 2.28}}, {"type": "Feature", "geometry": {"type": "Point", "coordinates": [-5.4311, 37.3363]}, "properties": {"id": "26a2579a5056", "ine": "41060", "first_utc": "2026-07-04T12:32:00Z", "last_utc": "2026-07-04T12:32:00Z", "detections": 2, "frp_max_mw": 7.4, "frp_total_mw": 12.8, "pixel_area_ha": 28.1, "status": "out", "fire_class": "likely_agricultural", "municipality": "Marchena", "province": "Sevilla", "region": "Andalucía", "muni_dist_km": 5.88}}, {"type": "Feature", "geometry": {"type": "Point", "coordinates": [0.8602, 41.5312]}, "properties": {"id": "051c83c45806", "ine": "25119", "first_utc": "2026-07-07T13:53:00Z", "last_utc": "2026-07-07T13:53:00Z", "detections": 2, "frp_max_mw": 7.4, "frp_total_mw": 14.8, "pixel_area_ha": 28.1, "status": "out", "fire_class": "agricultural", "municipality": "Juneda", "province": "Lleida", "region": "Cataluña", "muni_dist_km": 2.87}}, {"type": "Feature", "geometry": {"type": "Point", "coordinates": [-4.5149, 42.487]}, "properties": {"id": "3f12c7d3a24d", "ine": "34025", "first_utc": "2026-07-22T14:12:00Z", "last_utc": "2026-07-22T14:12:00Z", "detections": 4, "frp_max_mw": 7.4, "frp_total_mw": 21.0, "pixel_area_ha": 56.2, "status": "out", "fire_class": "forest", "official_area_ha": 88.29, "municipality": "Bárcena de Campos", "province": "Palencia", "region": "Castilla y León", "muni_dist_km": 1.0}}, {"type": "Feature", "geometry": {"type": "Point", "coordinates": [-1.9057, 42.1572]}, "properties": {"id": "b40a18f9d4fb", "ine": "26011", "first_utc": "2026-06-03T09:41:00Z", "last_utc": "2026-06-03T09:41:00Z", "detections": 1, "frp_max_mw": 7.3, "frp_total_mw": 7.3, "pixel_area_ha": 14.1, "status": "out", "fire_class": "likely_agricultural", "municipality": "Alfaro", "province": "La Rioja", "region": "La Rioja", "muni_dist_km": 6.19}}, {"type": "Feature", "geometry": {"type": "Point", "coordinates": [-7.1428, 38.7561]}, "properties": {"id": "037f89732dd2", "ine": "06095", "first_utc": "2026-06-03T12:49:00Z", "last_utc": "2026-06-03T12:49:00Z", "detections": 5, "frp_max_mw": 7.3, "frp_total_mw": 33.6, "pixel_area_ha": 70.3, "status": "out", "fire_class": "likely_agricultural", "municipality": "Olivenza", "province": "Badajoz", "region": "Extremadura", "muni_dist_km": 10.96}}, {"type": "Feature", "geometry": {"type": "Point", "coordinates": [-2.9099, 40.3558]}, "properties": {"id": "38a1e3d2581c", "ine": "19335", "first_utc": "2026-06-09T12:02:00Z", "last_utc": "2026-06-09T12:02:00Z", "detections": 1, "frp_max_mw": 7.3, "frp_total_mw": 7.3, "pixel_area_ha": 14.1, "status": "out", "fire_class": "likely_agricultural", "municipality": "Zorita de los Canes", "province": "Guadalajara", "region": "Castilla-La Mancha", "muni_dist_km": 3.62}}, {"type": "Feature", "geometry": {"type": "Point", "coordinates": [3.1833, 41.9966]}, "properties": {"id": "df099cd2627e", "ine": "17124", "first_utc": "2026-06-26T11:42:00Z", "last_utc": "2026-06-26T12:19:00Z", "detections": 2, "frp_max_mw": 7.3, "frp_total_mw": 10.9, "pixel_area_ha": 28.1, "status": "out", "fire_class": "forest", "municipality": "Pals", "province": "Girona", "region": "Cataluña", "muni_dist_km": 1.87}}, {"type": "Feature", "geometry": {"type": "Point", "coordinates": [-1.784, 38.0969]}, "properties": {"id": "6db15eef8441", "ine": "30017", "first_utc": "2026-06-30T03:00:00Z", "last_utc": "2026-06-30T03:00:00Z", "detections": 4, "frp_max_mw": 7.3, "frp_total_mw": 15.6, "pixel_area_ha": 56.2, "status": "out", "fire_class": "forest", "municipality": "Cehegín", "province": "Murcia", "region": "Región de Murcia", "muni_dist_km": 3.75}}, {"type": "Feature", "geometry": {"type": "Point", "coordinates": [-4.5509, 42.1644]}, "properties": {"id": "f2a2dba5bc1b", "ine": "34155", "first_utc": "2026-06-30T12:08:00Z", "last_utc": "2026-06-30T12:08:00Z", "detections": 1, "frp_max_mw": 7.3, "frp_total_mw": 7.3, "pixel_area_ha": 14.1, "status": "out", "fire_class": "likely_agricultural", "municipality": "Ribas de Campos", "province": "Palencia", "region": "Castilla y León", "muni_dist_km": 2.94}}, {"type": "Feature", "geometry": {"type": "Point", "coordinates": [-1.1814, 37.9868]}, "properties": {"id": "6149e516a8b3", "ine": "30005", "first_utc": "2026-07-09T12:38:00Z", "last_utc": "2026-07-09T12:38:00Z", "detections": 1, "frp_max_mw": 7.3, "frp_total_mw": 7.3, "pixel_area_ha": 14.1, "status": "out", "fire_class": "likely_agricultural", "municipality": "Alcantarilla", "province": "Murcia", "region": "Región de Murcia", "muni_dist_km": 4.72}}, {"type": "Feature", "geometry": {"type": "Point", "coordinates": [1.4575, 42.0825]}, "properties": {"id": "2ce88afdbd15", "ine": "25124", "first_utc": "2026-07-13T12:17:00Z", "last_utc": "2026-07-13T12:17:00Z", "detections": 2, "frp_max_mw": 7.3, "frp_total_mw": 10.3, "pixel_area_ha": 28.1, "status": "out", "fire_class": "forest", "municipality": "Lladurs", "province": "Lleida", "region": "Cataluña", "muni_dist_km": 2.54}}, {"type": "Feature", "geometry": {"type": "Point", "coordinates": [-3.3543, 39.6148]}, "properties": {"id": "2cc45c1cbed5", "ine": "45185", "first_utc": "2026-07-17T13:27:00Z", "last_utc": "2026-07-17T13:27:00Z", "detections": 1, "frp_max_mw": 7.3, "frp_total_mw": 7.3, "pixel_area_ha": 14.1, "status": "out", "fire_class": "likely_agricultural", "municipality": "Villacañas", "province": "Toledo", "region": "Castilla-La Mancha", "muni_dist_km": 3.72}}, {"type": "Feature", "geometry": {"type": "Point", "coordinates": [-6.4853, 37.2208]}, "properties": {"id": "f9be7547ecac", "ine": "21040", "first_utc": "2026-06-04T13:33:00Z", "last_utc": "2026-06-04T13:33:00Z", "detections": 2, "frp_max_mw": 7.2, "frp_total_mw": 14.4, "pixel_area_ha": 28.1, "status": "out", "fire_class": "likely_agricultural", "municipality": "Hinojos", "province": "Huelva", "region": "Andalucía", "muni_dist_km": 9.19}}, {"type": "Feature", "geometry": {"type": "Point", "coordinates": [-6.1153, 43.2823]}, "properties": {"id": "5f37e1e81736", "ine": "33078", "first_utc": "2026-06-23T12:40:00Z", "last_utc": "2026-06-24T13:14:00Z", "detections": 6, "frp_max_mw": 7.2, "frp_total_mw": 29.1, "pixel_area_ha": 42.2, "status": "out", "fire_class": "mixed", "official_area_ha": 26.0, "perimeter_id": "58956", "municipality": "Yernes y Tameza", "province": "Asturias", "region": "Principado de Asturias", "muni_dist_km": 2.05}}, {"type": "Feature", "geometry": {"type": "Point", "coordinates": [1.4629, 41.3932]}, "properties": {"id": "26f442618349", "ine": "43120", "first_utc": "2026-07-12T19:57:00Z", "last_utc": "2026-07-12T19:57:00Z", "detections": 1, "frp_max_mw": 7.2, "frp_total_mw": 7.2, "pixel_area_ha": 14.1, "status": "out", "fire_class": "forest", "municipality": "Querol", "province": "Tarragona", "region": "Cataluña", "muni_dist_km": 4.11}}, {"type": "Feature", "geometry": {"type": "Point", "coordinates": [-5.5488, 37.5688]}, "properties": {"id": "9bb4eb295657", "ine": "41006", "first_utc": "2026-07-19T13:46:00Z", "last_utc": "2026-07-19T13:46:00Z", "detections": 1, "frp_max_mw": 7.2, "frp_total_mw": 7.2, "pixel_area_ha": 14.1, "status": "out", "fire_class": "likely_agricultural", "municipality": "Alcolea del Río", "province": "Sevilla", "region": "Andalucía", "muni_dist_km": 11.44}}, {"type": "Feature", "geometry": {"type": "Point", "coordinates": [-6.7263, 37.2428]}, "properties": {"id": "ba8e03e7b936", "ine": "21046", "first_utc": "2026-07-20T14:12:00Z", "last_utc": "2026-07-20T14:12:00Z", "detections": 1, "frp_max_mw": 7.2, "frp_total_mw": 7.2, "pixel_area_ha": 14.1, "status": "out", "fire_class": "likely_agricultural", "municipality": "Lucena del Puerto", "province": "Huelva", "region": "Andalucía", "muni_dist_km": 1.3}}, {"type": "Feature", "geometry": {"type": "Point", "coordinates": [-4.098, 40.1601]}, "properties": {"id": "3dce766893b1", "ine": "45183", "first_utc": "2026-07-24T12:12:00Z", "last_utc": "2026-07-24T12:12:00Z", "detections": 1, "frp_max_mw": 7.2, "frp_total_mw": 7.2, "pixel_area_ha": 14.1, "status": "out", "fire_class": "likely_agricultural", "municipality": "Las Ventas de Retamosa", "province": "Toledo", "region": "Castilla-La Mancha", "muni_dist_km": 3.81}}, {"type": "Feature", "geometry": {"type": "Point", "coordinates": [-6.7463, 38.6282]}, "properties": {"id": "e8ae89e6eb6d", "ine": "06131", "first_utc": "2026-06-03T12:49:00Z", "last_utc": "2026-06-03T12:49:00Z", "detections": 9, "frp_max_mw": 7.1, "frp_total_mw": 46.4, "pixel_area_ha": 112.5, "status": "out", "fire_class": "likely_agricultural", "municipality": "Torre de Miguel Sesmero", "province": "Badajoz", "region": "Extremadura", "muni_dist_km": 1.43}}, {"type": "Feature", "geometry": {"type": "Point", "coordinates": [-6.116, 37.5354]}, "properties": {"id": "d732d5e294d1", "ine": "41045", "first_utc": "2026-06-08T09:41:00Z", "last_utc": "2026-06-08T09:41:00Z", "detections": 1, "frp_max_mw": 7.1, "frp_total_mw": 7.1, "pixel_area_ha": 14.1, "status": "out", "fire_class": "likely_agricultural", "municipality": "Gerena", "province": "Sevilla", "region": "Andalucía", "muni_dist_km": 4.82}}, {"type": "Feature", "geometry": {"type": "Point", "coordinates": [-6.1018, 36.4246]}, "properties": {"id": "7120b7de0660", "ine": "11015", "first_utc": "2026-07-13T12:19:00Z", "last_utc": "2026-07-13T13:57:00Z", "detections": 3, "frp_max_mw": 7.1, "frp_total_mw": 16.3, "pixel_area_ha": 42.2, "status": "out", "fire_class": "likely_agricultural", "municipality": "Chiclana de la Frontera", "province": "Cádiz", "region": "Andalucía", "muni_dist_km": 2.62}}, {"type": "Feature", "geometry": {"type": "Point", "coordinates": [-0.9164, 37.5699]}, "properties": {"id": "2bd557c2a53f", "ine": "30041", "first_utc": "2026-07-28T01:15:00Z", "last_utc": "2026-07-28T02:56:00Z", "detections": 7, "frp_max_mw": 7.1, "frp_total_mw": 24.2, "pixel_area_ha": 70.3, "status": "active", "fire_class": "forest", "municipality": "La Unión", "province": "Murcia", "region": "Región de Murcia", "muni_dist_km": 5.31}}, {"type": "Feature", "geometry": {"type": "Point", "coordinates": [-1.8599, 42.2327]}, "properties": {"id": "fe9c63a5d778", "ine": "26125", "first_utc": "2026-06-03T09:41:00Z", "last_utc": "2026-06-03T09:41:00Z", "detections": 1, "frp_max_mw": 7.0, "frp_total_mw": 7.0, "pixel_area_ha": 14.1, "status": "out", "fire_class": "likely_agricultural", "municipality": "Rincón de Soto", "province": "La Rioja", "region": "La Rioja", "muni_dist_km": 0.79}}, {"type": "Feature", "geometry": {"type": "Point", "coordinates": [-1.3289, 42.8539]}, "properties": {"id": "6989b050e3ed", "ine": "31028", "first_utc": "2026-06-03T09:41:00Z", "last_utc": "2026-06-03T09:41:00Z", "detections": 1, "frp_max_mw": 7.0, "frp_total_mw": 7.0, "pixel_area_ha": 14.1, "status": "out", "fire_class": "likely_agricultural", "municipality": "Arce/Artzi", "province": "Navarra", "region": "Comunidad Foral de Navarra", "muni_dist_km": 2.85}}, {"type": "Feature", "geometry": {"type": "Point", "coordinates": [-2.0667, 39.5868]}, "properties": {"id": "ca0f09f41443", "ine": "16237", "first_utc": "2026-06-03T13:06:00Z", "last_utc": "2026-06-03T13:06:00Z", "detections": 1, "frp_max_mw": 7.0, "frp_total_mw": 7.0, "pixel_area_ha": 14.1, "status": "out", "fire_class": "likely_agricultural", "municipality": "Valverdejo", "province": "Cuenca", "region": "Castilla-La Mancha", "muni_dist_km": 5.04}}, {"type": "Feature", "geometry": {"type": "Point", "coordinates": [-3.9746, 38.6452]}, "properties": {"id": "41c20b9789dd", "ine": "13071", "first_utc": "2026-06-05T12:27:00Z", "last_utc": "2026-06-05T12:27:00Z", "detections": 2, "frp_max_mw": 7.0, "frp_total_mw": 11.2, "pixel_area_ha": 28.1, "status": "out", "fire_class": "likely_agricultural", "municipality": "Puertollano", "province": "Ciudad Real", "region": "Castilla-La Mancha", "muni_dist_km": 7.27}}, {"type": "Feature", "geometry": {"type": "Point", "coordinates": [0.1814, 41.9222]}, "properties": {"id": "98050a422632", "ine": "22158", "first_utc": "2026-06-20T13:36:00Z", "last_utc": "2026-06-21T02:28:00Z", "detections": 3, "frp_max_mw": 7.0, "frp_total_mw": 8.5, "pixel_area_ha": 42.2, "status": "out", "fire_class": "forest", "municipality": "Monzón", "province": "Huesca", "region": "Aragón", "muni_dist_km": 2.7}}, {"type": "Feature", "geometry": {"type": "Point", "coordinates": [-1.9686, 41.9751]}, "properties": {"id": "7635cd6523a6", "ine": "26003", "first_utc": "2026-06-24T13:59:00Z", "last_utc": "2026-06-24T13:59:00Z", "detections": 2, "frp_max_mw": 7.0, "frp_total_mw": 13.2, "pixel_area_ha": 28.1, "status": "out", "fire_class": "likely_agricultural", "municipality": "Aguilar del Río Alhama", "province": "La Rioja", "region": "La Rioja", "muni_dist_km": 2.26}}, {"type": "Feature", "geometry": {"type": "Point", "coordinates": [-6.6242, 38.3451]}, "properties": {"id": "9d9e617f962b", "ine": "06022", "first_utc": "2026-06-27T13:38:00Z", "last_utc": "2026-06-27T13:38:00Z", "detections": 1, "frp_max_mw": 7.0, "frp_total_mw": 7.0, "pixel_area_ha": 14.1, "status": "out", "fire_class": "likely_agricultural", "municipality": "Burguillos del Cerro", "province": "Badajoz", "region": "Extremadura", "muni_dist_km": 5.46}}, {"type": "Feature", "geometry": {"type": "Point", "coordinates": [-6.3685, 40.0506]}, "properties": {"id": "db2722f91ca3", "ine": "10089", "first_utc": "2026-07-02T01:47:00Z", "last_utc": "2026-07-02T03:28:00Z", "detections": 21, "frp_max_mw": 7.0, "frp_total_mw": 76.9, "pixel_area_ha": 168.7, "status": "out", "fire_class": "mixed", "official_area_ha": 26.0, "perimeter_id": "549530", "municipality": "Guijo de Galisteo", "province": "Cáceres", "region": "Extremadura", "muni_dist_km": 1.68}}, {"type": "Feature", "geometry": {"type": "Point", "coordinates": [-3.2724, 39.1747]}, "properties": {"id": "6288cf6a0054", "ine": "13904", "first_utc": "2026-07-02T12:23:00Z", "last_utc": "2026-07-02T12:23:00Z", "detections": 2, "frp_max_mw": 7.0, "frp_total_mw": 12.6, "pixel_area_ha": 28.1, "status": "out", "fire_class": "likely_agricultural", "municipality": "Llanos del Caudillo", "province": "Ciudad Real", "region": "Castilla-La Mancha", "muni_dist_km": 8.95}}, {"type": "Feature", "geometry": {"type": "Point", "coordinates": [-0.8221, 38.6669]}, "properties": {"id": "969b7998809f", "ine": "03052", "first_utc": "2026-07-07T12:29:00Z", "last_utc": "2026-07-07T12:29:00Z", "detections": 2, "frp_max_mw": 7.0, "frp_total_mw": 11.6, "pixel_area_ha": 28.1, "status": "out", "fire_class": "likely_agricultural", "municipality": "Cañada", "province": "Alacant/Alicante", "region": "Comunitat Valenciana", "muni_dist_km": 2.0}}, {"type": "Feature", "geometry": {"type": "Point", "coordinates": [0.0407, 40.7775]}, "properties": {"id": "db85519ec849", "ine": "44179", "first_utc": "2026-07-13T01:39:00Z", "last_utc": "2026-07-13T02:36:00Z", "detections": 5, "frp_max_mw": 7.0, "frp_total_mw": 20.3, "pixel_area_ha": 42.2, "status": "out", "fire_class": "forest", "official_area_ha": 198.0, "perimeter_id": "561269", "municipality": "Peñarroya de Tastavins", "province": "Teruel", "region": "Aragón", "muni_dist_km": 3.65}}, {"type": "Feature", "geometry": {"type": "Point", "coordinates": [-5.8365, 39.8868]}, "properties": {"id": "ce4414dd7020", "ine": "10182", "first_utc": "2026-06-06T13:50:00Z", "last_utc": "2026-06-06T13:50:00Z", "detections": 2, "frp_max_mw": 6.9, "frp_total_mw": 11.8, "pixel_area_ha": 28.1, "status": "out", "fire_class": "agricultural", "official_area_ha": 9.0, "perimeter_id": "506293", "municipality": "Toril", "province": "Cáceres", "region": "Extremadura", "muni_dist_km": 1.9}}, {"type": "Feature", "geometry": {"type": "Point", "coordinates": [-4.7768, 41.1476]}, "properties": {"id": "bfdde581045d", "ine": "47147", "first_utc": "2026-06-17T13:25:00Z", "last_utc": "2026-06-17T13:25:00Z", "detections": 1, "frp_max_mw": 6.9, "frp_total_mw": 6.9, "pixel_area_ha": 14.1, "status": "out", "fire_class": "forest", "official_area_ha": 2.4, "municipality": "San Pablo de la Moraleja", "province": "Valladolid", "region": "Castilla y León", "muni_dist_km": 1.03}}, {"type": "Feature", "geometry": {"type": "Point", "coordinates": [-13.5603, 28.9851]}, "properties": {"id": "9041a1581cbe", "ine": "35004", "first_utc": "2026-06-24T01:54:00Z", "last_utc": "2026-06-24T03:34:00Z", "detections": 9, "frp_max_mw": 6.9, "frp_total_mw": 23.4, "pixel_area_ha": 56.2, "status": "out", "fire_class": "forest", "municipality": "Arrecife", "province": "Las Palmas", "region": "Canarias", "muni_dist_km": 0.43}}, {"type": "Feature", "geometry": {"type": "Point", "coordinates": [-7.4281, 43.0306]}, "properties": {"id": "1fda16d277f0", "ine": "27011", "first_utc": "2026-06-24T15:31:00Z", "last_utc": "2026-06-24T15:31:00Z", "detections": 1, "frp_max_mw": 6.9, "frp_total_mw": 6.9, "pixel_area_ha": 14.1, "status": "out", "fire_class": "likely_agricultural", "municipality": "Castroverde", "province": "Lugo", "region": "Galicia", "muni_dist_km": 7.59}}, {"type": "Feature", "geometry": {"type": "Point", "coordinates": [-5.0004, 41.4379]}, "properties": {"id": "c7e0f5bb4f82", "ine": "47139", "first_utc": "2026-06-25T13:42:00Z", "last_utc": "2026-06-26T02:34:00Z", "detections": 4, "frp_max_mw": 6.9, "frp_total_mw": 8.8, "pixel_area_ha": 42.2, "status": "out", "fire_class": "forest", "official_area_ha": 0.45, "municipality": "Rueda", "province": "Valladolid", "region": "Castilla y León", "muni_dist_km": 2.95}}, {"type": "Feature", "geometry": {"type": "Point", "coordinates": [-3.6769, 38.9046]}, "properties": {"id": "c08faed9e46e", "ine": "13013", "first_utc": "2026-06-26T13:23:00Z", "last_utc": "2026-06-26T13:23:00Z", "detections": 1, "frp_max_mw": 6.9, "frp_total_mw": 6.9, "pixel_area_ha": 14.1, "status": "out", "fire_class": "likely_agricultural", "municipality": "Almagro", "province": "Ciudad Real", "region": "Castilla-La Mancha", "muni_dist_km": 4.59}}, {"type": "Feature", "geometry": {"type": "Point", "coordinates": [-2.0312, 38.2936]}, "properties": {"id": "fda5f1ca0440", "ine": "02042", "first_utc": "2026-07-04T13:25:00Z", "last_utc": "2026-07-04T13:25:00Z", "detections": 1, "frp_max_mw": 6.9, "frp_total_mw": 6.9, "pixel_area_ha": 14.1, "status": "out", "fire_class": "likely_agricultural", "municipality": "Letur", "province": "Albacete", "region": "Castilla-La Mancha", "muni_dist_km": 9.15}}, {"type": "Feature", "geometry": {"type": "Point", "coordinates": [-0.2485, 41.232]}, "properties": {"id": "907f93fbf5c6", "ine": "50101", "first_utc": "2026-07-11T12:02:00Z", "last_utc": "2026-07-11T12:02:00Z", "detections": 3, "frp_max_mw": 6.9, "frp_total_mw": 17.7, "pixel_area_ha": 42.2, "status": "out", "fire_class": "likely_agricultural", "municipality": "Escatrón", "province": "Zaragoza", "region": "Aragón", "muni_dist_km": 3.35}}, {"type": "Feature", "geometry": {"type": "Point", "coordinates": [1.6143, 41.7005]}, "properties": {"id": "89891f715b0f", "ine": "08002", "first_utc": "2026-07-14T15:03:00Z", "last_utc": "2026-07-14T15:03:00Z", "detections": 1, "frp_max_mw": 6.9, "frp_total_mw": 6.9, "pixel_area_ha": 14.1, "status": "out", "fire_class": "forest", "municipality": "Aguilar de Segarra", "province": "Barcelona", "region": "Cataluña", "muni_dist_km": 3.26}}, {"type": "Feature", "geometry": {"type": "Point", "coordinates": [-6.9578, 39.8262]}, "properties": {"id": "eb4b9eb26a9b", "ine": "10145", "first_utc": "2026-06-03T09:41:00Z", "last_utc": "2026-06-03T09:41:00Z", "detections": 2, "frp_max_mw": 6.8, "frp_total_mw": 12.8, "pixel_area_ha": 28.1, "status": "out", "fire_class": "likely_agricultural", "municipality": "Piedras Albas", "province": "Cáceres", "region": "Extremadura", "muni_dist_km": 4.66}}, {"type": "Feature", "geometry": {"type": "Point", "coordinates": [-7.1873, 37.255]}, "properties": {"id": "320b4cb574b1", "ine": "21044", "first_utc": "2026-06-05T12:27:00Z", "last_utc": "2026-06-05T12:27:00Z", "detections": 1, "frp_max_mw": 6.8, "frp_total_mw": 6.8, "pixel_area_ha": 14.1, "status": "out", "fire_class": "likely_agricultural", "municipality": "Lepe", "province": "Huelva", "region": "Andalucía", "muni_dist_km": 4.32}}, {"type": "Feature", "geometry": {"type": "Point", "coordinates": [-5.6804, 39.559]}, "properties": {"id": "700fd236f04c", "ine": "10011", "first_utc": "2026-06-08T12:19:00Z", "last_utc": "2026-06-08T12:19:00Z", "detections": 2, "frp_max_mw": 6.8, "frp_total_mw": 9.9, "pixel_area_ha": 28.1, "status": "out", "fire_class": "likely_agricultural", "municipality": "Aldeacentenera", "province": "Cáceres", "region": "Extremadura", "muni_dist_km": 4.69}}, {"type": "Feature", "geometry": {"type": "Point", "coordinates": [-4.2228, 40.3802]}, "properties": {"id": "c70fca3af14f", "ine": "28051", "first_utc": "2026-06-16T14:03:00Z", "last_utc": "2026-06-16T14:03:00Z", "detections": 1, "frp_max_mw": 6.8, "frp_total_mw": 6.8, "pixel_area_ha": 14.1, "status": "out", "fire_class": "likely_agricultural", "municipality": "Chapinería", "province": "Madrid", "region": "Comunidad de Madrid", "muni_dist_km": 1.49}}, {"type": "Feature", "geometry": {"type": "Point", "coordinates": [1.5194, 38.9836]}, "properties": {"id": "559c9a03f8ae", "ine": "07054", "first_utc": "2026-06-22T13:50:00Z", "last_utc": "2026-06-22T13:50:00Z", "detections": 1, "frp_max_mw": 6.8, "frp_total_mw": 6.8, "pixel_area_ha": 14.1, "status": "out", "fire_class": "likely_agricultural", "municipality": "Santa Eulària des Riu", "province": "Illes Balears", "region": "Illes Balears", "muni_dist_km": 2.2}}, {"type": "Feature", "geometry": {"type": "Point", "coordinates": [-0.9189, 37.6257]}, "properties": {"id": "fbd6847b9bd8", "ine": "30041", "first_utc": "2026-06-23T20:40:00Z", "last_utc": "2026-06-23T20:40:00Z", "detections": 1, "frp_max_mw": 6.8, "frp_total_mw": 6.8, "pixel_area_ha": 14.1, "status": "out", "fire_class": "forest", "municipality": "La Unión", "province": "Murcia", "region": "Región de Murcia", "muni_dist_km": 3.69}}, {"type": "Feature", "geometry": {"type": "Point", "coordinates": [-3.5663, 40.4922]}, "properties": {"id": "0e04c59a61f7", "ine": "28104", "first_utc": "2026-06-24T12:19:00Z", "last_utc": "2026-06-24T12:19:00Z", "detections": 1, "frp_max_mw": 6.8, "frp_total_mw": 6.8, "pixel_area_ha": 14.1, "status": "out", "fire_class": "likely_agricultural", "municipality": "Paracuellos de Jarama", "province": "Madrid", "region": "Comunidad de Madrid", "muni_dist_km": 4.3}}, {"type": "Feature", "geometry": {"type": "Point", "coordinates": [-0.9513, 38.5627]}, "properties": {"id": "0d94f4f836e3", "ine": "03116", "first_utc": "2026-07-08T12:10:00Z", "last_utc": "2026-07-08T12:10:00Z", "detections": 1, "frp_max_mw": 6.8, "frp_total_mw": 6.8, "pixel_area_ha": 14.1, "status": "out", "fire_class": "likely_agricultural", "municipality": "Salinas", "province": "Alacant/Alicante", "region": "Comunitat Valenciana", "muni_dist_km": 7.06}}, {"type": "Feature", "geometry": {"type": "Point", "coordinates": [-5.8312, 43.5405]}, "properties": {"id": "9116d4b6abc7", "ine": "33014", "first_utc": "2026-07-13T01:39:00Z", "last_utc": "2026-07-14T02:15:00Z", "detections": 7, "frp_max_mw": 6.8, "frp_total_mw": 21.4, "pixel_area_ha": 56.2, "status": "out", "fire_class": "forest", "municipality": "Carreño", "province": "Asturias", "region": "Principado de Asturias", "muni_dist_km": 3.21}}, {"type": "Feature", "geometry": {"type": "Point", "coordinates": [-6.7702, 42.5514]}, "properties": {"id": "4c40a7f71490", "ine": "24206", "first_utc": "2026-07-22T02:11:00Z", "last_utc": "2026-07-27T02:17:00Z", "detections": 10, "frp_max_mw": 6.8, "frp_total_mw": 13.7, "pixel_area_ha": 28.1, "status": "dying_down", "fire_class": "forest", "municipality": "Toral de los Vados", "province": "León", "region": "Castilla y León", "muni_dist_km": 0.43}}, {"type": "Feature", "geometry": {"type": "Point", "coordinates": [-5.7296, 43.5253]}, "properties": {"id": "b97ca9a9f20e", "ine": "33024", "first_utc": "2026-06-05T01:54:00Z", "last_utc": "2026-06-08T12:21:00Z", "detections": 26, "frp_max_mw": 6.7, "frp_total_mw": 63.0, "pixel_area_ha": 112.5, "status": "out", "fire_class": "forest", "municipality": "Gijón", "province": "Asturias", "region": "Principado de Asturias", "muni_dist_km": 4.34}}, {"type": "Feature", "geometry": {"type": "Point", "coordinates": [-6.5702, 38.6841]}, "properties": {"id": "847d1ee41832", "ine": "06126", "first_utc": "2026-06-11T04:25:00Z", "last_utc": "2026-06-11T04:25:00Z", "detections": 1, "frp_max_mw": 6.7, "frp_total_mw": 6.7, "pixel_area_ha": 14.1, "status": "out", "fire_class": "forest", "municipality": "Solana de los Barros", "province": "Badajoz", "region": "Extremadura", "muni_dist_km": 5.57}}, {"type": "Feature", "geometry": {"type": "Point", "coordinates": [-5.1987, 36.6661]}, "properties": {"id": "5aa042af21de", "ine": "29014", "first_utc": "2026-06-14T12:42:00Z", "last_utc": "2026-06-14T12:59:00Z", "detections": 3, "frp_max_mw": 6.7, "frp_total_mw": 18.2, "pixel_area_ha": 28.1, "status": "out", "fire_class": "forest", "official_area_ha": 18.0, "perimeter_id": "510761", "municipality": "Alpandeire", "province": "Málaga", "region": "Andalucía", "muni_dist_km": 1.94}}, {"type": "Feature", "geometry": {"type": "Point", "coordinates": [-5.6832, 39.5675]}, "properties": {"id": "c4eb8e2b393f", "ine": "10011", "first_utc": "2026-06-19T12:14:00Z", "last_utc": "2026-06-19T12:14:00Z", "detections": 4, "frp_max_mw": 6.7, "frp_total_mw": 25.7, "pixel_area_ha": 56.2, "status": "out", "fire_class": "likely_agricultural", "municipality": "Aldeacentenera", "province": "Cáceres", "region": "Extremadura", "muni_dist_km": 5.24}}, {"type": "Feature", "geometry": {"type": "Point", "coordinates": [-1.1766, 38.7052]}, "properties": {"id": "1a61d676da5d", "ine": "30043", "first_utc": "2026-06-24T12:19:00Z", "last_utc": "2026-06-24T12:19:00Z", "detections": 1, "frp_max_mw": 6.7, "frp_total_mw": 6.7, "pixel_area_ha": 14.1, "status": "out", "fire_class": "likely_agricultural", "municipality": "Yecla", "province": "Murcia", "region": "Región de Murcia", "muni_dist_km": 11.22}}, {"type": "Feature", "geometry": {"type": "Point", "coordinates": [-1.2976, 38.2111]}, "properties": {"id": "e528ff59736b", "ine": "30011", "first_utc": "2026-06-29T04:21:00Z", "last_utc": "2026-06-29T04:21:00Z", "detections": 1, "frp_max_mw": 6.7, "frp_total_mw": 6.7, "pixel_area_ha": 14.1, "status": "out", "fire_class": "forest", "municipality": "Blanca", "province": "Murcia", "region": "Región de Murcia", "muni_dist_km": 0.21}}, {"type": "Feature", "geometry": {"type": "Point", "coordinates": [-5.1023, 37.2476]}, "properties": {"id": "b7eecc0fd0d6", "ine": "41068", "first_utc": "2026-07-03T12:51:00Z", "last_utc": "2026-07-03T12:51:00Z", "detections": 1, "frp_max_mw": 6.7, "frp_total_mw": 6.7, "pixel_area_ha": 14.1, "status": "out", "fire_class": "likely_agricultural", "municipality": "Osuna", "province": "Sevilla", "region": "Andalucía", "muni_dist_km": 1.99}}, {"type": "Feature", "geometry": {"type": "Point", "coordinates": [-3.3503, 39.0585]}, "properties": {"id": "6de1bc995b81", "ine": "13053", "first_utc": "2026-07-06T12:29:00Z", "last_utc": "2026-07-06T12:29:00Z", "detections": 3, "frp_max_mw": 6.7, "frp_total_mw": 17.6, "pixel_area_ha": 42.2, "status": "out", "fire_class": "likely_agricultural", "municipality": "Manzanares", "province": "Ciudad Real", "region": "Castilla-La Mancha", "muni_dist_km": 3.62}}, {"type": "Feature", "geometry": {"type": "Point", "coordinates": [-2.0409, 37.2773]}, "properties": {"id": "d6c5551756a2", "ine": "04059", "first_utc": "2026-07-13T13:57:00Z", "last_utc": "2026-07-13T13:57:00Z", "detections": 2, "frp_max_mw": 6.7, "frp_total_mw": 10.1, "pixel_area_ha": 28.1, "status": "out", "fire_class": "likely_agricultural", "municipality": "Lubrín", "province": "Almería", "region": "Andalucía", "muni_dist_km": 5.73}}, {"type": "Feature", "geometry": {"type": "Point", "coordinates": [-5.6862, 39.5755]}, "properties": {"id": "bb1f25bf0107", "ine": "10011", "first_utc": "2026-06-08T12:19:00Z", "last_utc": "2026-06-08T12:19:00Z", "detections": 3, "frp_max_mw": 6.6, "frp_total_mw": 15.4, "pixel_area_ha": 42.2, "status": "out", "fire_class": "likely_agricultural", "municipality": "Aldeacentenera", "province": "Cáceres", "region": "Extremadura", "muni_dist_km": 5.94}}, {"type": "Feature", "geometry": {"type": "Point", "coordinates": [-4.582, 37.1527]}, "properties": {"id": "189dc923841c", "ine": "29072", "first_utc": "2026-06-15T12:21:00Z", "last_utc": "2026-06-16T12:21:00Z", "detections": 5, "frp_max_mw": 6.6, "frp_total_mw": 30.2, "pixel_area_ha": 56.2, "status": "out", "fire_class": "likely_agricultural", "municipality": "Mollina", "province": "Málaga", "region": "Andalucía", "muni_dist_km": 5.68}}, {"type": "Feature", "geometry": {"type": "Point", "coordinates": [-5.8327, 43.5395]}, "properties": {"id": "cdb3425baec8", "ine": "33014", "first_utc": "2026-06-20T12:49:00Z", "last_utc": "2026-06-20T12:49:00Z", "detections": 1, "frp_max_mw": 6.6, "frp_total_mw": 6.6, "pixel_area_ha": 14.1, "status": "out", "fire_class": "likely_agricultural", "municipality": "Carreño", "province": "Asturias", "region": "Principado de Asturias", "muni_dist_km": 3.55}}, {"type": "Feature", "geometry": {"type": "Point", "coordinates": [-3.4426, 36.9081]}, "properties": {"id": "1c8342d90528", "ine": "18043", "first_utc": "2026-06-21T01:07:00Z", "last_utc": "2026-06-21T02:47:00Z", "detections": 14, "frp_max_mw": 6.6, "frp_total_mw": 45.5, "pixel_area_ha": 98.4, "status": "out", "fire_class": "forest", "official_area_ha": 23.0, "perimeter_id": "527104", "municipality": "Carataunas", "province": "Granada", "region": "Andalucía", "muni_dist_km": 3.96}}, {"type": "Feature", "geometry": {"type": "Point", "coordinates": [-2.7661, 40.8819]}, "properties": {"id": "f40a59ffe27e", "ine": "19020", "first_utc": "2026-06-24T12:19:00Z", "last_utc": "2026-06-24T12:19:00Z", "detections": 4, "frp_max_mw": 6.6, "frp_total_mw": 22.5, "pixel_area_ha": 56.2, "status": "out", "fire_class": "likely_agricultural", "municipality": "Almadrones", "province": "Guadalajara", "region": "Castilla-La Mancha", "muni_dist_km": 1.24}}, {"type": "Feature", "geometry": {"type": "Point", "coordinates": [-1.7856, 37.4789]}, "properties": {"id": "b186f476f4df", "ine": "30033", "first_utc": "2026-06-26T12:17:00Z", "last_utc": "2026-06-26T13:55:00Z", "detections": 5, "frp_max_mw": 6.6, "frp_total_mw": 25.6, "pixel_area_ha": 56.2, "status": "out", "fire_class": "likely_agricultural", "municipality": "Puerto Lumbreras", "province": "Murcia", "region": "Región de Murcia", "muni_dist_km": 7.95}}, {"type": "Feature", "geometry": {"type": "Point", "coordinates": [-6.3753, 39.9652]}, "properties": {"id": "21ee51b2a09c", "ine": "10129", "first_utc": "2026-06-30T12:42:00Z", "last_utc": "2026-06-30T12:42:00Z", "detections": 2, "frp_max_mw": 6.6, "frp_total_mw": 12.9, "pixel_area_ha": 28.1, "status": "out", "fire_class": "likely_agricultural", "municipality": "Morcillo", "province": "Cáceres", "region": "Extremadura", "muni_dist_km": 4.64}}, {"type": "Feature", "geometry": {"type": "Point", "coordinates": [-6.1, 36.5179]}, "properties": {"id": "0aa21251b808", "ine": "11028", "first_utc": "2026-07-03T09:37:00Z", "last_utc": "2026-07-03T09:37:00Z", "detections": 1, "frp_max_mw": 6.6, "frp_total_mw": 6.6, "pixel_area_ha": 14.1, "status": "out", "fire_class": "likely_agricultural", "municipality": "Puerto Real", "province": "Cádiz", "region": "Andalucía", "muni_dist_km": 1.19}}, {"type": "Feature", "geometry": {"type": "Point", "coordinates": [-4.2426, 42.7845]}, "properties": {"id": "79e1a9686018", "ine": "34004", "first_utc": "2026-07-04T13:08:00Z", "last_utc": "2026-07-04T13:08:00Z", "detections": 1, "frp_max_mw": 6.6, "frp_total_mw": 6.6, "pixel_area_ha": 14.1, "status": "out", "fire_class": "likely_agricultural", "municipality": "Aguilar de Campoo", "province": "Palencia", "region": "Castilla y León", "muni_dist_km": 3.34}}, {"type": "Feature", "geometry": {"type": "Point", "coordinates": [-6.0078, 41.8929]}, "properties": {"id": "b3a15711e334", "ine": "49259", "first_utc": "2026-07-22T12:32:00Z", "last_utc": "2026-07-22T12:49:00Z", "detections": 2, "frp_max_mw": 6.6, "frp_total_mw": 11.1, "pixel_area_ha": 28.1, "status": "out", "fire_class": "forest", "official_area_ha": 3.5, "perimeter_id": "572485", "municipality": "Villanueva de las Peras", "province": "Zamora", "region": "Castilla y León", "muni_dist_km": 3.94}}, {"type": "Feature", "geometry": {"type": "Point", "coordinates": [-13.8786, 28.4547]}, "properties": {"id": "1d3e8c54e538", "ine": "35017", "first_utc": "2026-07-22T13:31:00Z", "last_utc": "2026-07-22T13:31:00Z", "detections": 1, "frp_max_mw": 6.6, "frp_total_mw": 6.6, "pixel_area_ha": 14.1, "status": "out", "fire_class": "likely_agricultural", "municipality": "Puerto del Rosario", "province": "Las Palmas", "region": "Canarias", "muni_dist_km": 9.41}}, {"type": "Feature", "geometry": {"type": "Point", "coordinates": [-5.5903, 40.6651]}, "properties": {"id": "2878008826e2", "ine": "37242", "first_utc": "2026-06-04T12:46:00Z", "last_utc": "2026-06-04T12:46:00Z", "detections": 2, "frp_max_mw": 6.5, "frp_total_mw": 11.0, "pixel_area_ha": 28.1, "status": "out", "fire_class": "agricultural", "official_area_ha": 4.0, "perimeter_id": "504402", "municipality": "Pelayos", "province": "Salamanca", "region": "Castilla y León", "muni_dist_km": 1.72}}, {"type": "Feature", "geometry": {"type": "Point", "coordinates": [-0.1377, 41.5165]}, "properties": {"id": "143248aa47af", "ine": "22242", "first_utc": "2026-06-10T13:23:00Z", "last_utc": "2026-06-10T13:23:00Z", "detections": 1, "frp_max_mw": 6.5, "frp_total_mw": 6.5, "pixel_area_ha": 14.1, "status": "out", "fire_class": "likely_agricultural", "municipality": "Valfarta", "province": "Huesca", "region": "Aragón", "muni_dist_km": 4.0}}, {"type": "Feature", "geometry": {"type": "Point", "coordinates": [-5.7268, 39.5848]}, "properties": {"id": "aa8ba04b5b07", "ine": "10186", "first_utc": "2026-06-29T12:25:00Z", "last_utc": "2026-06-29T12:25:00Z", "detections": 1, "frp_max_mw": 6.5, "frp_total_mw": 6.5, "pixel_area_ha": 14.1, "status": "out", "fire_class": "likely_agricultural", "municipality": "Torrecillas de la Tiesa", "province": "Cáceres", "region": "Extremadura", "muni_dist_km": 2.99}}, {"type": "Feature", "geometry": {"type": "Point", "coordinates": [-5.0694, 37.7216]}, "properties": {"id": "8ee246131e0f", "ine": "14030", "first_utc": "2026-07-02T02:24:00Z", "last_utc": "2026-07-02T02:41:00Z", "detections": 2, "frp_max_mw": 6.5, "frp_total_mw": 9.7, "pixel_area_ha": 14.1, "status": "out", "fire_class": "forest", "municipality": "Fuente Palmera", "province": "Córdoba", "region": "Andalucía", "muni_dist_km": 1.95}}, {"type": "Feature", "geometry": {"type": "Point", "coordinates": [-5.8716, 38.9498]}, "properties": {"id": "7da62fc2c7b6", "ine": "06044", "first_utc": "2026-07-16T13:48:00Z", "last_utc": "2026-07-17T13:27:00Z", "detections": 3, "frp_max_mw": 6.5, "frp_total_mw": 17.3, "pixel_area_ha": 42.2, "status": "out", "fire_class": "likely_agricultural", "municipality": "Don Benito", "province": "Badajoz", "region": "Extremadura", "muni_dist_km": 1.86}}, {"type": "Feature", "geometry": {"type": "Point", "coordinates": [-4.35, 42.6369]}, "properties": {"id": "3f13a78fdd2e", "ine": "34093", "first_utc": "2026-07-23T12:12:00Z", "last_utc": "2026-07-23T12:12:00Z", "detections": 4, "frp_max_mw": 6.5, "frp_total_mw": 20.8, "pixel_area_ha": 42.2, "status": "out", "fire_class": "forest", "official_area_ha": 0.06, "municipality": "La Vid de Ojeda", "province": "Palencia", "region": "Castilla y León", "muni_dist_km": 3.83}}, {"type": "Feature", "geometry": {"type": "Point", "coordinates": [-5.7992, 43.4112]}, "properties": {"id": "146d975fcfbf", "ine": "33035", "first_utc": "2026-07-27T14:18:00Z", "last_utc": "2026-07-27T14:18:00Z", "detections": 1, "frp_max_mw": 6.5, "frp_total_mw": 6.5, "pixel_area_ha": 14.1, "status": "dying_down", "fire_class": "likely_agricultural", "municipality": "Llanera", "province": "Asturias", "region": "Principado de Asturias", "muni_dist_km": 6.92}}, {"type": "Feature", "geometry": {"type": "Point", "coordinates": [-3.3194, 39.3441]}, "properties": {"id": "7a6564dbe627", "ine": "13047", "first_utc": "2026-06-03T12:14:00Z", "last_utc": "2026-06-03T12:14:00Z", "detections": 2, "frp_max_mw": 6.4, "frp_total_mw": 11.1, "pixel_area_ha": 14.1, "status": "out", "fire_class": "likely_agricultural", "municipality": "Herencia", "province": "Ciudad Real", "region": "Castilla-La Mancha", "muni_dist_km": 8.45}}, {"type": "Feature", "geometry": {"type": "Point", "coordinates": [-6.9827, 38.8969]}, "properties": {"id": "ab44670f9576", "ine": "06015", "first_utc": "2026-06-03T13:06:00Z", "last_utc": "2026-06-03T13:06:00Z", "detections": 1, "frp_max_mw": 6.4, "frp_total_mw": 6.4, "pixel_area_ha": 14.1, "status": "out", "fire_class": "likely_agricultural", "municipality": "Badajoz", "province": "Badajoz", "region": "Extremadura", "muni_dist_km": 11.52}}, {"type": "Feature", "geometry": {"type": "Point", "coordinates": [-4.7587, 37.5116]}, "properties": {"id": "bdf174aca781", "ine": "14040", "first_utc": "2026-06-10T13:55:00Z", "last_utc": "2026-06-10T13:55:00Z", "detections": 2, "frp_max_mw": 6.4, "frp_total_mw": 9.1, "pixel_area_ha": 28.1, "status": "out", "fire_class": "likely_agricultural", "municipality": "Montalbán de Córdoba", "province": "Córdoba", "region": "Andalucía", "muni_dist_km": 4.27}}, {"type": "Feature", "geometry": {"type": "Point", "coordinates": [-6.0772, 37.5321]}, "properties": {"id": "0f001725a5fe", "ine": "41045", "first_utc": "2026-06-16T13:44:00Z", "last_utc": "2026-06-16T13:44:00Z", "detections": 1, "frp_max_mw": 6.4, "frp_total_mw": 6.4, "pixel_area_ha": 14.1, "status": "out", "fire_class": "likely_agricultural", "municipality": "Gerena", "province": "Sevilla", "region": "Andalucía", "muni_dist_km": 8.22}}, {"type": "Feature", "geometry": {"type": "Point", "coordinates": [-13.5401, 29.0587]}, "properties": {"id": "d67af79f67a0", "ine": "35024", "first_utc": "2026-06-23T14:16:00Z", "last_utc": "2026-06-23T14:52:00Z", "detections": 2, "frp_max_mw": 6.4, "frp_total_mw": 8.5, "pixel_area_ha": 14.1, "status": "out", "fire_class": "likely_agricultural", "municipality": "Teguise", "province": "Las Palmas", "region": "Canarias", "muni_dist_km": 4.06}}, {"type": "Feature", "geometry": {"type": "Point", "coordinates": [-3.5659, 40.4953]}, "properties": {"id": "f46204383b49", "ine": "28104", "first_utc": "2026-07-01T12:23:00Z", "last_utc": "2026-07-02T12:23:00Z", "detections": 2, "frp_max_mw": 6.4, "frp_total_mw": 9.6, "pixel_area_ha": 28.1, "status": "out", "fire_class": "likely_agricultural", "municipality": "Paracuellos de Jarama", "province": "Madrid", "region": "Comunidad de Madrid", "muni_dist_km": 3.97}}, {"type": "Feature", "geometry": {"type": "Point", "coordinates": [-3.8323, 37.1886]}, "properties": {"id": "043520d17547", "ine": "18115", "first_utc": "2026-07-05T13:55:00Z", "last_utc": "2026-07-05T13:55:00Z", "detections": 1, "frp_max_mw": 6.4, "frp_total_mw": 6.4, "pixel_area_ha": 14.1, "status": "out", "fire_class": "likely_agricultural", "municipality": "Láchar", "province": "Granada", "region": "Andalucía", "muni_dist_km": 1.14}}, {"type": "Feature", "geometry": {"type": "Point", "coordinates": [0.1799, 41.9233]}, "properties": {"id": "c43a36974c6d", "ine": "22158", "first_utc": "2026-06-01T02:21:00Z", "last_utc": "2026-06-03T02:32:00Z", "detections": 8, "frp_max_mw": 6.3, "frp_total_mw": 23.0, "pixel_area_ha": 56.2, "status": "out", "fire_class": "forest", "municipality": "Monzón", "province": "Huesca", "region": "Aragón", "muni_dist_km": 2.69}}, {"type": "Feature", "geometry": {"type": "Point", "coordinates": [-3.625, 38.1101]}, "properties": {"id": "3df8c40c45df", "ine": "23055", "first_utc": "2026-06-03T12:14:00Z", "last_utc": "2026-06-03T12:49:00Z", "detections": 3, "frp_max_mw": 6.3, "frp_total_mw": 15.8, "pixel_area_ha": 28.1, "status": "out", "fire_class": "likely_agricultural", "municipality": "Linares", "province": "Jaén", "region": "Andalucía", "muni_dist_km": 1.53}}, {"type": "Feature", "geometry": {"type": "Point", "coordinates": [-6.1522, 37.4026]}, "properties": {"id": "7de96402eaac", "ine": "41098", "first_utc": "2026-06-03T14:27:00Z", "last_utc": "2026-06-03T14:27:00Z", "detections": 1, "frp_max_mw": 6.3, "frp_total_mw": 6.3, "pixel_area_ha": 14.1, "status": "out", "fire_class": "likely_agricultural", "municipality": "Villanueva del Ariscal", "province": "Sevilla", "region": "Andalucía", "muni_dist_km": 0.39}}, {"type": "Feature", "geometry": {"type": "Point", "coordinates": [-6.6489, 38.8903]}, "properties": {"id": "023e20067457", "ine": "06103", "first_utc": "2026-06-10T12:36:00Z", "last_utc": "2026-06-10T12:36:00Z", "detections": 1, "frp_max_mw": 6.3, "frp_total_mw": 6.3, "pixel_area_ha": 14.1, "status": "out", "fire_class": "likely_agricultural", "municipality": "Puebla de la Calzada", "province": "Badajoz", "region": "Extremadura", "muni_dist_km": 2.16}}, {"type": "Feature", "geometry": {"type": "Point", "coordinates": [-4.1873, 38.6803]}, "properties": {"id": "6e6f445548e4", "ine": "13071", "first_utc": "2026-06-22T13:31:00Z", "last_utc": "2026-06-22T13:31:00Z", "detections": 1, "frp_max_mw": 6.3, "frp_total_mw": 6.3, "pixel_area_ha": 14.1, "status": "out", "fire_class": "likely_agricultural", "municipality": "Puertollano", "province": "Ciudad Real", "region": "Castilla-La Mancha", "muni_dist_km": 11.52}}, {"type": "Feature", "geometry": {"type": "Point", "coordinates": [-0.3103, 39.5623]}, "properties": {"id": "ad8dd3ddd9fa", "ine": "46163", "first_utc": "2026-06-26T12:19:00Z", "last_utc": "2026-06-26T12:36:00Z", "detections": 2, "frp_max_mw": 6.3, "frp_total_mw": 10.7, "pixel_area_ha": 28.1, "status": "out", "fire_class": "likely_agricultural", "municipality": "Massalfassar", "province": "València/Valencia", "region": "Comunitat Valenciana", "muni_dist_km": 0.88}}, {"type": "Feature", "geometry": {"type": "Point", "coordinates": [-4.5474, 37.8893]}, "properties": {"id": "ba379494ed30", "ine": "14018", "first_utc": "2026-07-23T20:32:00Z", "last_utc": "2026-07-23T20:32:00Z", "detections": 1, "frp_max_mw": 6.3, "frp_total_mw": 6.3, "pixel_area_ha": 14.1, "status": "out", "fire_class": "forest", "municipality": "El Carpio", "province": "Córdoba", "region": "Andalucía", "muni_dist_km": 7.03}}, {"type": "Feature", "geometry": {"type": "Point", "coordinates": [-6.8589, 40.4057]}, "properties": {"id": "7fdafdfda319", "ine": "37011", "first_utc": "2026-07-24T13:33:00Z", "last_utc": "2026-07-24T13:53:00Z", "detections": 3, "frp_max_mw": 6.3, "frp_total_mw": 12.5, "pixel_area_ha": 42.2, "status": "out", "fire_class": "likely_agricultural", "municipality": "La Alberguería de Argañán", "province": "Salamanca", "region": "Castilla y León", "muni_dist_km": 4.62}}, {"type": "Feature", "geometry": {"type": "Point", "coordinates": [-0.8159, 41.1514]}, "properties": {"id": "d301b8a2914f", "ine": "50171", "first_utc": "2026-07-27T12:02:00Z", "last_utc": "2026-07-27T12:02:00Z", "detections": 1, "frp_max_mw": 6.3, "frp_total_mw": 6.3, "pixel_area_ha": 14.1, "status": "dying_down", "fire_class": "likely_agricultural", "municipality": "Moneva", "province": "Zaragoza", "region": "Aragón", "muni_dist_km": 1.36}}, {"type": "Feature", "geometry": {"type": "Point", "coordinates": [-2.3596, 36.8876]}, "properties": {"id": "72716d2ea3c3", "ine": "04013", "first_utc": "2026-06-02T12:32:00Z", "last_utc": "2026-06-02T12:32:00Z", "detections": 1, "frp_max_mw": 6.2, "frp_total_mw": 6.2, "pixel_area_ha": 14.1, "status": "out", "fire_class": "likely_agricultural", "municipality": "Almería", "province": "Almería", "region": "Andalucía", "muni_dist_km": 2.03}}, {"type": "Feature", "geometry": {"type": "Point", "coordinates": [-2.7319, 42.8336]}, "properties": {"id": "9063352bea09", "ine": "01059", "first_utc": "2026-06-03T09:41:00Z", "last_utc": "2026-06-03T09:41:00Z", "detections": 1, "frp_max_mw": 6.2, "frp_total_mw": 6.2, "pixel_area_ha": 14.1, "status": "out", "fire_class": "likely_agricultural", "municipality": "Vitoria-Gasteiz", "province": "Araba/Álava", "region": "País Vasco", "muni_dist_km": 4.05}}, {"type": "Feature", "geometry": {"type": "Point", "coordinates": [0.6952, 41.6501]}, "properties": {"id": "78f381d43d69", "ine": "25012", "first_utc": "2026-06-23T20:42:00Z", "last_utc": "2026-06-23T20:42:00Z", "detections": 1, "frp_max_mw": 6.2, "frp_total_mw": 6.2, "pixel_area_ha": 14.1, "status": "out", "fire_class": "urban", "municipality": "Alcoletge", "province": "Lleida", "region": "Cataluña", "muni_dist_km": 0.41}}, {"type": "Feature", "geometry": {"type": "Point", "coordinates": [-5.8156, 43.1793]}, "properties": {"id": "449a31260dfa", "ine": "33058", "first_utc": "2026-06-26T09:54:00Z", "last_utc": "2026-06-26T09:54:00Z", "detections": 1, "frp_max_mw": 6.2, "frp_total_mw": 6.2, "pixel_area_ha": 14.1, "status": "out", "fire_class": "likely_agricultural", "municipality": "Riosa", "province": "Asturias", "region": "Principado de Asturias", "muni_dist_km": 7.29}}, {"type": "Feature", "geometry": {"type": "Point", "coordinates": [-2.9529, 43.1454]}, "properties": {"id": "d05b1e877225", "ine": "48005", "first_utc": "2026-07-07T13:18:00Z", "last_utc": "2026-07-07T13:18:00Z", "detections": 1, "frp_max_mw": 6.2, "frp_total_mw": 6.2, "pixel_area_ha": 14.1, "status": "out", "fire_class": "likely_agricultural", "municipality": "Arakaldo", "province": "Bizkaia", "region": "País Vasco", "muni_dist_km": 2.05}}, {"type": "Feature", "geometry": {"type": "Point", "coordinates": [-5.6253, 42.6251]}, "properties": {"id": "734328bc264b", "ine": "24163", "first_utc": "2026-07-07T13:53:00Z", "last_utc": "2026-07-07T13:53:00Z", "detections": 1, "frp_max_mw": 6.2, "frp_total_mw": 6.2, "pixel_area_ha": 14.1, "status": "out", "fire_class": "forest", "official_area_ha": 3.4, "perimeter_id": "562524", "municipality": "Sariegos", "province": "León", "region": "Castilla y León", "muni_dist_km": 3.72}}, {"type": "Feature", "geometry": {"type": "Point", "coordinates": [-5.3435, 36.1961]}, "properties": {"id": "fd7ed3cc30a8", "ine": "11022", "first_utc": "2026-07-14T13:38:00Z", "last_utc": "2026-07-14T13:38:00Z", "detections": 1, "frp_max_mw": 6.2, "frp_total_mw": 6.2, "pixel_area_ha": 14.1, "status": "out", "fire_class": "likely_agricultural", "municipality": "La Línea de la Concepción", "province": "Cádiz", "region": "Andalucía", "muni_dist_km": 0.66}}, {"type": "Feature", "geometry": {"type": "Point", "coordinates": [-6.118, 42.6531]}, "properties": {"id": "05f9cc1def07", "ine": "24210", "first_utc": "2026-07-23T20:34:00Z", "last_utc": "2026-07-23T20:34:00Z", "detections": 1, "frp_max_mw": 6.2, "frp_total_mw": 6.2, "pixel_area_ha": 14.1, "status": "out", "fire_class": "forest", "official_area_ha": 0.01, "municipality": "Villagatón", "province": "León", "region": "Castilla y León", "muni_dist_km": 5.26}}, {"type": "Feature", "geometry": {"type": "Point", "coordinates": [-4.5333, 43.2403]}, "properties": {"id": "2ec42656baa9", "ine": "39034", "first_utc": "2026-06-03T01:24:00Z", "last_utc": "2026-06-03T03:04:00Z", "detections": 6, "frp_max_mw": 6.1, "frp_total_mw": 21.1, "pixel_area_ha": 42.2, "status": "out", "fire_class": "forest", "municipality": "Lamasón", "province": "Cantabria", "region": "Cantabria", "muni_dist_km": 3.18}}, {"type": "Feature", "geometry": {"type": "Point", "coordinates": [-1.8921, 39.3543]}, "properties": {"id": "89a830152060", "ine": "16175", "first_utc": "2026-06-03T12:14:00Z", "last_utc": "2026-06-03T12:14:00Z", "detections": 1, "frp_max_mw": 6.1, "frp_total_mw": 6.1, "pixel_area_ha": 14.1, "status": "out", "fire_class": "likely_agricultural", "municipality": "Quintanar del Rey", "province": "Cuenca", "region": "Castilla-La Mancha", "muni_dist_km": 4.57}}, {"type": "Feature", "geometry": {"type": "Point", "coordinates": [-0.6729, 38.7208]}, "properties": {"id": "0b9e83fc5885", "ine": "03021", "first_utc": "2026-06-15T09:20:00Z", "last_utc": "2026-06-15T09:20:00Z", "detections": 1, "frp_max_mw": 6.1, "frp_total_mw": 6.1, "pixel_area_ha": 14.1, "status": "out", "fire_class": "likely_agricultural", "municipality": "Banyeres de Mariola", "province": "Alacant/Alicante", "region": "Comunitat Valenciana", "muni_dist_km": 1.76}}, {"type": "Feature", "geometry": {"type": "Point", "coordinates": [1.0774, 42.6807]}, "properties": {"id": "f89b27240936", "ine": "25024", "first_utc": "2026-06-24T12:19:00Z", "last_utc": "2026-06-24T12:19:00Z", "detections": 1, "frp_max_mw": 6.1, "frp_total_mw": 6.1, "pixel_area_ha": 14.1, "status": "out", "fire_class": "forest", "municipality": "Alt Àneu", "province": "Lleida", "region": "Cataluña", "muni_dist_km": 1.39}}, {"type": "Feature", "geometry": {"type": "Point", "coordinates": [-7.3125, 42.9084]}, "properties": {"id": "016657f72563", "ine": "27901", "first_utc": "2026-07-01T20:59:00Z", "last_utc": "2026-07-01T20:59:00Z", "detections": 1, "frp_max_mw": 6.1, "frp_total_mw": 6.1, "pixel_area_ha": 14.1, "status": "out", "fire_class": "forest", "municipality": "Baralla", "province": "Lugo", "region": "Galicia", "muni_dist_km": 4.89}}, {"type": "Feature", "geometry": {"type": "Point", "coordinates": [0.015, 41.5005]}, "properties": {"id": "5bf2ec6eb4c9", "ine": "22077", "first_utc": "2026-07-14T13:40:00Z", "last_utc": "2026-07-14T13:40:00Z", "detections": 2, "frp_max_mw": 6.1, "frp_total_mw": 11.4, "pixel_area_ha": 14.1, "status": "out", "fire_class": "likely_agricultural", "municipality": "Candasnos", "province": "Huesca", "region": "Aragón", "muni_dist_km": 4.61}}, {"type": "Feature", "geometry": {"type": "Point", "coordinates": [-5.5339, 39.0211]}, "properties": {"id": "f8bc163f7e59", "ine": "06097", "first_utc": "2026-07-17T12:23:00Z", "last_utc": "2026-07-17T12:23:00Z", "detections": 2, "frp_max_mw": 6.1, "frp_total_mw": 12.2, "pixel_area_ha": 28.1, "status": "out", "fire_class": "likely_agricultural", "municipality": "Orellana la Vieja", "province": "Badajoz", "region": "Extremadura", "muni_dist_km": 1.34}}, {"type": "Feature", "geometry": {"type": "Point", "coordinates": [-2.4707, 42.3504]}, "properties": {"id": "fcee28f23869", "ine": "26005", "first_utc": "2026-07-23T12:12:00Z", "last_utc": "2026-07-23T12:32:00Z", "detections": 3, "frp_max_mw": 6.1, "frp_total_mw": 14.2, "pixel_area_ha": 42.2, "status": "out", "fire_class": "likely_agricultural", "municipality": "Albelda de Iregua", "province": "La Rioja", "region": "La Rioja", "muni_dist_km": 1.64}}, {"type": "Feature", "geometry": {"type": "Point", "coordinates": [0.1807, 41.9243]}, "properties": {"id": "af29f09db051", "ine": "22158", "first_utc": "2026-07-27T13:42:00Z", "last_utc": "2026-07-27T13:42:00Z", "detections": 1, "frp_max_mw": 6.1, "frp_total_mw": 6.1, "pixel_area_ha": 14.1, "status": "dying_down", "fire_class": "likely_agricultural", "municipality": "Monzón", "province": "Huesca", "region": "Aragón", "muni_dist_km": 2.94}}, {"type": "Feature", "geometry": {"type": "Point", "coordinates": [-3.3118, 39.2904]}, "properties": {"id": "801f808f841f", "ine": "13005", "first_utc": "2026-06-11T12:17:00Z", "last_utc": "2026-06-11T12:17:00Z", "detections": 1, "frp_max_mw": 6.0, "frp_total_mw": 6.0, "pixel_area_ha": 14.1, "status": "out", "fire_class": "likely_agricultural", "municipality": "Alcázar de San Juan", "province": "Ciudad Real", "region": "Castilla-La Mancha", "muni_dist_km": 6.27}}, {"type": "Feature", "geometry": {"type": "Point", "coordinates": [0.1818, 41.9221]}, "properties": {"id": "5d30df7d2258", "ine": "22158", "first_utc": "2026-06-18T13:25:00Z", "last_utc": "2026-06-19T02:30:00Z", "detections": 2, "frp_max_mw": 6.0, "frp_total_mw": 7.5, "pixel_area_ha": 28.1, "status": "out", "fire_class": "forest", "municipality": "Monzón", "province": "Huesca", "region": "Aragón", "muni_dist_km": 2.74}}, {"type": "Feature", "geometry": {"type": "Point", "coordinates": [-16.545, 28.3944]}, "properties": {"id": "783d3c24259d", "ine": "38028", "first_utc": "2026-06-20T13:31:00Z", "last_utc": "2026-06-20T13:31:00Z", "detections": 1, "frp_max_mw": 6.0, "frp_total_mw": 6.0, "pixel_area_ha": 14.1, "status": "out", "fire_class": "likely_agricultural", "municipality": "Puerto de la Cruz", "province": "Santa Cruz de Tenerife", "region": "Canarias", "muni_dist_km": 1.47}}, {"type": "Feature", "geometry": {"type": "Point", "coordinates": [-4.5529, 39.8864]}, "properties": {"id": "a9b2e1dc57a6", "ine": "45089", "first_utc": "2026-06-21T12:12:00Z", "last_utc": "2026-06-21T13:53:00Z", "detections": 6, "frp_max_mw": 6.0, "frp_total_mw": 22.5, "pixel_area_ha": 70.3, "status": "out", "fire_class": "likely_agricultural", "municipality": "Malpica de Tajo", "province": "Toledo", "region": "Castilla-La Mancha", "muni_dist_km": 2.2}}, {"type": "Feature", "geometry": {"type": "Point", "coordinates": [-0.9726, 41.6866]}, "properties": {"id": "036c23703eaa", "ine": "50297", "first_utc": "2026-06-27T13:04:00Z", "last_utc": "2026-06-27T13:04:00Z", "detections": 1, "frp_max_mw": 6.0, "frp_total_mw": 6.0, "pixel_area_ha": 14.1, "status": "out", "fire_class": "likely_agricultural", "municipality": "Zaragoza", "province": "Zaragoza", "region": "Aragón", "muni_dist_km": 3.8}}, {"type": "Feature", "geometry": {"type": "Point", "coordinates": [-4.6598, 37.5195]}, "properties": {"id": "eff8cdc2abd0", "ine": "14042", "first_utc": "2026-06-27T13:57:00Z", "last_utc": "2026-06-27T13:57:00Z", "detections": 1, "frp_max_mw": 6.0, "frp_total_mw": 6.0, "pixel_area_ha": 14.1, "status": "out", "fire_class": "likely_agricultural", "municipality": "Montilla", "province": "Córdoba", "region": "Andalucía", "muni_dist_km": 6.14}}, {"type": "Feature", "geometry": {"type": "Point", "coordinates": [-0.0107, 40.1628]}, "properties": {"id": "1bd50f18e544", "ine": "12124", "first_utc": "2026-06-28T14:46:00Z", "last_utc": "2026-06-28T14:46:00Z", "detections": 1, "frp_max_mw": 6.0, "frp_total_mw": 6.0, "pixel_area_ha": 14.1, "status": "out", "fire_class": "likely_agricultural", "municipality": "Vall d'Alba", "province": "Castelló/Castellón", "region": "Comunitat Valenciana", "muni_dist_km": 2.67}}, {"type": "Feature", "geometry": {"type": "Point", "coordinates": [-0.9121, 37.7009]}, "properties": {"id": "e01cda64f033", "ine": "30902", "first_utc": "2026-06-30T20:19:00Z", "last_utc": "2026-07-01T02:41:00Z", "detections": 3, "frp_max_mw": 6.0, "frp_total_mw": 12.4, "pixel_area_ha": 42.2, "status": "out", "fire_class": "forest", "municipality": "Los Alcázares", "province": "Murcia", "region": "Región de Murcia", "muni_dist_km": 5.83}}, {"type": "Feature", "geometry": {"type": "Point", "coordinates": [-3.6398, 38.2838]}, "properties": {"id": "e23ee8f27420", "ine": "23024", "first_utc": "2026-07-01T12:23:00Z", "last_utc": "2026-07-01T12:42:00Z", "detections": 4, "frp_max_mw": 6.0, "frp_total_mw": 19.2, "pixel_area_ha": 42.2, "status": "out", "fire_class": "forest", "official_area_ha": 5.0, "perimeter_id": "555529", "municipality": "La Carolina", "province": "Jaén", "region": "Andalucía", "muni_dist_km": 3.16}}, {"type": "Feature", "geometry": {"type": "Point", "coordinates": [-5.0121, 37.7726]}, "properties": {"id": "31cae23fbffb", "ine": "14033", "first_utc": "2026-07-03T01:30:00Z", "last_utc": "2026-07-03T12:51:00Z", "detections": 5, "frp_max_mw": 6.0, "frp_total_mw": 15.3, "pixel_area_ha": 42.2, "status": "out", "fire_class": "forest", "municipality": "Guadalcázar", "province": "Córdoba", "region": "Andalucía", "muni_dist_km": 4.08}}, {"type": "Feature", "geometry": {"type": "Point", "coordinates": [-8.623, 43.2994]}, "properties": {"id": "60588ee3f2e7", "ine": "15005", "first_utc": "2026-07-07T14:12:00Z", "last_utc": "2026-07-07T14:12:00Z", "detections": 1, "frp_max_mw": 6.0, "frp_total_mw": 6.0, "pixel_area_ha": 14.1, "status": "out", "fire_class": "forest", "official_area_ha": 169.0, "perimeter_id": "306038", "municipality": "Arteixo", "province": "A Coruña", "region": "Galicia", "muni_dist_km": 9.25}}, {"type": "Feature", "geometry": {"type": "Point", "coordinates": [-3.4765, 41.1609]}, "properties": {"id": "42f1da067556", "ine": "19067", "first_utc": "2026-07-08T12:57:00Z", "last_utc": "2026-07-08T12:57:00Z", "detections": 1, "frp_max_mw": 6.0, "frp_total_mw": 6.0, "pixel_area_ha": 14.1, "status": "out", "fire_class": "likely_agricultural", "municipality": "El Cardoso de la Sierra", "province": "Guadalajara", "region": "Castilla-La Mancha", "muni_dist_km": 5.55}}, {"type": "Feature", "geometry": {"type": "Point", "coordinates": [-6.7834, 38.6081]}, "properties": {"id": "ab508b2e07f1", "ine": "06092", "first_utc": "2026-07-24T12:57:00Z", "last_utc": "2026-07-24T13:33:00Z", "detections": 2, "frp_max_mw": 6.0, "frp_total_mw": 11.5, "pixel_area_ha": 14.1, "status": "out", "fire_class": "likely_agricultural", "municipality": "Nogales", "province": "Badajoz", "region": "Extremadura", "muni_dist_km": 3.98}}, {"type": "Feature", "geometry": {"type": "Point", "coordinates": [-5.8011, 39.0047]}, "properties": {"id": "7554736ac901", "ine": "06111", "first_utc": "2026-06-01T12:53:00Z", "last_utc": "2026-06-01T13:44:00Z", "detections": 2, "frp_max_mw": 5.9, "frp_total_mw": 11.1, "pixel_area_ha": 28.1, "status": "out", "fire_class": "likely_agricultural", "municipality": "Rena", "province": "Badajoz", "region": "Extremadura", "muni_dist_km": 5.12}}, {"type": "Feature", "geometry": {"type": "Point", "coordinates": [-3.5686, 40.4923]}, "properties": {"id": "143497bcde53", "ine": "28104", "first_utc": "2026-06-08T12:19:00Z", "last_utc": "2026-06-08T12:19:00Z", "detections": 2, "frp_max_mw": 5.9, "frp_total_mw": 11.2, "pixel_area_ha": 28.1, "status": "out", "fire_class": "likely_agricultural", "municipality": "Paracuellos de Jarama", "province": "Madrid", "region": "Comunidad de Madrid", "muni_dist_km": 4.44}}, {"type": "Feature", "geometry": {"type": "Point", "coordinates": [-3.9801, 41.02]}, "properties": {"id": "b19f3ea7673e", "ine": "40026", "first_utc": "2026-06-13T12:25:00Z", "last_utc": "2026-06-13T12:25:00Z", "detections": 3, "frp_max_mw": 5.9, "frp_total_mw": 17.7, "pixel_area_ha": 42.2, "status": "out", "fire_class": "forest", "official_area_ha": 11.24, "municipality": "Basardilla", "province": "Segovia", "region": "Castilla y León", "muni_dist_km": 1.65}}, {"type": "Feature", "geometry": {"type": "Point", "coordinates": [-0.5557, 39.0929]}, "properties": {"id": "ded6ae7d7f80", "ine": "46130", "first_utc": "2026-06-16T14:03:00Z", "last_utc": "2026-06-16T14:03:00Z", "detections": 4, "frp_max_mw": 5.9, "frp_total_mw": 20.4, "pixel_area_ha": 56.2, "status": "out", "fire_class": "likely_agricultural", "municipality": "Gavarda", "province": "València/Valencia", "region": "Comunitat Valenciana", "muni_dist_km": 0.07}}, {"type": "Feature", "geometry": {"type": "Point", "coordinates": [-5.537, 40.0815]}, "properties": {"id": "eb7160751959", "ine": "10157", "first_utc": "2026-06-18T12:32:00Z", "last_utc": "2026-06-18T12:32:00Z", "detections": 2, "frp_max_mw": 5.9, "frp_total_mw": 9.5, "pixel_area_ha": 14.1, "status": "out", "fire_class": "likely_agricultural", "municipality": "Robledillo de la Vera", "province": "Cáceres", "region": "Extremadura", "muni_dist_km": 3.64}}, {"type": "Feature", "geometry": {"type": "Point", "coordinates": [-5.5327, 39.0188]}, "properties": {"id": "693d80d046f0", "ine": "06097", "first_utc": "2026-06-25T12:36:00Z", "last_utc": "2026-06-25T12:36:00Z", "detections": 1, "frp_max_mw": 5.9, "frp_total_mw": 5.9, "pixel_area_ha": 14.1, "status": "out", "fire_class": "likely_agricultural", "municipality": "Orellana la Vieja", "province": "Badajoz", "region": "Extremadura", "muni_dist_km": 1.7}}, {"type": "Feature", "geometry": {"type": "Point", "coordinates": [-3.6149, 40.4684]}, "properties": {"id": "a322f2aba804", "ine": "28079", "first_utc": "2026-06-30T14:25:00Z", "last_utc": "2026-07-01T14:03:00Z", "detections": 2, "frp_max_mw": 5.9, "frp_total_mw": 8.3, "pixel_area_ha": 14.1, "status": "out", "fire_class": "likely_agricultural", "municipality": "Madrid", "province": "Madrid", "region": "Comunidad de Madrid", "muni_dist_km": 6.81}}, {"type": "Feature", "geometry": {"type": "Point", "coordinates": [-2.6443, 36.7959]}, "properties": {"id": "231964afc383", "ine": "04102", "first_utc": "2026-07-04T12:32:00Z", "last_utc": "2026-07-04T12:32:00Z", "detections": 2, "frp_max_mw": 5.9, "frp_total_mw": 10.0, "pixel_area_ha": 28.1, "status": "out", "fire_class": "likely_agricultural", "municipality": "Vícar", "province": "Almería", "region": "Andalucía", "muni_dist_km": 2.34}}, {"type": "Feature", "geometry": {"type": "Point", "coordinates": [-4.852, 40.4211]}, "properties": {"id": "9ece55d03dae", "ine": "05169", "first_utc": "2026-07-25T13:14:00Z", "last_utc": "2026-07-25T13:33:00Z", "detections": 2, "frp_max_mw": 5.9, "frp_total_mw": 11.3, "pixel_area_ha": 28.1, "status": "out", "fire_class": "forest", "municipality": "Navatalgordo", "province": "Ávila", "region": "Castilla y León", "muni_dist_km": 1.23}}, {"type": "Feature", "geometry": {"type": "Point", "coordinates": [-3.1872, 40.6607]}, "properties": {"id": "cae80657eed7", "ine": "19130", "first_utc": "2026-06-03T20:44:00Z", "last_utc": "2026-06-04T12:29:00Z", "detections": 15, "frp_max_mw": 5.8, "frp_total_mw": 48.0, "pixel_area_ha": 56.2, "status": "out", "fire_class": "forest", "municipality": "Guadalajara", "province": "Guadalajara", "region": "Castilla-La Mancha", "muni_dist_km": 2.23}}, {"type": "Feature", "geometry": {"type": "Point", "coordinates": [-0.3667, 39.6099]}, "properties": {"id": "0cfbc179e241", "ine": "46207", "first_utc": "2026-06-15T11:47:00Z", "last_utc": "2026-06-15T12:42:00Z", "detections": 4, "frp_max_mw": 5.8, "frp_total_mw": 12.6, "pixel_area_ha": 42.2, "status": "out", "fire_class": "likely_agricultural", "municipality": "Rafelbunyol", "province": "València/Valencia", "region": "Comunitat Valenciana", "muni_dist_km": 2.01}}, {"type": "Feature", "geometry": {"type": "Point", "coordinates": [-2.6881, 36.7596]}, "properties": {"id": "84bcd52a2b9f", "ine": "04903", "first_utc": "2026-06-21T01:07:00Z", "last_utc": "2026-06-21T02:47:00Z", "detections": 5, "frp_max_mw": 5.8, "frp_total_mw": 16.3, "pixel_area_ha": 42.2, "status": "out", "fire_class": "forest", "municipality": "La Mojonera", "province": "Almería", "region": "Andalucía", "muni_dist_km": 1.58}}, {"type": "Feature", "geometry": {"type": "Point", "coordinates": [-5.6602, 37.4556]}, "properties": {"id": "8147370ef903", "ine": "41024", "first_utc": "2026-06-22T13:50:00Z", "last_utc": "2026-06-22T13:50:00Z", "detections": 1, "frp_max_mw": 5.8, "frp_total_mw": 5.8, "pixel_area_ha": 14.1, "status": "out", "fire_class": "likely_agricultural", "municipality": "Carmona", "province": "Sevilla", "region": "Andalucía", "muni_dist_km": 2.56}}, {"type": "Feature", "geometry": {"type": "Point", "coordinates": [-4.2409, 42.7838]}, "properties": {"id": "657b933639bd", "ine": "34004", "first_utc": "2026-06-27T13:04:00Z", "last_utc": "2026-06-27T13:04:00Z", "detections": 1, "frp_max_mw": 5.8, "frp_total_mw": 5.8, "pixel_area_ha": 14.1, "status": "out", "fire_class": "forest", "official_area_ha": 0.03, "municipality": "Aguilar de Campoo", "province": "Palencia", "region": "Castilla y León", "muni_dist_km": 3.49}}, {"type": "Feature", "geometry": {"type": "Point", "coordinates": [-0.0245, 40.1603]}, "properties": {"id": "e7d598c905ca", "ine": "12124", "first_utc": "2026-06-28T14:46:00Z", "last_utc": "2026-06-28T14:46:00Z", "detections": 1, "frp_max_mw": 5.8, "frp_total_mw": 5.8, "pixel_area_ha": 14.1, "status": "out", "fire_class": "likely_agricultural", "municipality": "Vall d'Alba", "province": "Castelló/Castellón", "region": "Comunitat Valenciana", "muni_dist_km": 2.46}}, {"type": "Feature", "geometry": {"type": "Point", "coordinates": [-6.5545, 38.7749]}, "properties": {"id": "5d60f65eac47", "ine": "06126", "first_utc": "2026-07-27T12:38:00Z", "last_utc": "2026-07-27T12:38:00Z", "detections": 1, "frp_max_mw": 5.8, "frp_total_mw": 5.8, "pixel_area_ha": 14.1, "status": "dying_down", "fire_class": "likely_agricultural", "municipality": "Solana de los Barros", "province": "Badajoz", "region": "Extremadura", "muni_dist_km": 4.66}}, {"type": "Feature", "geometry": {"type": "Point", "coordinates": [-3.4745, 40.2449]}, "properties": {"id": "c2ef2aadd716", "ine": "28091", "first_utc": "2026-07-10T12:19:00Z", "last_utc": "2026-07-28T02:56:00Z", "detections": 97, "frp_max_mw": 5.8, "frp_total_mw": 235.3, "pixel_area_ha": 126.5, "status": "active", "fire_class": "forest", "municipality": "Morata de Tajuña", "province": "Madrid", "region": "Comunidad de Madrid", "muni_dist_km": 1.38}}, {"type": "Feature", "geometry": {"type": "Point", "coordinates": [-6.4073, 38.7436]}, "properties": {"id": "7ba00763a9bf", "ine": "06011", "first_utc": "2026-06-13T14:05:00Z", "last_utc": "2026-06-13T14:05:00Z", "detections": 1, "frp_max_mw": 5.7, "frp_total_mw": 5.7, "pixel_area_ha": 14.1, "status": "out", "fire_class": "likely_agricultural", "municipality": "Almendralejo", "province": "Badajoz", "region": "Extremadura", "muni_dist_km": 3.92}}, {"type": "Feature", "geometry": {"type": "Point", "coordinates": [-6.1166, 37.5394]}, "properties": {"id": "cbd0bbe722a7", "ine": "41045", "first_utc": "2026-06-13T12:59:00Z", "last_utc": "2026-06-14T12:59:00Z", "detections": 2, "frp_max_mw": 5.7, "frp_total_mw": 7.9, "pixel_area_ha": 28.1, "status": "out", "fire_class": "likely_agricultural", "municipality": "Gerena", "province": "Sevilla", "region": "Andalucía", "muni_dist_km": 4.5}}, {"type": "Feature", "geometry": {"type": "Point", "coordinates": [-4.182, 40.0414]}, "properties": {"id": "c0bc690e0f77", "ine": "45066", "first_utc": "2026-06-18T01:09:00Z", "last_utc": "2026-06-18T02:49:00Z", "detections": 17, "frp_max_mw": 5.7, "frp_total_mw": 49.1, "pixel_area_ha": 140.6, "status": "out", "fire_class": "forest", "municipality": "Fuensalida", "province": "Toledo", "region": "Castilla-La Mancha", "muni_dist_km": 2.38}}, {"type": "Feature", "geometry": {"type": "Point", "coordinates": [-3.4922, 37.2164]}, "properties": {"id": "3253b1dcb5b0", "ine": "18024", "first_utc": "2026-07-05T12:49:00Z", "last_utc": "2026-07-05T13:55:00Z", "detections": 3, "frp_max_mw": 5.7, "frp_total_mw": 13.6, "pixel_area_ha": 42.2, "status": "out", "fire_class": "likely_agricultural", "municipality": "Beas de Granada", "province": "Granada", "region": "Andalucía", "muni_dist_km": 2.98}}, {"type": "Feature", "geometry": {"type": "Point", "coordinates": [0.1787, 41.924]}, "properties": {"id": "bc46ee306af6", "ine": "22158", "first_utc": "2026-07-11T13:42:00Z", "last_utc": "2026-07-11T13:42:00Z", "detections": 2, "frp_max_mw": 5.7, "frp_total_mw": 9.2, "pixel_area_ha": 28.1, "status": "out", "fire_class": "likely_agricultural", "municipality": "Monzón", "province": "Huesca", "region": "Aragón", "muni_dist_km": 2.7}}, {"type": "Feature", "geometry": {"type": "Point", "coordinates": [-4.5646, 40.8737]}, "properties": {"id": "0837cf3dbfe1", "ine": "05204", "first_utc": "2026-07-12T12:38:00Z", "last_utc": "2026-07-12T13:23:00Z", "detections": 2, "frp_max_mw": 5.7, "frp_total_mw": 7.7, "pixel_area_ha": 14.1, "status": "out", "fire_class": "forest", "official_area_ha": 8.2, "perimeter_id": "562654", "municipality": "Sanchidrián", "province": "Ávila", "region": "Castilla y León", "muni_dist_km": 2.72}}, {"type": "Feature", "geometry": {"type": "Point", "coordinates": [-4.3993, 42.014]}, "properties": {"id": "1b634997a1dd", "ine": "34221", "first_utc": "2026-07-13T12:17:00Z", "last_utc": "2026-07-13T12:17:00Z", "detections": 2, "frp_max_mw": 5.7, "frp_total_mw": 10.3, "pixel_area_ha": 28.1, "status": "out", "fire_class": "forest", "official_area_ha": 17.62, "municipality": "Villamediana", "province": "Palencia", "region": "Castilla y León", "muni_dist_km": 3.42}}, {"type": "Feature", "geometry": {"type": "Point", "coordinates": [-5.0172, 42.3674]}, "properties": {"id": "b40d2c3772ee", "ine": "24139", "first_utc": "2026-07-16T01:39:00Z", "last_utc": "2026-07-16T02:24:00Z", "detections": 2, "frp_max_mw": 5.7, "frp_total_mw": 6.6, "pixel_area_ha": 28.1, "status": "out", "fire_class": "forest", "official_area_ha": 51.33, "municipality": "Sahagún", "province": "León", "region": "Castilla y León", "muni_dist_km": 0.92}}, {"type": "Feature", "geometry": {"type": "Point", "coordinates": [-6.8949, 37.1812]}, "properties": {"id": "5fe5a82d8d3e", "ine": "21055", "first_utc": "2026-07-26T14:35:00Z", "last_utc": "2026-07-26T14:35:00Z", "detections": 1, "frp_max_mw": 5.7, "frp_total_mw": 5.7, "pixel_area_ha": 14.1, "status": "out", "fire_class": "likely_agricultural", "municipality": "Palos de la Frontera", "province": "Huelva", "region": "Andalucía", "muni_dist_km": 1.43}}, {"type": "Feature", "geometry": {"type": "Point", "coordinates": [-3.5901, 40.4918]}, "properties": {"id": "a24464f41e7b", "ine": "28006", "first_utc": "2026-06-15T12:23:00Z", "last_utc": "2026-06-15T12:23:00Z", "detections": 2, "frp_max_mw": 5.6, "frp_total_mw": 9.7, "pixel_area_ha": 28.1, "status": "out", "fire_class": "likely_agricultural", "municipality": "Alcobendas", "province": "Madrid", "region": "Comunidad de Madrid", "muni_dist_km": 5.77}}, {"type": "Feature", "geometry": {"type": "Point", "coordinates": [-3.7667, 42.3606]}, "properties": {"id": "22735b643cc7", "ine": "09439", "first_utc": "2026-06-26T13:23:00Z", "last_utc": "2026-06-26T13:23:00Z", "detections": 1, "frp_max_mw": 5.6, "frp_total_mw": 5.6, "pixel_area_ha": 14.1, "status": "out", "fire_class": "forest", "official_area_ha": 0.21, "municipality": "Villalbilla de Burgos", "province": "Burgos", "region": "Castilla y León", "muni_dist_km": 3.49}}, {"type": "Feature", "geometry": {"type": "Point", "coordinates": [-3.3562, 39.0587]}, "properties": {"id": "f291a23b76b1", "ine": "13053", "first_utc": "2026-07-10T12:19:00Z", "last_utc": "2026-07-10T12:19:00Z", "detections": 2, "frp_max_mw": 5.6, "frp_total_mw": 11.0, "pixel_area_ha": 14.1, "status": "out", "fire_class": "likely_agricultural", "municipality": "Manzanares", "province": "Ciudad Real", "region": "Castilla-La Mancha", "muni_dist_km": 3.87}}, {"type": "Feature", "geometry": {"type": "Point", "coordinates": [-7.1517, 39.3801]}, "properties": {"id": "6cfed74089b5", "ine": "10203", "first_utc": "2026-07-11T12:55:00Z", "last_utc": "2026-07-11T12:55:00Z", "detections": 2, "frp_max_mw": 5.6, "frp_total_mw": 11.1, "pixel_area_ha": 28.1, "status": "out", "fire_class": "agricultural", "official_area_ha": 10.0, "perimeter_id": "561421", "municipality": "Valencia de Alcántara", "province": "Cáceres", "region": "Extremadura", "muni_dist_km": 8.5}}, {"type": "Feature", "geometry": {"type": "Point", "coordinates": [-2.3597, 42.4985]}, "properties": {"id": "3d6396045e9a", "ine": "31251", "first_utc": "2026-07-12T01:13:00Z", "last_utc": "2026-07-12T12:38:00Z", "detections": 7, "frp_max_mw": 5.6, "frp_total_mw": 21.6, "pixel_area_ha": 70.3, "status": "out", "fire_class": "forest", "municipality": "Viana", "province": "Navarra", "region": "Comunidad Foral de Navarra", "muni_dist_km": 0.45}}, {"type": "Feature", "geometry": {"type": "Point", "coordinates": [-3.8119, 40.3366]}, "properties": {"id": "d91daaa3fbcc", "ine": "28007", "first_utc": "2026-07-19T13:25:00Z", "last_utc": "2026-07-19T13:25:00Z", "detections": 1, "frp_max_mw": 5.6, "frp_total_mw": 5.6, "pixel_area_ha": 14.1, "status": "out", "fire_class": "likely_agricultural", "municipality": "Alcorcón", "province": "Madrid", "region": "Comunidad de Madrid", "muni_dist_km": 3.24}}, {"type": "Feature", "geometry": {"type": "Point", "coordinates": [-0.3432, 38.9203]}, "properties": {"id": "adcd4da6dc0c", "ine": "46057", "first_utc": "2026-07-21T12:14:00Z", "last_utc": "2026-07-21T13:08:00Z", "detections": 2, "frp_max_mw": 5.6, "frp_total_mw": 7.1, "pixel_area_ha": 14.1, "status": "out", "fire_class": "likely_agricultural", "municipality": "Benicolet", "province": "València/Valencia", "region": "Comunitat Valenciana", "muni_dist_km": 1.05}}, {"type": "Feature", "geometry": {"type": "Point", "coordinates": [-4.5877, 37.1614]}, "properties": {"id": "d1f0a71a4fd3", "ine": "29072", "first_utc": "2026-07-26T12:19:00Z", "last_utc": "2026-07-26T12:19:00Z", "detections": 2, "frp_max_mw": 5.6, "frp_total_mw": 10.6, "pixel_area_ha": 28.1, "status": "out", "fire_class": "likely_agricultural", "municipality": "Mollina", "province": "Málaga", "region": "Andalucía", "muni_dist_km": 5.47}}, {"type": "Feature", "geometry": {"type": "Point", "coordinates": [-6.0453, 41.0219]}, "properties": {"id": "51d6c5c667d7", "ine": "37116", "first_utc": "2026-06-08T12:19:00Z", "last_utc": "2026-06-08T12:53:00Z", "detections": 2, "frp_max_mw": 5.5, "frp_total_mw": 8.5, "pixel_area_ha": 28.1, "status": "out", "fire_class": "likely_agricultural", "municipality": "Doñinos de Ledesma", "province": "Salamanca", "region": "Castilla y León", "muni_dist_km": 1.16}}, {"type": "Feature", "geometry": {"type": "Point", "coordinates": [-6.8243, 38.7006]}, "properties": {"id": "c08689d7bc80", "ine": "06005", "first_utc": "2026-06-10T12:36:00Z", "last_utc": "2026-06-10T12:36:00Z", "detections": 2, "frp_max_mw": 5.5, "frp_total_mw": 8.2, "pixel_area_ha": 28.1, "status": "out", "fire_class": "likely_agricultural", "municipality": "La Albuera", "province": "Badajoz", "region": "Extremadura", "muni_dist_km": 2.55}}, {"type": "Feature", "geometry": {"type": "Point", "coordinates": [-8.6475, 42.661]}, "properties": {"id": "d51195b0f67a", "ine": "36056", "first_utc": "2026-06-13T01:56:00Z", "last_utc": "2026-06-13T03:17:00Z", "detections": 9, "frp_max_mw": 5.5, "frp_total_mw": 16.5, "pixel_area_ha": 98.4, "status": "out", "fire_class": "forest", "official_area_ha": 13.0, "perimeter_id": "215612", "municipality": "Valga", "province": "Pontevedra", "region": "Galicia", "muni_dist_km": 2.87}}, {"type": "Feature", "geometry": {"type": "Point", "coordinates": [0.2538, 41.469]}, "properties": {"id": "76dde5f2b6f7", "ine": "22112", "first_utc": "2026-06-18T11:47:00Z", "last_utc": "2026-06-18T11:47:00Z", "detections": 1, "frp_max_mw": 5.5, "frp_total_mw": 5.5, "pixel_area_ha": 14.1, "status": "out", "fire_class": "likely_agricultural", "municipality": "Fraga", "province": "Huesca", "region": "Aragón", "muni_dist_km": 3.52}}, {"type": "Feature", "geometry": {"type": "Point", "coordinates": [-15.4171, 28.0075]}, "properties": {"id": "a0bbf1c112be", "ine": "35026", "first_utc": "2026-06-24T01:56:00Z", "last_utc": "2026-06-24T03:36:00Z", "detections": 6, "frp_max_mw": 5.5, "frp_total_mw": 15.9, "pixel_area_ha": 56.2, "status": "out", "fire_class": "forest", "municipality": "Telde", "province": "Las Palmas", "region": "Canarias", "muni_dist_km": 2.74}}, {"type": "Feature", "geometry": {"type": "Point", "coordinates": [-3.0192, 36.8642]}, "properties": {"id": "1c9bd6cc81d0", "ine": "04029", "first_utc": "2026-06-25T09:20:00Z", "last_utc": "2026-06-25T09:20:00Z", "detections": 1, "frp_max_mw": 5.5, "frp_total_mw": 5.5, "pixel_area_ha": 14.1, "status": "out", "fire_class": "likely_agricultural", "municipality": "Berja", "province": "Almería", "region": "Andalucía", "muni_dist_km": 5.0}}, {"type": "Feature", "geometry": {"type": "Point", "coordinates": [-6.751, 42.9433]}, "properties": {"id": "348c4e3d5dfb", "ine": "33028", "first_utc": "2026-06-29T15:24:00Z", "last_utc": "2026-06-29T15:24:00Z", "detections": 1, "frp_max_mw": 5.5, "frp_total_mw": 5.5, "pixel_area_ha": 14.1, "status": "out", "fire_class": "likely_agricultural", "municipality": "Ibias", "province": "Asturias", "region": "Principado de Asturias", "muni_dist_km": 8.47}}, {"type": "Feature", "geometry": {"type": "Point", "coordinates": [1.6873, 41.5354]}, "properties": {"id": "17a3bd3b6afe", "ine": "08044", "first_utc": "2026-07-05T13:08:00Z", "last_utc": "2026-07-05T13:53:00Z", "detections": 2, "frp_max_mw": 5.5, "frp_total_mw": 8.8, "pixel_area_ha": 28.1, "status": "out", "fire_class": "urban", "municipality": "Capellades", "province": "Barcelona", "region": "Cataluña", "muni_dist_km": 0.49}}, {"type": "Feature", "geometry": {"type": "Point", "coordinates": [-6.1135, 36.6114]}, "properties": {"id": "d9c63ede517d", "ine": "11028", "first_utc": "2026-07-06T12:29:00Z", "last_utc": "2026-07-06T12:29:00Z", "detections": 1, "frp_max_mw": 5.5, "frp_total_mw": 5.5, "pixel_area_ha": 14.1, "status": "out", "fire_class": "likely_agricultural", "municipality": "Puerto Real", "province": "Cádiz", "region": "Andalucía", "muni_dist_km": 9.78}}, {"type": "Feature", "geometry": {"type": "Point", "coordinates": [-3.8498, 40.4731]}, "properties": {"id": "085c797b2596", "ine": "28080", "first_utc": "2026-07-12T12:36:00Z", "last_utc": "2026-07-12T12:36:00Z", "detections": 1, "frp_max_mw": 5.5, "frp_total_mw": 5.5, "pixel_area_ha": 14.1, "status": "out", "fire_class": "likely_agricultural", "municipality": "Majadahonda", "province": "Madrid", "region": "Comunidad de Madrid", "muni_dist_km": 3.87}}, {"type": "Feature", "geometry": {"type": "Point", "coordinates": [-3.2717, 40.1777]}, "properties": {"id": "091111830059", "ine": "28180", "first_utc": "2026-07-23T13:53:00Z", "last_utc": "2026-07-23T13:53:00Z", "detections": 1, "frp_max_mw": 5.5, "frp_total_mw": 5.5, "pixel_area_ha": 14.1, "status": "out", "fire_class": "likely_agricultural", "municipality": "Villarejo de Salvanés", "province": "Madrid", "region": "Comunidad de Madrid", "muni_dist_km": 5.33}}, {"type": "Feature", "geometry": {"type": "Point", "coordinates": [-5.6956, 37.2543]}, "properties": {"id": "6b5cf8be6a0d", "ine": "41063", "first_utc": "2026-07-26T12:19:00Z", "last_utc": "2026-07-26T12:19:00Z", "detections": 2, "frp_max_mw": 5.5, "frp_total_mw": 8.3, "pixel_area_ha": 28.1, "status": "out", "fire_class": "likely_agricultural", "municipality": "Los Molares", "province": "Sevilla", "region": "Andalucía", "muni_dist_km": 10.29}}, {"type": "Feature", "geometry": {"type": "Point", "coordinates": [-4.7477, 38.7466]}, "properties": {"id": "30d301856dbd", "ine": "13011", "first_utc": "2026-07-26T12:19:00Z", "last_utc": "2026-07-26T12:19:00Z", "detections": 1, "frp_max_mw": 5.5, "frp_total_mw": 5.5, "pixel_area_ha": 14.1, "status": "out", "fire_class": "likely_agricultural", "municipality": "Almadén", "province": "Ciudad Real", "region": "Castilla-La Mancha", "muni_dist_km": 6.49}}, {"type": "Feature", "geometry": {"type": "Point", "coordinates": [-5.1142, 37.2124]}, "properties": {"id": "39b219e194a8", "ine": "41068", "first_utc": "2026-06-08T13:59:00Z", "last_utc": "2026-06-08T13:59:00Z", "detections": 1, "frp_max_mw": 5.4, "frp_total_mw": 5.4, "pixel_area_ha": 14.1, "status": "out", "fire_class": "likely_agricultural", "municipality": "Osuna", "province": "Sevilla", "region": "Andalucía", "muni_dist_km": 4.21}}, {"type": "Feature", "geometry": {"type": "Point", "coordinates": [-3.567, 40.4916]}, "properties": {"id": "1f5fdff291df", "ine": "28104", "first_utc": "2026-06-15T12:23:00Z", "last_utc": "2026-06-16T12:23:00Z", "detections": 3, "frp_max_mw": 5.4, "frp_total_mw": 15.3, "pixel_area_ha": 28.1, "status": "out", "fire_class": "likely_agricultural", "municipality": "Paracuellos de Jarama", "province": "Madrid", "region": "Comunidad de Madrid", "muni_dist_km": 4.25}}, {"type": "Feature", "geometry": {"type": "Point", "coordinates": [-7.2008, 37.265]}, "properties": {"id": "f6aae5fd99fa", "ine": "21044", "first_utc": "2026-07-05T14:27:00Z", "last_utc": "2026-07-05T14:27:00Z", "detections": 1, "frp_max_mw": 5.4, "frp_total_mw": 5.4, "pixel_area_ha": 14.1, "status": "out", "fire_class": "likely_agricultural", "municipality": "Lepe", "province": "Huelva", "region": "Andalucía", "muni_dist_km": 2.69}}, {"type": "Feature", "geometry": {"type": "Point", "coordinates": [-1.745, 37.3873]}, "properties": {"id": "014c693a5989", "ine": "04075", "first_utc": "2026-07-07T14:10:00Z", "last_utc": "2026-07-07T14:10:00Z", "detections": 1, "frp_max_mw": 5.4, "frp_total_mw": 5.4, "pixel_area_ha": 14.1, "status": "out", "fire_class": "likely_agricultural", "municipality": "Pulpí", "province": "Almería", "region": "Andalucía", "muni_dist_km": 2.02}}, {"type": "Feature", "geometry": {"type": "Point", "coordinates": [-4.2509, 39.9809]}, "properties": {"id": "b8571c147196", "ine": "45018", "first_utc": "2026-07-21T12:14:00Z", "last_utc": "2026-07-21T12:14:00Z", "detections": 2, "frp_max_mw": 5.4, "frp_total_mw": 10.8, "pixel_area_ha": 28.1, "status": "out", "fire_class": "likely_agricultural", "municipality": "Barcience", "province": "Toledo", "region": "Castilla-La Mancha", "muni_dist_km": 1.1}}, {"type": "Feature", "geometry": {"type": "Point", "coordinates": [-2.8458, 40.9447]}, "properties": {"id": "19b762b7ca3f", "ine": "19174", "first_utc": "2026-06-01T13:44:00Z", "last_utc": "2026-06-01T13:44:00Z", "detections": 1, "frp_max_mw": 5.3, "frp_total_mw": 5.3, "pixel_area_ha": 14.1, "status": "out", "fire_class": "likely_agricultural", "municipality": "Matillas", "province": "Guadalajara", "region": "Castilla-La Mancha", "muni_dist_km": 1.09}}, {"type": "Feature", "geometry": {"type": "Point", "coordinates": [-2.7782, 40.8788]}, "properties": {"id": "fbe5831ecf13", "ine": "19020", "first_utc": "2026-06-03T12:14:00Z", "last_utc": "2026-06-03T12:14:00Z", "detections": 2, "frp_max_mw": 5.3, "frp_total_mw": 10.4, "pixel_area_ha": 14.1, "status": "out", "fire_class": "likely_agricultural", "municipality": "Almadrones", "province": "Guadalajara", "region": "Castilla-La Mancha", "muni_dist_km": 2.29}}, {"type": "Feature", "geometry": {"type": "Point", "coordinates": [-15.4628, 27.7952]}, "properties": {"id": "c9ce232c6704", "ine": "35022", "first_utc": "2026-06-09T14:31:00Z", "last_utc": "2026-06-09T14:31:00Z", "detections": 2, "frp_max_mw": 5.3, "frp_total_mw": 8.7, "pixel_area_ha": 14.1, "status": "out", "fire_class": "likely_agricultural", "municipality": "Santa Lucía de Tirajana", "province": "Las Palmas", "region": "Canarias", "muni_dist_km": 8.65}}, {"type": "Feature", "geometry": {"type": "Point", "coordinates": [-5.4721, 37.5311]}, "properties": {"id": "9384bb704bbe", "ine": "41022", "first_utc": "2026-06-13T01:39:00Z", "last_utc": "2026-06-13T01:58:00Z", "detections": 8, "frp_max_mw": 5.3, "frp_total_mw": 32.9, "pixel_area_ha": 84.4, "status": "out", "fire_class": "forest", "municipality": "La Campana", "province": "Sevilla", "region": "Andalucía", "muni_dist_km": 5.97}}, {"type": "Feature", "geometry": {"type": "Point", "coordinates": [-4.8842, 37.7732]}, "properties": {"id": "23cfeb9e92b0", "ine": "14033", "first_utc": "2026-06-15T13:27:00Z", "last_utc": "2026-06-15T13:27:00Z", "detections": 1, "frp_max_mw": 5.3, "frp_total_mw": 5.3, "pixel_area_ha": 14.1, "status": "out", "fire_class": "likely_agricultural", "municipality": "Guadalcázar", "province": "Córdoba", "region": "Andalucía", "muni_dist_km": 8.15}}, {"type": "Feature", "geometry": {"type": "Point", "coordinates": [-1.5508, 38.2592]}, "properties": {"id": "5459dc1c4657", "ine": "30019", "first_utc": "2026-07-01T04:00:00Z", "last_utc": "2026-07-01T04:00:00Z", "detections": 1, "frp_max_mw": 5.3, "frp_total_mw": 5.3, "pixel_area_ha": 14.1, "status": "out", "fire_class": "forest", "municipality": "Cieza", "province": "Murcia", "region": "Región de Murcia", "muni_dist_km": 7.25}}, {"type": "Feature", "geometry": {"type": "Point", "coordinates": [-3.5897, 40.4916]}, "properties": {"id": "78c5eec8135b", "ine": "28006", "first_utc": "2026-07-01T12:23:00Z", "last_utc": "2026-07-02T12:23:00Z", "detections": 5, "frp_max_mw": 5.3, "frp_total_mw": 19.9, "pixel_area_ha": 70.3, "status": "out", "fire_class": "likely_agricultural", "municipality": "Alcobendas", "province": "Madrid", "region": "Comunidad de Madrid", "muni_dist_km": 5.52}}, {"type": "Feature", "geometry": {"type": "Point", "coordinates": [-2.5084, 42.8462]}, "properties": {"id": "dd357a3296db", "ine": "01001", "first_utc": "2026-07-02T12:23:00Z", "last_utc": "2026-07-02T12:23:00Z", "detections": 1, "frp_max_mw": 5.3, "frp_total_mw": 5.3, "pixel_area_ha": 14.1, "status": "out", "fire_class": "likely_agricultural", "municipality": "Alegría-Dulantzi", "province": "Araba/Álava", "region": "País Vasco", "muni_dist_km": 1.91}}, {"type": "Feature", "geometry": {"type": "Point", "coordinates": [-8.8365, 42.3374]}, "properties": {"id": "e8ed9e6fff48", "ine": "36004", "first_utc": "2026-07-02T13:46:00Z", "last_utc": "2026-07-02T14:03:00Z", "detections": 3, "frp_max_mw": 5.3, "frp_total_mw": 8.7, "pixel_area_ha": 42.2, "status": "out", "fire_class": "likely_agricultural", "municipality": "Bueu", "province": "Pontevedra", "region": "Galicia", "muni_dist_km": 2.82}}, {"type": "Feature", "geometry": {"type": "Point", "coordinates": [-0.4135, 39.2121]}, "properties": {"id": "0435f465d83e", "ine": "46029", "first_utc": "2026-07-18T13:10:00Z", "last_utc": "2026-07-18T13:10:00Z", "detections": 1, "frp_max_mw": 5.3, "frp_total_mw": 5.3, "pixel_area_ha": 14.1, "status": "out", "fire_class": "likely_agricultural", "municipality": "Algemesí", "province": "València/Valencia", "region": "Comunitat Valenciana", "muni_dist_km": 1.37}}, {"type": "Feature", "geometry": {"type": "Point", "coordinates": [-1.7971, 42.9025]}, "properties": {"id": "bd1ccc8f43b9", "ine": "31131", "first_utc": "2026-07-18T13:46:00Z", "last_utc": "2026-07-18T13:46:00Z", "detections": 1, "frp_max_mw": 5.3, "frp_total_mw": 5.3, "pixel_area_ha": 14.1, "status": "out", "fire_class": "likely_agricultural", "municipality": "Iza/Itza", "province": "Navarra", "region": "Comunidad Foral de Navarra", "muni_dist_km": 2.7}}, {"type": "Feature", "geometry": {"type": "Point", "coordinates": [-1.3248, 37.6662]}, "properties": {"id": "40ab9b9c2957", "ine": "30026", "first_utc": "2026-07-23T20:32:00Z", "last_utc": "2026-07-23T20:32:00Z", "detections": 1, "frp_max_mw": 5.3, "frp_total_mw": 5.3, "pixel_area_ha": 14.1, "status": "out", "fire_class": "forest", "municipality": "Mazarrón", "province": "Murcia", "region": "Región de Murcia", "muni_dist_km": 5.61}}, {"type": "Feature", "geometry": {"type": "Point", "coordinates": [-6.3425, 38.8013]}, "properties": {"id": "0602c1fb2a86", "ine": "06133", "first_utc": "2026-06-04T14:10:00Z", "last_utc": "2026-06-04T14:10:00Z", "detections": 1, "frp_max_mw": 5.2, "frp_total_mw": 5.2, "pixel_area_ha": 14.1, "status": "out", "fire_class": "likely_agricultural", "municipality": "Torremejía", "province": "Badajoz", "region": "Extremadura", "muni_dist_km": 3.11}}, {"type": "Feature", "geometry": {"type": "Point", "coordinates": [1.0123, 41.6485]}, "properties": {"id": "78a1aa89c911", "ine": "25050", "first_utc": "2026-06-10T09:20:00Z", "last_utc": "2026-06-10T09:20:00Z", "detections": 1, "frp_max_mw": 5.2, "frp_total_mw": 5.2, "pixel_area_ha": 14.1, "status": "out", "fire_class": "agricultural", "municipality": "Bellpuig", "province": "Lleida", "region": "Cataluña", "muni_dist_km": 2.13}}, {"type": "Feature", "geometry": {"type": "Point", "coordinates": [-7.8238, 43.0965]}, "properties": {"id": "bf57ad7359c4", "ine": "27020", "first_utc": "2026-06-16T13:10:00Z", "last_utc": "2026-06-16T13:10:00Z", "detections": 1, "frp_max_mw": 5.2, "frp_total_mw": 5.2, "pixel_area_ha": 14.1, "status": "out", "fire_class": "likely_agricultural", "municipality": "Friol", "province": "Lugo", "region": "Galicia", "muni_dist_km": 6.25}}, {"type": "Feature", "geometry": {"type": "Point", "coordinates": [-4.0441, 38.0455]}, "properties": {"id": "6fcefb963eea", "ine": "23007", "first_utc": "2026-06-17T13:44:00Z", "last_utc": "2026-06-17T13:44:00Z", "detections": 1, "frp_max_mw": 5.2, "frp_total_mw": 5.2, "pixel_area_ha": 14.1, "status": "out", "fire_class": "likely_agricultural", "municipality": "Arjonilla", "province": "Jaén", "region": "Andalucía", "muni_dist_km": 9.71}}, {"type": "Feature", "geometry": {"type": "Point", "coordinates": [-3.8529, 40.4751]}, "properties": {"id": "0fef0576ec63", "ine": "28080", "first_utc": "2026-06-18T12:32:00Z", "last_utc": "2026-06-18T12:32:00Z", "detections": 1, "frp_max_mw": 5.2, "frp_total_mw": 5.2, "pixel_area_ha": 14.1, "status": "out", "fire_class": "likely_agricultural", "municipality": "Majadahonda", "province": "Madrid", "region": "Comunidad de Madrid", "muni_dist_km": 3.64}}, {"type": "Feature", "geometry": {"type": "Point", "coordinates": [-1.0832, 37.9768]}, "properties": {"id": "b4178059b87c", "ine": "30030", "first_utc": "2026-06-23T13:31:00Z", "last_utc": "2026-06-23T13:31:00Z", "detections": 2, "frp_max_mw": 5.2, "frp_total_mw": 9.7, "pixel_area_ha": 14.1, "status": "out", "fire_class": "likely_agricultural", "municipality": "Murcia", "province": "Murcia", "region": "Región de Murcia", "muni_dist_km": 6.44}}, {"type": "Feature", "geometry": {"type": "Point", "coordinates": [-4.0496, 38.6659]}, "properties": {"id": "f50145f428eb", "ine": "13071", "first_utc": "2026-06-29T02:43:00Z", "last_utc": "2026-07-01T03:00:00Z", "detections": 16, "frp_max_mw": 5.2, "frp_total_mw": 34.3, "pixel_area_ha": 84.4, "status": "out", "fire_class": "forest", "municipality": "Puertollano", "province": "Ciudad Real", "region": "Castilla-La Mancha", "muni_dist_km": 1.86}}, {"type": "Feature", "geometry": {"type": "Point", "coordinates": [-6.415, 41.2358]}, "properties": {"id": "f1fd8860ae7f", "ine": "37364", "first_utc": "2026-07-02T12:23:00Z", "last_utc": "2026-07-02T12:23:00Z", "detections": 1, "frp_max_mw": 5.2, "frp_total_mw": 5.2, "pixel_area_ha": 14.1, "status": "out", "fire_class": "likely_agricultural", "municipality": "Villarino de los Aires", "province": "Salamanca", "region": "Castilla y León", "muni_dist_km": 2.36}}, {"type": "Feature", "geometry": {"type": "Point", "coordinates": [-6.3893, 36.6613]}, "properties": {"id": "4cb42146712e", "ine": "11030", "first_utc": "2026-07-02T13:10:00Z", "last_utc": "2026-07-02T13:44:00Z", "detections": 2, "frp_max_mw": 5.2, "frp_total_mw": 9.9, "pixel_area_ha": 14.1, "status": "out", "fire_class": "likely_agricultural", "municipality": "Rota", "province": "Cádiz", "region": "Andalucía", "muni_dist_km": 2.98}}, {"type": "Feature", "geometry": {"type": "Point", "coordinates": [-6.694, 38.3028]}, "properties": {"id": "018a6d80c06f", "ine": "06070", "first_utc": "2026-07-03T12:51:00Z", "last_utc": "2026-07-03T12:51:00Z", "detections": 1, "frp_max_mw": 5.2, "frp_total_mw": 5.2, "pixel_area_ha": 14.1, "status": "out", "fire_class": "likely_agricultural", "municipality": "Jerez de los Caballeros", "province": "Badajoz", "region": "Extremadura", "muni_dist_km": 9.64}}, {"type": "Feature", "geometry": {"type": "Point", "coordinates": [1.1546, 42.2136]}, "properties": {"id": "b7312f382f05", "ine": "25001", "first_utc": "2026-07-09T13:14:00Z", "last_utc": "2026-07-09T13:14:00Z", "detections": 1, "frp_max_mw": 5.2, "frp_total_mw": 5.2, "pixel_area_ha": 14.1, "status": "out", "fire_class": "likely_agricultural", "municipality": "Abella de la Conca", "province": "Lleida", "region": "Cataluña", "muni_dist_km": 5.17}}, {"type": "Feature", "geometry": {"type": "Point", "coordinates": [-6.8629, 37.7153]}, "properties": {"id": "052cfccdaa1a", "ine": "21902", "first_utc": "2026-07-11T01:34:00Z", "last_utc": "2026-07-11T02:19:00Z", "detections": 3, "frp_max_mw": 5.2, "frp_total_mw": 7.4, "pixel_area_ha": 42.2, "status": "out", "fire_class": "forest", "municipality": "La Zarza-Perrunal", "province": "Huelva", "region": "Andalucía", "muni_dist_km": 2.82}}, {"type": "Feature", "geometry": {"type": "Point", "coordinates": [-6.0749, 40.0456]}, "properties": {"id": "bb0bc0337893", "ine": "10148", "first_utc": "2026-07-11T02:19:00Z", "last_utc": "2026-07-11T02:19:00Z", "detections": 1, "frp_max_mw": 5.2, "frp_total_mw": 5.2, "pixel_area_ha": 14.1, "status": "out", "fire_class": "forest", "municipality": "Plasencia", "province": "Cáceres", "region": "Extremadura", "muni_dist_km": 6.59}}, {"type": "Feature", "geometry": {"type": "Point", "coordinates": [-6.1731, 37.4899]}, "properties": {"id": "48ad3276b6ab", "ine": "41067", "first_utc": "2026-06-09T12:36:00Z", "last_utc": "2026-06-09T12:36:00Z", "detections": 2, "frp_max_mw": 5.1, "frp_total_mw": 9.2, "pixel_area_ha": 14.1, "status": "out", "fire_class": "likely_agricultural", "municipality": "Olivares", "province": "Sevilla", "region": "Andalucía", "muni_dist_km": 3.39}}, {"type": "Feature", "geometry": {"type": "Point", "coordinates": [-6.6748, 40.1746]}, "properties": {"id": "f85729cd8a02", "ine": "10100", "first_utc": "2026-06-11T15:26:00Z", "last_utc": "2026-06-11T15:26:00Z", "detections": 1, "frp_max_mw": 5.1, "frp_total_mw": 5.1, "pixel_area_ha": 14.1, "status": "out", "fire_class": "likely_agricultural", "municipality": "Hoyos", "province": "Cáceres", "region": "Extremadura", "muni_dist_km": 4.19}}, {"type": "Feature", "geometry": {"type": "Point", "coordinates": [-5.0846, 37.5226]}, "properties": {"id": "bd7f5c98a231", "ine": "41039", "first_utc": "2026-06-14T14:22:00Z", "last_utc": "2026-06-14T14:22:00Z", "detections": 1, "frp_max_mw": 5.1, "frp_total_mw": 5.1, "pixel_area_ha": 14.1, "status": "out", "fire_class": "likely_agricultural", "municipality": "Écija", "province": "Sevilla", "region": "Andalucía", "muni_dist_km": 0.66}}, {"type": "Feature", "geometry": {"type": "Point", "coordinates": [-1.3648, 37.8824]}, "properties": {"id": "58facb6e184d", "ine": "30023", "first_utc": "2026-06-29T13:21:00Z", "last_utc": "2026-06-29T13:21:00Z", "detections": 1, "frp_max_mw": 5.1, "frp_total_mw": 5.1, "pixel_area_ha": 14.1, "status": "out", "fire_class": "likely_agricultural", "municipality": "Librilla", "province": "Murcia", "region": "Región de Murcia", "muni_dist_km": 3.29}}, {"type": "Feature", "geometry": {"type": "Point", "coordinates": [-6.4646, 38.9626]}, "properties": {"id": "bc4b7702e60a", "ine": "06046", "first_utc": "2026-07-01T12:42:00Z", "last_utc": "2026-07-01T12:42:00Z", "detections": 2, "frp_max_mw": 5.1, "frp_total_mw": 10.2, "pixel_area_ha": 28.1, "status": "out", "fire_class": "likely_agricultural", "municipality": "Esparragalejo", "province": "Badajoz", "region": "Extremadura", "muni_dist_km": 2.51}}, {"type": "Feature", "geometry": {"type": "Point", "coordinates": [-5.7565, 37.0497]}, "properties": {"id": "8888d9604cc4", "ine": "41904", "first_utc": "2026-07-04T14:12:00Z", "last_utc": "2026-07-04T14:12:00Z", "detections": 1, "frp_max_mw": 5.1, "frp_total_mw": 5.1, "pixel_area_ha": 14.1, "status": "out", "fire_class": "likely_agricultural", "municipality": "El Palmar de Troya", "province": "Sevilla", "region": "Andalucía", "muni_dist_km": 3.0}}, {"type": "Feature", "geometry": {"type": "Point", "coordinates": [-7.9809, 42.6788]}, "properties": {"id": "05c182bcf55b", "ine": "36047", "first_utc": "2026-07-08T12:57:00Z", "last_utc": "2026-07-08T13:33:00Z", "detections": 2, "frp_max_mw": 5.1, "frp_total_mw": 9.7, "pixel_area_ha": 14.1, "status": "out", "fire_class": "forest", "official_area_ha": 3.0, "perimeter_id": "561119", "municipality": "Rodeiro", "province": "Pontevedra", "region": "Galicia", "muni_dist_km": 3.57}}, {"type": "Feature", "geometry": {"type": "Point", "coordinates": [-5.7283, 43.5246]}, "properties": {"id": "dd5ae9425fe9", "ine": "33024", "first_utc": "2026-07-11T12:55:00Z", "last_utc": "2026-07-11T12:55:00Z", "detections": 1, "frp_max_mw": 5.1, "frp_total_mw": 5.1, "pixel_area_ha": 14.1, "status": "out", "fire_class": "likely_agricultural", "municipality": "Gijón", "province": "Asturias", "region": "Principado de Asturias", "muni_dist_km": 4.55}}, {"type": "Feature", "geometry": {"type": "Point", "coordinates": [-5.8943, 37.1794]}, "properties": {"id": "be975ebba37d", "ine": "41069", "first_utc": "2026-07-24T13:53:00Z", "last_utc": "2026-07-24T13:53:00Z", "detections": 1, "frp_max_mw": 5.1, "frp_total_mw": 5.1, "pixel_area_ha": 14.1, "status": "out", "fire_class": "likely_agricultural", "municipality": "Los Palacios y Villafranca", "province": "Sevilla", "region": "Andalucía", "muni_dist_km": 4.02}}, {"type": "Feature", "geometry": {"type": "Point", "coordinates": [-3.0702, 37.2331]}, "properties": {"id": "cdce02eab579", "ine": "18114", "first_utc": "2026-06-05T12:27:00Z", "last_utc": "2026-06-05T12:27:00Z", "detections": 1, "frp_max_mw": 5.0, "frp_total_mw": 5.0, "pixel_area_ha": 14.1, "status": "out", "fire_class": "likely_agricultural", "municipality": "La Calahorra", "province": "Granada", "region": "Andalucía", "muni_dist_km": 2.61}}, {"type": "Feature", "geometry": {"type": "Point", "coordinates": [-5.639, 40.9921]}, "properties": {"id": "d03a7156b40e", "ine": "37362", "first_utc": "2026-06-10T13:23:00Z", "last_utc": "2026-06-10T13:23:00Z", "detections": 2, "frp_max_mw": 5.0, "frp_total_mw": 9.8, "pixel_area_ha": 28.1, "status": "out", "fire_class": "likely_agricultural", "municipality": "Villares de la Reina", "province": "Salamanca", "region": "Castilla y León", "muni_dist_km": 2.13}}, {"type": "Feature", "geometry": {"type": "Point", "coordinates": [-2.4307, 36.8443]}, "properties": {"id": "f008f900249e", "ine": "04052", "first_utc": "2026-06-12T12:44:00Z", "last_utc": "2026-06-12T13:38:00Z", "detections": 3, "frp_max_mw": 5.0, "frp_total_mw": 12.2, "pixel_area_ha": 42.2, "status": "out", "fire_class": "forest", "official_area_ha": 1.0, "perimeter_id": "510763", "municipality": "Huércal de Almería", "province": "Almería", "region": "Andalucía", "muni_dist_km": 5.57}}, {"type": "Feature", "geometry": {"type": "Point", "coordinates": [-1.9606, 38.9669]}, "properties": {"id": "48d07b3ce4b9", "ine": "02003", "first_utc": "2026-06-16T12:21:00Z", "last_utc": "2026-06-16T12:21:00Z", "detections": 3, "frp_max_mw": 5.0, "frp_total_mw": 12.7, "pixel_area_ha": 42.2, "status": "out", "fire_class": "likely_agricultural", "municipality": "Albacete", "province": "Albacete", "region": "Castilla-La Mancha", "muni_dist_km": 5.89}}, {"type": "Feature", "geometry": {"type": "Point", "coordinates": [-3.6795, 40.4928]}, "properties": {"id": "f7ddc2bca3c0", "ine": "28079", "first_utc": "2026-06-16T13:44:00Z", "last_utc": "2026-06-16T13:44:00Z", "detections": 1, "frp_max_mw": 5.0, "frp_total_mw": 5.0, "pixel_area_ha": 14.1, "status": "out", "fire_class": "likely_agricultural", "municipality": "Madrid", "province": "Madrid", "region": "Comunidad de Madrid", "muni_dist_km": 3.37}}, {"type": "Feature", "geometry": {"type": "Point", "coordinates": [-2.9047, 40.3522]}, "properties": {"id": "776092a7b097", "ine": "19335", "first_utc": "2026-06-17T12:04:00Z", "last_utc": "2026-06-17T12:04:00Z", "detections": 2, "frp_max_mw": 5.0, "frp_total_mw": 10.0, "pixel_area_ha": 28.1, "status": "out", "fire_class": "likely_agricultural", "municipality": "Zorita de los Canes", "province": "Guadalajara", "region": "Castilla-La Mancha", "muni_dist_km": 3.02}}, {"type": "Feature", "geometry": {"type": "Point", "coordinates": [-7.0029, 41.9428]}, "properties": {"id": "5a8b080c24f9", "ine": "32048", "first_utc": "2026-06-21T04:12:00Z", "last_utc": "2026-06-21T04:12:00Z", "detections": 1, "frp_max_mw": 5.0, "frp_total_mw": 5.0, "pixel_area_ha": 14.1, "status": "out", "fire_class": "forest", "municipality": "A Mezquita", "province": "Ourense", "region": "Galicia", "muni_dist_km": 7.57}}, {"type": "Feature", "geometry": {"type": "Point", "coordinates": [-0.9869, 37.7485]}, "properties": {"id": "8c948189612c", "ine": "30037", "first_utc": "2026-06-23T20:40:00Z", "last_utc": "2026-06-23T20:40:00Z", "detections": 1, "frp_max_mw": 5.0, "frp_total_mw": 5.0, "pixel_area_ha": 14.1, "status": "out", "fire_class": "forest", "municipality": "Torre-Pacheco", "province": "Murcia", "region": "Región de Murcia", "muni_dist_km": 3.67}}, {"type": "Feature", "geometry": {"type": "Point", "coordinates": [-3.6993, 37.1625]}, "properties": {"id": "9b52202abef2", "ine": "18911", "first_utc": "2026-07-07T12:29:00Z", "last_utc": "2026-07-07T12:29:00Z", "detections": 3, "frp_max_mw": 5.0, "frp_total_mw": 11.5, "pixel_area_ha": 28.1, "status": "out", "fire_class": "likely_agricultural", "municipality": "Vegas del Genil", "province": "Granada", "region": "Andalucía", "muni_dist_km": 0.83}}, {"type": "Feature", "geometry": {"type": "Point", "coordinates": [-1.7166, 42.3539]}, "properties": {"id": "f4de6fe485ff", "ine": "31163", "first_utc": "2026-07-16T12:08:00Z", "last_utc": "2026-07-16T12:08:00Z", "detections": 1, "frp_max_mw": 5.0, "frp_total_mw": 5.0, "pixel_area_ha": 14.1, "status": "out", "fire_class": "likely_agricultural", "municipality": "Marcilla", "province": "Navarra", "region": "Comunidad Foral de Navarra", "muni_dist_km": 1.41}}, {"type": "Feature", "geometry": {"type": "Point", "coordinates": [-1.6379, 39.4419]}, "properties": {"id": "7ea126d5cbe3", "ine": "16271", "first_utc": "2026-07-25T12:38:00Z", "last_utc": "2026-07-25T13:14:00Z", "detections": 2, "frp_max_mw": 5.0, "frp_total_mw": 6.0, "pixel_area_ha": 28.1, "status": "out", "fire_class": "likely_agricultural", "municipality": "Villarta", "province": "Cuenca", "region": "Castilla-La Mancha", "muni_dist_km": 0.79}}, {"type": "Feature", "geometry": {"type": "Point", "coordinates": [-3.1275, 39.2641]}, "properties": {"id": "afaa8c6757f7", "ine": "13903", "first_utc": "2026-06-01T13:44:00Z", "last_utc": "2026-06-01T13:44:00Z", "detections": 1, "frp_max_mw": 4.9, "frp_total_mw": 4.9, "pixel_area_ha": 14.1, "status": "out", "fire_class": "likely_agricultural", "municipality": "Arenales de San Gregorio", "province": "Ciudad Real", "region": "Castilla-La Mancha", "muni_dist_km": 8.29}}, {"type": "Feature", "geometry": {"type": "Point", "coordinates": [-5.9846, 36.3479]}, "properties": {"id": "9b2a4a474faf", "ine": "11039", "first_utc": "2026-06-04T13:33:00Z", "last_utc": "2026-06-04T13:33:00Z", "detections": 1, "frp_max_mw": 4.9, "frp_total_mw": 4.9, "pixel_area_ha": 14.1, "status": "out", "fire_class": "likely_agricultural", "municipality": "Vejer de la Frontera", "province": "Cádiz", "region": "Andalucía", "muni_dist_km": 8.27}}, {"type": "Feature", "geometry": {"type": "Point", "coordinates": [3.1987, 39.5704]}, "properties": {"id": "f5c26a3cab29", "ine": "07033", "first_utc": "2026-06-06T12:57:00Z", "last_utc": "2026-06-06T12:57:00Z", "detections": 1, "frp_max_mw": 4.9, "frp_total_mw": 4.9, "pixel_area_ha": 14.1, "status": "out", "fire_class": "likely_agricultural", "municipality": "Manacor", "province": "Illes Balears", "region": "Illes Balears", "muni_dist_km": 3.59}}, {"type": "Feature", "geometry": {"type": "Point", "coordinates": [-3.6414, 38.0981]}, "properties": {"id": "01d8394dfb9d", "ine": "23055", "first_utc": "2026-06-09T14:16:00Z", "last_utc": "2026-06-09T14:16:00Z", "detections": 1, "frp_max_mw": 4.9, "frp_total_mw": 4.9, "pixel_area_ha": 14.1, "status": "out", "fire_class": "likely_agricultural", "municipality": "Linares", "province": "Jaén", "region": "Andalucía", "muni_dist_km": 0.46}}, {"type": "Feature", "geometry": {"type": "Point", "coordinates": [-3.9286, 39.9546]}, "properties": {"id": "17625f7ff013", "ine": "45088", "first_utc": "2026-06-10T12:36:00Z", "last_utc": "2026-06-10T12:36:00Z", "detections": 1, "frp_max_mw": 4.9, "frp_total_mw": 4.9, "pixel_area_ha": 14.1, "status": "out", "fire_class": "likely_agricultural", "municipality": "Magán", "province": "Toledo", "region": "Castilla-La Mancha", "muni_dist_km": 1.31}}, {"type": "Feature", "geometry": {"type": "Point", "coordinates": [-4.8608, 39.9546]}, "properties": {"id": "f86b8b42a029", "ine": "45165", "first_utc": "2026-06-12T12:46:00Z", "last_utc": "2026-06-12T12:46:00Z", "detections": 1, "frp_max_mw": 4.9, "frp_total_mw": 4.9, "pixel_area_ha": 14.1, "status": "out", "fire_class": "likely_agricultural", "municipality": "Talavera de la Reina", "province": "Toledo", "region": "Castilla-La Mancha", "muni_dist_km": 0.97}}, {"type": "Feature", "geometry": {"type": "Point", "coordinates": [-5.6585, 37.0459]}, "properties": {"id": "8f1166dfb47f", "ine": "41036", "first_utc": "2026-06-14T13:46:00Z", "last_utc": "2026-06-14T13:46:00Z", "detections": 1, "frp_max_mw": 4.9, "frp_total_mw": 4.9, "pixel_area_ha": 14.1, "status": "out", "fire_class": "likely_agricultural", "municipality": "El Coronil", "province": "Sevilla", "region": "Andalucía", "muni_dist_km": 4.09}}, {"type": "Feature", "geometry": {"type": "Point", "coordinates": [-0.372, 39.5995]}, "properties": {"id": "47fa5e1e7d39", "ine": "46207", "first_utc": "2026-06-15T11:47:00Z", "last_utc": "2026-06-15T11:47:00Z", "detections": 1, "frp_max_mw": 4.9, "frp_total_mw": 4.9, "pixel_area_ha": 14.1, "status": "out", "fire_class": "likely_agricultural", "municipality": "Rafelbunyol", "province": "València/Valencia", "region": "Comunitat Valenciana", "muni_dist_km": 2.11}}, {"type": "Feature", "geometry": {"type": "Point", "coordinates": [-5.0292, 37.5434]}, "properties": {"id": "f01cfa69a456", "ine": "41039", "first_utc": "2026-06-15T12:21:00Z", "last_utc": "2026-06-15T12:42:00Z", "detections": 3, "frp_max_mw": 4.9, "frp_total_mw": 12.0, "pixel_area_ha": 42.2, "status": "out", "fire_class": "likely_agricultural", "municipality": "Écija", "province": "Sevilla", "region": "Andalucía", "muni_dist_km": 5.8}}, {"type": "Feature", "geometry": {"type": "Point", "coordinates": [-3.6046, 37.2118]}, "properties": {"id": "1af0b02ddf2b", "ine": "18111", "first_utc": "2026-06-21T13:50:00Z", "last_utc": "2026-06-21T13:50:00Z", "detections": 2, "frp_max_mw": 4.9, "frp_total_mw": 9.9, "pixel_area_ha": 28.1, "status": "out", "fire_class": "likely_agricultural", "municipality": "Jun", "province": "Granada", "region": "Andalucía", "muni_dist_km": 1.31}}, {"type": "Feature", "geometry": {"type": "Point", "coordinates": [-3.5881, 40.4916]}, "properties": {"id": "0d784992898e", "ine": "28104", "first_utc": "2026-06-27T12:19:00Z", "last_utc": "2026-06-27T12:19:00Z", "detections": 1, "frp_max_mw": 4.9, "frp_total_mw": 4.9, "pixel_area_ha": 14.1, "status": "out", "fire_class": "likely_agricultural", "municipality": "Paracuellos de Jarama", "province": "Madrid", "region": "Comunidad de Madrid", "muni_dist_km": 5.93}}, {"type": "Feature", "geometry": {"type": "Point", "coordinates": [-4.883, 37.7728]}, "properties": {"id": "29692f7a92f2", "ine": "14033", "first_utc": "2026-06-27T13:38:00Z", "last_utc": "2026-06-27T13:38:00Z", "detections": 1, "frp_max_mw": 4.9, "frp_total_mw": 4.9, "pixel_area_ha": 14.1, "status": "out", "fire_class": "likely_agricultural", "municipality": "Guadalcázar", "province": "Córdoba", "region": "Andalucía", "muni_dist_km": 8.23}}, {"type": "Feature", "geometry": {"type": "Point", "coordinates": [-3.3479, 39.0597]}, "properties": {"id": "fc090cc2cc88", "ine": "13053", "first_utc": "2026-06-30T14:22:00Z", "last_utc": "2026-06-30T14:22:00Z", "detections": 2, "frp_max_mw": 4.9, "frp_total_mw": 9.1, "pixel_area_ha": 28.1, "status": "out", "fire_class": "likely_agricultural", "municipality": "Manzanares", "province": "Ciudad Real", "region": "Castilla-La Mancha", "muni_dist_km": 4.19}}, {"type": "Feature", "geometry": {"type": "Point", "coordinates": [-6.5221, 39.4604]}, "properties": {"id": "41c855ceddd9", "ine": "10115", "first_utc": "2026-06-30T12:42:00Z", "last_utc": "2026-07-01T12:42:00Z", "detections": 4, "frp_max_mw": 4.9, "frp_total_mw": 14.6, "pixel_area_ha": 42.2, "status": "out", "fire_class": "likely_agricultural", "municipality": "Malpartida de Cáceres", "province": "Cáceres", "region": "Extremadura", "muni_dist_km": 2.67}}, {"type": "Feature", "geometry": {"type": "Point", "coordinates": [-6.0665, 37.5658]}, "properties": {"id": "9d063767347f", "ine": "41049", "first_utc": "2026-07-01T12:42:00Z", "last_utc": "2026-07-01T12:42:00Z", "detections": 1, "frp_max_mw": 4.9, "frp_total_mw": 4.9, "pixel_area_ha": 14.1, "status": "out", "fire_class": "likely_agricultural", "municipality": "Guillena", "province": "Sevilla", "region": "Andalucía", "muni_dist_km": 5.79}}, {"type": "Feature", "geometry": {"type": "Point", "coordinates": [-5.7153, 37.277]}, "properties": {"id": "bfff7a57b161", "ine": "41004", "first_utc": "2026-07-06T12:29:00Z", "last_utc": "2026-07-07T12:29:00Z", "detections": 2, "frp_max_mw": 4.9, "frp_total_mw": 7.9, "pixel_area_ha": 28.1, "status": "out", "fire_class": "likely_agricultural", "municipality": "Alcalá de Guadaíra", "province": "Sevilla", "region": "Andalucía", "muni_dist_km": 7.98}}, {"type": "Feature", "geometry": {"type": "Point", "coordinates": [-6.4026, 39.9897]}, "properties": {"id": "a3eadc7f986f", "ine": "10129", "first_utc": "2026-07-12T01:13:00Z", "last_utc": "2026-07-12T02:53:00Z", "detections": 4, "frp_max_mw": 4.9, "frp_total_mw": 8.4, "pixel_area_ha": 42.2, "status": "out", "fire_class": "forest", "official_area_ha": 9.0, "perimeter_id": "561455", "municipality": "Morcillo", "province": "Cáceres", "region": "Extremadura", "muni_dist_km": 0.76}}, {"type": "Feature", "geometry": {"type": "Point", "coordinates": [-2.9538, 43.3023]}, "properties": {"id": "f7134bf16caf", "ine": "48902", "first_utc": "2026-07-22T12:49:00Z", "last_utc": "2026-07-22T13:36:00Z", "detections": 3, "frp_max_mw": 4.9, "frp_total_mw": 14.2, "pixel_area_ha": 28.1, "status": "out", "fire_class": "likely_agricultural", "municipality": "Erandio", "province": "Bizkaia", "region": "País Vasco", "muni_dist_km": 1.68}}, {"type": "Feature", "geometry": {"type": "Point", "coordinates": [-2.9909, 43.2441]}, "properties": {"id": "762b7e78ce17", "ine": "48912", "first_utc": "2026-07-22T12:49:00Z", "last_utc": "2026-07-23T01:54:00Z", "detections": 2, "frp_max_mw": 4.9, "frp_total_mw": 5.8, "pixel_area_ha": 14.1, "status": "out", "fire_class": "forest", "municipality": "Alonsotegi", "province": "Bizkaia", "region": "País Vasco", "muni_dist_km": 1.57}}, {"type": "Feature", "geometry": {"type": "Point", "coordinates": [-2.0387, 42.3233]}, "properties": {"id": "c213b6bc0c23", "ine": "26117", "first_utc": "2026-06-01T13:44:00Z", "last_utc": "2026-06-01T13:44:00Z", "detections": 1, "frp_max_mw": 4.8, "frp_total_mw": 4.8, "pixel_area_ha": 14.1, "status": "out", "fire_class": "likely_agricultural", "municipality": "Pradejón", "province": "La Rioja", "region": "La Rioja", "muni_dist_km": 0.56}}, {"type": "Feature", "geometry": {"type": "Point", "coordinates": [-3.6779, 38.9027]}, "properties": {"id": "6cafb299ee3f", "ine": "13013", "first_utc": "2026-06-13T13:21:00Z", "last_utc": "2026-06-13T13:21:00Z", "detections": 1, "frp_max_mw": 4.8, "frp_total_mw": 4.8, "pixel_area_ha": 14.1, "status": "out", "fire_class": "likely_agricultural", "municipality": "Almagro", "province": "Ciudad Real", "region": "Castilla-La Mancha", "muni_dist_km": 4.48}}, {"type": "Feature", "geometry": {"type": "Point", "coordinates": [0.3559, 41.4901]}, "properties": {"id": "8e7998d23f6e", "ine": "25131", "first_utc": "2026-06-15T11:49:00Z", "last_utc": "2026-06-15T11:49:00Z", "detections": 1, "frp_max_mw": 4.8, "frp_total_mw": 4.8, "pixel_area_ha": 14.1, "status": "out", "fire_class": "agricultural", "municipality": "Massalcoreig", "province": "Lleida", "region": "Cataluña", "muni_dist_km": 3.54}}, {"type": "Feature", "geometry": {"type": "Point", "coordinates": [-0.3448, 39.7081]}, "properties": {"id": "c0b6944b4ed3", "ine": "46120", "first_utc": "2026-06-21T12:10:00Z", "last_utc": "2026-06-21T12:29:00Z", "detections": 2, "frp_max_mw": 4.8, "frp_total_mw": 8.3, "pixel_area_ha": 28.1, "status": "out", "fire_class": "likely_agricultural", "municipality": "Estivella", "province": "València/Valencia", "region": "Comunitat Valenciana", "muni_dist_km": 2.13}}, {"type": "Feature", "geometry": {"type": "Point", "coordinates": [-6.9721, 38.8577]}, "properties": {"id": "e3d665a41a2b", "ine": "06015", "first_utc": "2026-06-26T13:57:00Z", "last_utc": "2026-06-26T14:16:00Z", "detections": 4, "frp_max_mw": 4.8, "frp_total_mw": 15.1, "pixel_area_ha": 56.2, "status": "out", "fire_class": "likely_agricultural", "municipality": "Badajoz", "province": "Badajoz", "region": "Extremadura", "muni_dist_km": 9.97}}, {"type": "Feature", "geometry": {"type": "Point", "coordinates": [-4.6037, 36.5842]}, "properties": {"id": "b3d1baaffcf2", "ine": "29054", "first_utc": "2026-07-07T14:10:00Z", "last_utc": "2026-07-07T14:10:00Z", "detections": 1, "frp_max_mw": 4.8, "frp_total_mw": 4.8, "pixel_area_ha": 14.1, "status": "out", "fire_class": "likely_agricultural", "municipality": "Fuengirola", "province": "Málaga", "region": "Andalucía", "muni_dist_km": 3.05}}, {"type": "Feature", "geometry": {"type": "Point", "coordinates": [-5.7728, 43.3832]}, "properties": {"id": "65a13b99bd92", "ine": "33042", "first_utc": "2026-07-13T12:19:00Z", "last_utc": "2026-07-13T12:19:00Z", "detections": 1, "frp_max_mw": 4.8, "frp_total_mw": 4.8, "pixel_area_ha": 14.1, "status": "out", "fire_class": "likely_agricultural", "municipality": "Noreña", "province": "Asturias", "region": "Principado de Asturias", "muni_dist_km": 6.14}}, {"type": "Feature", "geometry": {"type": "Point", "coordinates": [-1.7108, 41.8988]}, "properties": {"id": "e513ca53e214", "ine": "50251", "first_utc": "2026-07-15T12:25:00Z", "last_utc": "2026-07-15T12:25:00Z", "detections": 2, "frp_max_mw": 4.8, "frp_total_mw": 9.1, "pixel_area_ha": 14.1, "status": "out", "fire_class": "likely_agricultural", "municipality": "Tarazona", "province": "Zaragoza", "region": "Aragón", "muni_dist_km": 3.23}}, {"type": "Feature", "geometry": {"type": "Point", "coordinates": [-6.63, 38.8889]}, "properties": {"id": "efaffb62690f", "ine": "06103", "first_utc": "2026-07-16T13:01:00Z", "last_utc": "2026-07-16T13:01:00Z", "detections": 1, "frp_max_mw": 4.8, "frp_total_mw": 4.8, "pixel_area_ha": 14.1, "status": "out", "fire_class": "likely_agricultural", "municipality": "Puebla de la Calzada", "province": "Badajoz", "region": "Extremadura", "muni_dist_km": 1.12}}, {"type": "Feature", "geometry": {"type": "Point", "coordinates": [-3.649, 37.0999]}, "properties": {"id": "1a323f4dade7", "ine": "18149", "first_utc": "2026-07-22T14:10:00Z", "last_utc": "2026-07-22T14:10:00Z", "detections": 2, "frp_max_mw": 4.8, "frp_total_mw": 9.2, "pixel_area_ha": 28.1, "status": "out", "fire_class": "likely_agricultural", "municipality": "Villa de Otura", "province": "Granada", "region": "Andalucía", "muni_dist_km": 2.87}}, {"type": "Feature", "geometry": {"type": "Point", "coordinates": [-3.1907, 40.7406]}, "properties": {"id": "30457e245910", "ine": "19117", "first_utc": "2026-07-24T12:12:00Z", "last_utc": "2026-07-24T12:12:00Z", "detections": 1, "frp_max_mw": 4.8, "frp_total_mw": 4.8, "pixel_area_ha": 14.1, "status": "out", "fire_class": "likely_agricultural", "municipality": "Fontanar", "province": "Guadalajara", "region": "Castilla-La Mancha", "muni_dist_km": 1.31}}, {"type": "Feature", "geometry": {"type": "Point", "coordinates": [-5.3972, 39.9846]}, "properties": {"id": "40cdebe515ec", "ine": "10901", "first_utc": "2026-06-08T12:19:00Z", "last_utc": "2026-06-08T12:19:00Z", "detections": 2, "frp_max_mw": 4.7, "frp_total_mw": 7.8, "pixel_area_ha": 28.1, "status": "out", "fire_class": "likely_agricultural", "municipality": "Rosalejo", "province": "Cáceres", "region": "Extremadura", "muni_dist_km": 5.63}}, {"type": "Feature", "geometry": {"type": "Point", "coordinates": [-3.9656, 40.383]}, "properties": {"id": "f05ee32b1ac5", "ine": "28026", "first_utc": "2026-06-16T13:44:00Z", "last_utc": "2026-06-16T13:44:00Z", "detections": 1, "frp_max_mw": 4.7, "frp_total_mw": 4.7, "pixel_area_ha": 14.1, "status": "out", "fire_class": "likely_agricultural", "municipality": "Brunete", "province": "Madrid", "region": "Comunidad de Madrid", "muni_dist_km": 2.94}}, {"type": "Feature", "geometry": {"type": "Point", "coordinates": [-3.5875, 40.3968]}, "properties": {"id": "3ed2b1be6daf", "ine": "28049", "first_utc": "2026-06-29T13:21:00Z", "last_utc": "2026-06-29T13:21:00Z", "detections": 1, "frp_max_mw": 4.7, "frp_total_mw": 4.7, "pixel_area_ha": 14.1, "status": "out", "fire_class": "likely_agricultural", "municipality": "Coslada", "province": "Madrid", "region": "Comunidad de Madrid", "muni_dist_km": 4.43}}, {"type": "Feature", "geometry": {"type": "Point", "coordinates": [-5.9881, 37.5269]}, "properties": {"id": "83bf0dc56b2c", "ine": "41005", "first_utc": "2026-06-30T12:59:00Z", "last_utc": "2026-06-30T13:46:00Z", "detections": 2, "frp_max_mw": 4.7, "frp_total_mw": 8.5, "pixel_area_ha": 14.1, "status": "out", "fire_class": "likely_agricultural", "municipality": "Alcalá del Río", "province": "Sevilla", "region": "Andalucía", "muni_dist_km": 2.44}}, {"type": "Feature", "geometry": {"type": "Point", "coordinates": [4.271, 39.8194]}, "properties": {"id": "9b165d5123e0", "ine": "07052", "first_utc": "2026-07-03T13:46:00Z", "last_utc": "2026-07-03T13:46:00Z", "detections": 2, "frp_max_mw": 4.7, "frp_total_mw": 9.4, "pixel_area_ha": 28.1, "status": "out", "fire_class": "likely_agricultural", "municipality": "Sant Lluís", "province": "Illes Balears", "region": "Illes Balears", "muni_dist_km": 2.22}}, {"type": "Feature", "geometry": {"type": "Point", "coordinates": [-2.7766, 40.8809]}, "properties": {"id": "a02d8d42dcf8", "ine": "19020", "first_utc": "2026-07-05T12:14:00Z", "last_utc": "2026-07-05T12:14:00Z", "detections": 1, "frp_max_mw": 4.7, "frp_total_mw": 4.7, "pixel_area_ha": 14.1, "status": "out", "fire_class": "likely_agricultural", "municipality": "Almadrones", "province": "Guadalajara", "region": "Castilla-La Mancha", "muni_dist_km": 2.03}}, {"type": "Feature", "geometry": {"type": "Point", "coordinates": [-5.8292, 43.5388]}, "properties": {"id": "f1d54b1bafb5", "ine": "33014", "first_utc": "2026-07-19T01:28:00Z", "last_utc": "2026-07-20T01:07:00Z", "detections": 6, "frp_max_mw": 4.7, "frp_total_mw": 16.9, "pixel_area_ha": 56.2, "status": "out", "fire_class": "forest", "municipality": "Carreño", "province": "Asturias", "region": "Principado de Asturias", "muni_dist_km": 2.98}}, {"type": "Feature", "geometry": {"type": "Point", "coordinates": [-4.0527, 38.6728]}, "properties": {"id": "200703b0d595", "ine": "13071", "first_utc": "2026-07-19T02:04:00Z", "last_utc": "2026-07-20T02:04:00Z", "detections": 6, "frp_max_mw": 4.7, "frp_total_mw": 16.3, "pixel_area_ha": 56.2, "status": "out", "fire_class": "forest", "municipality": "Puertollano", "province": "Ciudad Real", "region": "Castilla-La Mancha", "muni_dist_km": 2.55}}, {"type": "Feature", "geometry": {"type": "Point", "coordinates": [0.419, 40.5395]}, "properties": {"id": "f5f8e709e456", "ine": "12138", "first_utc": "2026-07-21T12:14:00Z", "last_utc": "2026-07-21T12:14:00Z", "detections": 2, "frp_max_mw": 4.7, "frp_total_mw": 8.6, "pixel_area_ha": 14.1, "status": "out", "fire_class": "likely_agricultural", "municipality": "Vinaròs", "province": "Castelló/Castellón", "region": "Comunitat Valenciana", "muni_dist_km": 3.5}}, {"type": "Feature", "geometry": {"type": "Point", "coordinates": [-4.741, 37.6132]}, "properties": {"id": "b80ddea10b08", "ine": "14040", "first_utc": "2026-07-26T13:59:00Z", "last_utc": "2026-07-26T13:59:00Z", "detections": 1, "frp_max_mw": 4.7, "frp_total_mw": 4.7, "pixel_area_ha": 14.1, "status": "out", "fire_class": "likely_agricultural", "municipality": "Montalbán de Córdoba", "province": "Córdoba", "region": "Andalucía", "muni_dist_km": 7.0}}, {"type": "Feature", "geometry": {"type": "Point", "coordinates": [-4.402, 41.9903]}, "properties": {"id": "b8c53d7adfec", "ine": "34146", "first_utc": "2026-06-16T13:46:00Z", "last_utc": "2026-06-16T13:46:00Z", "detections": 1, "frp_max_mw": 4.6, "frp_total_mw": 4.6, "pixel_area_ha": 14.1, "status": "out", "fire_class": "forest", "official_area_ha": 0.55, "municipality": "Reinoso de Cerrato", "province": "Palencia", "region": "Castilla y León", "muni_dist_km": 3.59}}, {"type": "Feature", "geometry": {"type": "Point", "coordinates": [1.9491, 41.4802]}, "properties": {"id": "f734a6234622", "ine": "08054", "first_utc": "2026-06-22T13:53:00Z", "last_utc": "2026-06-22T13:53:00Z", "detections": 1, "frp_max_mw": 4.6, "frp_total_mw": 4.6, "pixel_area_ha": 14.1, "status": "out", "fire_class": "forest", "official_area_ha": 1.0, "perimeter_id": "530849", "municipality": "Castellbisbal", "province": "Barcelona", "region": "Cataluña", "muni_dist_km": 1.62}}, {"type": "Feature", "geometry": {"type": "Point", "coordinates": [-6.1335, 38.9108]}, "properties": {"id": "a239c1f010ee", "ine": "06060", "first_utc": "2026-06-26T12:36:00Z", "last_utc": "2026-06-26T12:36:00Z", "detections": 1, "frp_max_mw": 4.6, "frp_total_mw": 4.6, "pixel_area_ha": 14.1, "status": "out", "fire_class": "likely_agricultural", "municipality": "Guareña", "province": "Badajoz", "region": "Extremadura", "muni_dist_km": 4.05}}, {"type": "Feature", "geometry": {"type": "Point", "coordinates": [-4.5566, 42.1034]}, "properties": {"id": "cf788516f427", "ine": "34088", "first_utc": "2026-07-02T12:23:00Z", "last_utc": "2026-07-02T12:23:00Z", "detections": 4, "frp_max_mw": 4.6, "frp_total_mw": 17.9, "pixel_area_ha": 56.2, "status": "out", "fire_class": "likely_agricultural", "municipality": "Husillos", "province": "Palencia", "region": "Castilla y León", "muni_dist_km": 1.62}}, {"type": "Feature", "geometry": {"type": "Point", "coordinates": [2.8911, 42.0889]}, "properties": {"id": "7ed2888ac82d", "ine": "17216", "first_utc": "2026-07-06T12:49:00Z", "last_utc": "2026-07-06T12:49:00Z", "detections": 2, "frp_max_mw": 4.6, "frp_total_mw": 9.2, "pixel_area_ha": 28.1, "status": "out", "fire_class": "forest", "municipality": "Viladasens", "province": "Girona", "region": "Cataluña", "muni_dist_km": 2.68}}, {"type": "Feature", "geometry": {"type": "Point", "coordinates": [2.8497, 41.7251]}, "properties": {"id": "77e818cf550c", "ine": "17095", "first_utc": "2026-07-09T01:49:00Z", "last_utc": "2026-07-09T01:49:00Z", "detections": 1, "frp_max_mw": 4.6, "frp_total_mw": 4.6, "pixel_area_ha": 14.1, "status": "out", "fire_class": "agricultural", "municipality": "Lloret de Mar", "province": "Girona", "region": "Cataluña", "muni_dist_km": 1.29}}, {"type": "Feature", "geometry": {"type": "Point", "coordinates": [-4.0483, 38.6644]}, "properties": {"id": "069e2b1c2e99", "ine": "13071", "first_utc": "2026-07-16T13:48:00Z", "last_utc": "2026-07-17T02:09:00Z", "detections": 3, "frp_max_mw": 4.6, "frp_total_mw": 6.6, "pixel_area_ha": 14.1, "status": "out", "fire_class": "forest", "municipality": "Puertollano", "province": "Ciudad Real", "region": "Castilla-La Mancha", "muni_dist_km": 1.93}}, {"type": "Feature", "geometry": {"type": "Point", "coordinates": [-3.7512, 40.2541]}, "properties": {"id": "84eb837f9ef1", "ine": "28106", "first_utc": "2026-07-26T12:55:00Z", "last_utc": "2026-07-26T12:55:00Z", "detections": 1, "frp_max_mw": 4.6, "frp_total_mw": 4.6, "pixel_area_ha": 14.1, "status": "out", "fire_class": "likely_agricultural", "municipality": "Parla", "province": "Madrid", "region": "Comunidad de Madrid", "muni_dist_km": 2.93}}, {"type": "Feature", "geometry": {"type": "Point", "coordinates": [1.0243, 41.6466]}, "properties": {"id": "a83cd6c77949", "ine": "25050", "first_utc": "2026-06-10T09:20:00Z", "last_utc": "2026-06-10T09:20:00Z", "detections": 1, "frp_max_mw": 4.5, "frp_total_mw": 4.5, "pixel_area_ha": 14.1, "status": "out", "fire_class": "agricultural", "municipality": "Bellpuig", "province": "Lleida", "region": "Cataluña", "muni_dist_km": 2.39}}, {"type": "Feature", "geometry": {"type": "Point", "coordinates": [-7.0292, 38.9127]}, "properties": {"id": "f6e46ea6ff8c", "ine": "06015", "first_utc": "2026-06-17T12:53:00Z", "last_utc": "2026-06-17T12:53:00Z", "detections": 1, "frp_max_mw": 4.5, "frp_total_mw": 4.5, "pixel_area_ha": 14.1, "status": "out", "fire_class": "likely_agricultural", "municipality": "Badajoz", "province": "Badajoz", "region": "Extremadura", "muni_dist_km": 15.88}}, {"type": "Feature", "geometry": {"type": "Point", "coordinates": [-1.9052, 36.9671]}, "properties": {"id": "df7df9536288", "ine": "04032", "first_utc": "2026-06-20T02:13:00Z", "last_utc": "2026-06-22T02:30:00Z", "detections": 6, "frp_max_mw": 4.5, "frp_total_mw": 12.7, "pixel_area_ha": 42.2, "status": "out", "fire_class": "forest", "municipality": "Carboneras", "province": "Almería", "region": "Andalucía", "muni_dist_km": 4.88}}, {"type": "Feature", "geometry": {"type": "Point", "coordinates": [1.708, 41.2345]}, "properties": {"id": "5c958481670c", "ine": "08307", "first_utc": "2026-06-30T13:01:00Z", "last_utc": "2026-06-30T13:01:00Z", "detections": 1, "frp_max_mw": 4.5, "frp_total_mw": 4.5, "pixel_area_ha": 14.1, "status": "out", "fire_class": "forest", "municipality": "Vilanova i la Geltrú", "province": "Barcelona", "region": "Cataluña", "muni_dist_km": 0.39}}, {"type": "Feature", "geometry": {"type": "Point", "coordinates": [-4.0498, 38.6675]}, "properties": {"id": "f91b60a2c2e1", "ine": "13071", "first_utc": "2026-07-15T13:21:00Z", "last_utc": "2026-07-15T13:21:00Z", "detections": 1, "frp_max_mw": 4.5, "frp_total_mw": 4.5, "pixel_area_ha": 14.1, "status": "out", "fire_class": "likely_agricultural", "municipality": "Puertollano", "province": "Ciudad Real", "region": "Castilla-La Mancha", "muni_dist_km": 2.24}}, {"type": "Feature", "geometry": {"type": "Point", "coordinates": [-1.1944, 38.0529]}, "properties": {"id": "22296c6f4ba1", "ine": "30007", "first_utc": "2026-07-25T13:31:00Z", "last_utc": "2026-07-25T13:31:00Z", "detections": 1, "frp_max_mw": 4.5, "frp_total_mw": 4.5, "pixel_area_ha": 14.1, "status": "out", "fire_class": "likely_agricultural", "municipality": "Alguazas", "province": "Murcia", "region": "Región de Murcia", "muni_dist_km": 6.9}}, {"type": "Feature", "geometry": {"type": "Point", "coordinates": [-5.1061, 37.4486]}, "properties": {"id": "4d12401b7a7e", "ine": "41039", "first_utc": "2026-06-07T13:31:00Z", "last_utc": "2026-06-07T13:31:00Z", "detections": 1, "frp_max_mw": 4.4, "frp_total_mw": 4.4, "pixel_area_ha": 14.1, "status": "out", "fire_class": "likely_agricultural", "municipality": "Écija", "province": "Sevilla", "region": "Andalucía", "muni_dist_km": 8.26}}, {"type": "Feature", "geometry": {"type": "Point", "coordinates": [-3.6136, 40.4657]}, "properties": {"id": "3355343e5a64", "ine": "28049", "first_utc": "2026-06-09T14:16:00Z", "last_utc": "2026-06-09T14:16:00Z", "detections": 1, "frp_max_mw": 4.4, "frp_total_mw": 4.4, "pixel_area_ha": 14.1, "status": "out", "fire_class": "likely_agricultural", "municipality": "Coslada", "province": "Madrid", "region": "Comunidad de Madrid", "muni_dist_km": 6.7}}, {"type": "Feature", "geometry": {"type": "Point", "coordinates": [-6.617, 38.7942]}, "properties": {"id": "7e797c72ba11", "ine": "06072", "first_utc": "2026-06-09T12:36:00Z", "last_utc": "2026-06-10T12:36:00Z", "detections": 3, "frp_max_mw": 4.4, "frp_total_mw": 9.7, "pixel_area_ha": 42.2, "status": "out", "fire_class": "likely_agricultural", "municipality": "Lobón", "province": "Badajoz", "region": "Extremadura", "muni_dist_km": 4.6}}, {"type": "Feature", "geometry": {"type": "Point", "coordinates": [-1.9832, 41.7819]}, "properties": {"id": "5699695ddd5c", "ine": "42134", "first_utc": "2026-06-13T09:39:00Z", "last_utc": "2026-06-13T09:39:00Z", "detections": 1, "frp_max_mw": 4.4, "frp_total_mw": 4.4, "pixel_area_ha": 14.1, "status": "out", "fire_class": "likely_agricultural", "municipality": "Ólvega", "province": "Soria", "region": "Castilla y León", "muni_dist_km": 0.34}}, {"type": "Feature", "geometry": {"type": "Point", "coordinates": [-5.2649, 39.1349]}, "properties": {"id": "acc1f9b6bae3", "ine": "06127", "first_utc": "2026-06-13T12:25:00Z", "last_utc": "2026-06-13T12:25:00Z", "detections": 1, "frp_max_mw": 4.4, "frp_total_mw": 4.4, "pixel_area_ha": 14.1, "status": "out", "fire_class": "likely_agricultural", "municipality": "Talarrubias", "province": "Badajoz", "region": "Extremadura", "muni_dist_km": 3.98}}, {"type": "Feature", "geometry": {"type": "Point", "coordinates": [-8.4362, 43.3453]}, "properties": {"id": "79ec8f418168", "ine": "15030", "first_utc": "2026-06-09T13:42:00Z", "last_utc": "2026-06-14T01:39:00Z", "detections": 11, "frp_max_mw": 4.4, "frp_total_mw": 18.5, "pixel_area_ha": 42.2, "status": "out", "fire_class": "forest", "municipality": "A Coruña", "province": "A Coruña", "region": "Galicia", "muni_dist_km": 0.99}}, {"type": "Feature", "geometry": {"type": "Point", "coordinates": [-0.9346, 38.1186]}, "properties": {"id": "15cc75fc7793", "ine": "03111", "first_utc": "2026-06-17T13:25:00Z", "last_utc": "2026-06-17T13:25:00Z", "detections": 1, "frp_max_mw": 4.4, "frp_total_mw": 4.4, "pixel_area_ha": 14.1, "status": "out", "fire_class": "likely_agricultural", "municipality": "Redován", "province": "Alacant/Alicante", "region": "Comunitat Valenciana", "muni_dist_km": 1.22}}, {"type": "Feature", "geometry": {"type": "Point", "coordinates": [-3.677, 38.9017]}, "properties": {"id": "8905231dbd56", "ine": "13013", "first_utc": "2026-06-17T13:25:00Z", "last_utc": "2026-06-17T13:25:00Z", "detections": 1, "frp_max_mw": 4.4, "frp_total_mw": 4.4, "pixel_area_ha": 14.1, "status": "out", "fire_class": "likely_agricultural", "municipality": "Almagro", "province": "Ciudad Real", "region": "Castilla-La Mancha", "muni_dist_km": 4.56}}, {"type": "Feature", "geometry": {"type": "Point", "coordinates": [2.7916, 39.642]}, "properties": {"id": "c448dce246ac", "ine": "07056", "first_utc": "2026-06-17T13:25:00Z", "last_utc": "2026-06-17T13:25:00Z", "detections": 1, "frp_max_mw": 4.4, "frp_total_mw": 4.4, "pixel_area_ha": 14.1, "status": "out", "fire_class": "likely_agricultural", "municipality": "Santa María del Camí", "province": "Illes Balears", "region": "Illes Balears", "muni_dist_km": 2.97}}, {"type": "Feature", "geometry": {"type": "Point", "coordinates": [-3.5689, 40.4956]}, "properties": {"id": "8c738bee8f57", "ine": "28104", "first_utc": "2026-06-19T12:14:00Z", "last_utc": "2026-06-19T12:14:00Z", "detections": 1, "frp_max_mw": 4.4, "frp_total_mw": 4.4, "pixel_area_ha": 14.1, "status": "out", "fire_class": "likely_agricultural", "municipality": "Paracuellos de Jarama", "province": "Madrid", "region": "Comunidad de Madrid", "muni_dist_km": 4.29}}, {"type": "Feature", "geometry": {"type": "Point", "coordinates": [-8.7541, 42.1128]}, "properties": {"id": "e0342ef8094d", "ine": "36021", "first_utc": "2026-06-24T01:49:00Z", "last_utc": "2026-06-24T03:10:00Z", "detections": 3, "frp_max_mw": 4.4, "frp_total_mw": 5.8, "pixel_area_ha": 28.1, "status": "out", "fire_class": "forest", "municipality": "Gondomar", "province": "Pontevedra", "region": "Galicia", "muni_dist_km": 0.83}}, {"type": "Feature", "geometry": {"type": "Point", "coordinates": [2.2642, 41.9154]}, "properties": {"id": "5165acffdaf5", "ine": "08246", "first_utc": "2026-06-27T11:57:00Z", "last_utc": "2026-06-27T11:57:00Z", "detections": 2, "frp_max_mw": 4.4, "frp_total_mw": 8.8, "pixel_area_ha": 28.1, "status": "out", "fire_class": "urban", "municipality": "Santa Eugènia de Berga", "province": "Barcelona", "region": "Cataluña", "muni_dist_km": 1.47}}, {"type": "Feature", "geometry": {"type": "Point", "coordinates": [-4.2594, 37.7915]}, "properties": {"id": "e2cd4d445dd1", "ine": "14063", "first_utc": "2026-06-30T12:42:00Z", "last_utc": "2026-06-30T12:42:00Z", "detections": 1, "frp_max_mw": 4.4, "frp_total_mw": 4.4, "pixel_area_ha": 14.1, "status": "out", "fire_class": "likely_agricultural", "municipality": "Valenzuela", "province": "Córdoba", "region": "Andalucía", "muni_dist_km": 2.87}}, {"type": "Feature", "geometry": {"type": "Point", "coordinates": [-3.2672, 39.1644]}, "properties": {"id": "3f5c3f6c555c", "ine": "13904", "first_utc": "2026-07-02T12:23:00Z", "last_utc": "2026-07-02T12:23:00Z", "detections": 2, "frp_max_mw": 4.4, "frp_total_mw": 7.8, "pixel_area_ha": 28.1, "status": "out", "fire_class": "likely_agricultural", "municipality": "Llanos del Caudillo", "province": "Ciudad Real", "region": "Castilla-La Mancha", "muni_dist_km": 8.47}}, {"type": "Feature", "geometry": {"type": "Point", "coordinates": [-6.4196, 42.9849]}, "properties": {"id": "6a14d1afefe9", "ine": "24202", "first_utc": "2026-07-12T15:26:00Z", "last_utc": "2026-07-12T15:26:00Z", "detections": 1, "frp_max_mw": 4.4, "frp_total_mw": 4.4, "pixel_area_ha": 14.1, "status": "out", "fire_class": "likely_agricultural", "municipality": "Villablino", "province": "León", "region": "Castilla y León", "muni_dist_km": 7.72}}, {"type": "Feature", "geometry": {"type": "Point", "coordinates": [-3.3574, 39.0569]}, "properties": {"id": "60eaeaca996b", "ine": "13053", "first_utc": "2026-07-15T12:25:00Z", "last_utc": "2026-07-15T12:25:00Z", "detections": 1, "frp_max_mw": 4.4, "frp_total_mw": 4.4, "pixel_area_ha": 14.1, "status": "out", "fire_class": "likely_agricultural", "municipality": "Manzanares", "province": "Ciudad Real", "region": "Castilla-La Mancha", "muni_dist_km": 3.66}}, {"type": "Feature", "geometry": {"type": "Point", "coordinates": [-4.8168, 40.0121]}, "properties": {"id": "e808db902df1", "ine": "45132", "first_utc": "2026-07-25T13:33:00Z", "last_utc": "2026-07-25T13:33:00Z", "detections": 1, "frp_max_mw": 4.4, "frp_total_mw": 4.4, "pixel_area_ha": 14.1, "status": "out", "fire_class": "likely_agricultural", "municipality": "Pepino", "province": "Toledo", "region": "Castilla-La Mancha", "muni_dist_km": 2.7}}, {"type": "Feature", "geometry": {"type": "Point", "coordinates": [-9.2528, 43.0896]}, "properties": {"id": "85fdcc159efb", "ine": "15052", "first_utc": "2026-06-01T14:33:00Z", "last_utc": "2026-06-01T14:33:00Z", "detections": 1, "frp_max_mw": 4.3, "frp_total_mw": 4.3, "pixel_area_ha": 14.1, "status": "out", "fire_class": "likely_agricultural", "municipality": "Muxía", "province": "A Coruña", "region": "Galicia", "muni_dist_km": 6.0}}, {"type": "Feature", "geometry": {"type": "Point", "coordinates": [-6.1643, 37.4275]}, "properties": {"id": "bded791b92af", "ine": "41003", "first_utc": "2026-06-06T12:57:00Z", "last_utc": "2026-06-06T12:57:00Z", "detections": 1, "frp_max_mw": 4.3, "frp_total_mw": 4.3, "pixel_area_ha": 14.1, "status": "out", "fire_class": "likely_agricultural", "municipality": "Albaida del Aljarafe", "province": "Sevilla", "region": "Andalucía", "muni_dist_km": 1.88}}, {"type": "Feature", "geometry": {"type": "Point", "coordinates": [0.1811, 41.925]}, "properties": {"id": "db5b4947358d", "ine": "22158", "first_utc": "2026-06-06T13:53:00Z", "last_utc": "2026-06-06T13:53:00Z", "detections": 1, "frp_max_mw": 4.3, "frp_total_mw": 4.3, "pixel_area_ha": 14.1, "status": "out", "fire_class": "likely_agricultural", "municipality": "Monzón", "province": "Huesca", "region": "Aragón", "muni_dist_km": 3.02}}, {"type": "Feature", "geometry": {"type": "Point", "coordinates": [-6.32, 38.9211]}, "properties": {"id": "3b5243ac2b84", "ine": "06135", "first_utc": "2026-06-07T13:31:00Z", "last_utc": "2026-06-07T13:31:00Z", "detections": 1, "frp_max_mw": 4.3, "frp_total_mw": 4.3, "pixel_area_ha": 14.1, "status": "out", "fire_class": "likely_agricultural", "municipality": "Trujillanos", "province": "Badajoz", "region": "Extremadura", "muni_dist_km": 7.34}}, {"type": "Feature", "geometry": {"type": "Point", "coordinates": [-5.099, 36.81]}, "properties": {"id": "7cf5440cd9c1", "ine": "29020", "first_utc": "2026-06-10T14:16:00Z", "last_utc": "2026-06-10T14:16:00Z", "detections": 1, "frp_max_mw": 4.3, "frp_total_mw": 4.3, "pixel_area_ha": 14.1, "status": "out", "fire_class": "likely_agricultural", "municipality": "Arriate", "province": "Málaga", "region": "Andalucía", "muni_dist_km": 3.62}}, {"type": "Feature", "geometry": {"type": "Point", "coordinates": [-5.804, 42.6632]}, "properties": {"id": "801c6600efba", "ine": "24133", "first_utc": "2026-06-19T12:14:00Z", "last_utc": "2026-06-19T12:14:00Z", "detections": 1, "frp_max_mw": 4.3, "frp_total_mw": 4.3, "pixel_area_ha": 14.1, "status": "out", "fire_class": "forest", "official_area_ha": 2.49, "municipality": "Rioseco de Tapia", "province": "León", "region": "Castilla y León", "muni_dist_km": 5.43}}, {"type": "Feature", "geometry": {"type": "Point", "coordinates": [1.4507, 41.3903]}, "properties": {"id": "d2cc08efe3c3", "ine": "43001", "first_utc": "2026-06-20T11:55:00Z", "last_utc": "2026-06-20T12:46:00Z", "detections": 4, "frp_max_mw": 4.3, "frp_total_mw": 13.7, "pixel_area_ha": 56.2, "status": "out", "fire_class": "forest", "official_area_ha": 3.0, "perimeter_id": "530848", "municipality": "Aiguamúrcia", "province": "Tarragona", "region": "Cataluña", "muni_dist_km": 3.5}}, {"type": "Feature", "geometry": {"type": "Point", "coordinates": [-6.116, 37.5388]}, "properties": {"id": "50b4f04061f2", "ine": "41045", "first_utc": "2026-06-22T12:55:00Z", "last_utc": "2026-06-22T12:55:00Z", "detections": 3, "frp_max_mw": 4.3, "frp_total_mw": 9.8, "pixel_area_ha": 42.2, "status": "out", "fire_class": "likely_agricultural", "municipality": "Gerena", "province": "Sevilla", "region": "Andalucía", "muni_dist_km": 4.49}}, {"type": "Feature", "geometry": {"type": "Point", "coordinates": [-6.1093, 43.3907]}, "properties": {"id": "9bef04a3bfdd", "ine": "33010", "first_utc": "2026-06-23T20:42:00Z", "last_utc": "2026-06-24T01:49:00Z", "detections": 2, "frp_max_mw": 4.3, "frp_total_mw": 5.3, "pixel_area_ha": 28.1, "status": "out", "fire_class": "forest", "official_area_ha": 15.0, "perimeter_id": "541191", "municipality": "Candamo", "province": "Asturias", "region": "Principado de Asturias", "muni_dist_km": 7.51}}, {"type": "Feature", "geometry": {"type": "Point", "coordinates": [-2.22, 36.8402]}, "properties": {"id": "91ec14faed57", "ine": "04066", "first_utc": "2026-06-24T00:58:00Z", "last_utc": "2026-06-24T01:52:00Z", "detections": 5, "frp_max_mw": 4.3, "frp_total_mw": 12.8, "pixel_area_ha": 56.2, "status": "out", "fire_class": "forest", "municipality": "Níjar", "province": "Almería", "region": "Andalucía", "muni_dist_km": 9.85}}, {"type": "Feature", "geometry": {"type": "Point", "coordinates": [-8.722, 42.2854]}, "properties": {"id": "68ee3acb2b29", "ine": "36029", "first_utc": "2026-06-24T02:38:00Z", "last_utc": "2026-06-24T03:32:00Z", "detections": 4, "frp_max_mw": 4.3, "frp_total_mw": 11.5, "pixel_area_ha": 28.1, "status": "out", "fire_class": "forest", "municipality": "Moaña", "province": "Pontevedra", "region": "Galicia", "muni_dist_km": 1.66}}, {"type": "Feature", "geometry": {"type": "Point", "coordinates": [-5.6911, 39.5886]}, "properties": {"id": "fea338178c5f", "ine": "10186", "first_utc": "2026-07-01T12:23:00Z", "last_utc": "2026-07-01T12:23:00Z", "detections": 1, "frp_max_mw": 4.3, "frp_total_mw": 4.3, "pixel_area_ha": 14.1, "status": "out", "fire_class": "likely_agricultural", "municipality": "Torrecillas de la Tiesa", "province": "Cáceres", "region": "Extremadura", "muni_dist_km": 6.08}}, {"type": "Feature", "geometry": {"type": "Point", "coordinates": [-4.3515, 42.6374]}, "properties": {"id": "a33764b3a7cc", "ine": "34139", "first_utc": "2026-07-01T12:23:00Z", "last_utc": "2026-07-02T12:06:00Z", "detections": 4, "frp_max_mw": 4.3, "frp_total_mw": 13.7, "pixel_area_ha": 28.1, "status": "out", "fire_class": "likely_agricultural", "municipality": "Prádanos de Ojeda", "province": "Palencia", "region": "Castilla y León", "muni_dist_km": 3.64}}, {"type": "Feature", "geometry": {"type": "Point", "coordinates": [-3.4726, 39.2443]}, "properties": {"id": "72ca56925196", "ine": "13070", "first_utc": "2026-07-02T12:23:00Z", "last_utc": "2026-07-02T12:23:00Z", "detections": 1, "frp_max_mw": 4.3, "frp_total_mw": 4.3, "pixel_area_ha": 14.1, "status": "out", "fire_class": "likely_agricultural", "municipality": "Puerto Lápice", "province": "Ciudad Real", "region": "Castilla-La Mancha", "muni_dist_km": 3.82}}, {"type": "Feature", "geometry": {"type": "Point", "coordinates": [-8.4596, 43.1292]}, "properties": {"id": "575369febb9b", "ine": "15024", "first_utc": "2026-07-03T01:28:00Z", "last_utc": "2026-07-03T12:53:00Z", "detections": 5, "frp_max_mw": 4.3, "frp_total_mw": 7.7, "pixel_area_ha": 42.2, "status": "out", "fire_class": "agricultural", "official_area_ha": 10.0, "perimeter_id": "555521", "municipality": "Cerceda", "province": "A Coruña", "region": "Galicia", "muni_dist_km": 4.41}}, {"type": "Feature", "geometry": {"type": "Point", "coordinates": [-4.7041, 41.6003]}, "properties": {"id": "9aa932212b23", "ine": "47076", "first_utc": "2026-07-03T13:25:00Z", "last_utc": "2026-07-03T13:25:00Z", "detections": 1, "frp_max_mw": 4.3, "frp_total_mw": 4.3, "pixel_area_ha": 14.1, "status": "out", "fire_class": "forest", "official_area_ha": 0.29, "municipality": "Laguna de Duero", "province": "Valladolid", "region": "Castilla y León", "muni_dist_km": 3.19}}, {"type": "Feature", "geometry": {"type": "Point", "coordinates": [2.2772, 41.5721]}, "properties": {"id": "f60218396bfc", "ine": "08096", "first_utc": "2026-07-04T11:47:00Z", "last_utc": "2026-07-04T13:08:00Z", "detections": 2, "frp_max_mw": 4.3, "frp_total_mw": 7.3, "pixel_area_ha": 28.1, "status": "out", "fire_class": "urban", "municipality": "Granollers", "province": "Barcelona", "region": "Cataluña", "muni_dist_km": 2.29}}, {"type": "Feature", "geometry": {"type": "Point", "coordinates": [-5.9661, 36.8943]}, "properties": {"id": "f221529f6304", "ine": "41903", "first_utc": "2026-07-06T12:29:00Z", "last_utc": "2026-07-07T12:29:00Z", "detections": 2, "frp_max_mw": 4.3, "frp_total_mw": 6.9, "pixel_area_ha": 14.1, "status": "out", "fire_class": "likely_agricultural", "municipality": "El Cuervo de Sevilla", "province": "Sevilla", "region": "Andalucía", "muni_dist_km": 5.48}}, {"type": "Feature", "geometry": {"type": "Point", "coordinates": [-1.5683, 41.9899]}, "properties": {"id": "f4357c6f54e8", "ine": "31106", "first_utc": "2026-07-09T11:53:00Z", "last_utc": "2026-07-09T11:53:00Z", "detections": 1, "frp_max_mw": 4.3, "frp_total_mw": 4.3, "pixel_area_ha": 14.1, "status": "out", "fire_class": "likely_agricultural", "municipality": "Fontellas", "province": "Navarra", "region": "Comunidad Foral de Navarra", "muni_dist_km": 2.14}}, {"type": "Feature", "geometry": {"type": "Point", "coordinates": [-3.5677, 40.4909]}, "properties": {"id": "a01e462c9b25", "ine": "28104", "first_utc": "2026-07-10T12:19:00Z", "last_utc": "2026-07-10T12:19:00Z", "detections": 1, "frp_max_mw": 4.3, "frp_total_mw": 4.3, "pixel_area_ha": 14.1, "status": "out", "fire_class": "likely_agricultural", "municipality": "Paracuellos de Jarama", "province": "Madrid", "region": "Comunidad de Madrid", "muni_dist_km": 4.48}}, {"type": "Feature", "geometry": {"type": "Point", "coordinates": [-7.7921, 42.6866]}, "properties": {"id": "de24aa5f03b8", "ine": "27060", "first_utc": "2026-07-12T15:26:00Z", "last_utc": "2026-07-12T15:26:00Z", "detections": 1, "frp_max_mw": 4.3, "frp_total_mw": 4.3, "pixel_area_ha": 14.1, "status": "out", "fire_class": "likely_agricultural", "municipality": "Taboada", "province": "Lugo", "region": "Galicia", "muni_dist_km": 4.39}}, {"type": "Feature", "geometry": {"type": "Point", "coordinates": [-6.2381, 40.0061]}, "properties": {"id": "ead23cc7df29", "ine": "10016", "first_utc": "2026-07-17T12:23:00Z", "last_utc": "2026-07-17T12:23:00Z", "detections": 1, "frp_max_mw": 4.3, "frp_total_mw": 4.3, "pixel_area_ha": 14.1, "status": "out", "fire_class": "likely_agricultural", "municipality": "Aldehuela de Jerte", "province": "Cáceres", "region": "Extremadura", "muni_dist_km": 1.04}}, {"type": "Feature", "geometry": {"type": "Point", "coordinates": [-5.9389, 37.0023]}, "properties": {"id": "6fad8529d915", "ine": "41020", "first_utc": "2026-07-25T13:31:00Z", "last_utc": "2026-07-25T13:31:00Z", "detections": 1, "frp_max_mw": 4.3, "frp_total_mw": 4.3, "pixel_area_ha": 14.1, "status": "out", "fire_class": "likely_agricultural", "municipality": "Las Cabezas de San Juan", "province": "Sevilla", "region": "Andalucía", "muni_dist_km": 1.79}}, {"type": "Feature", "geometry": {"type": "Point", "coordinates": [-0.1361, 39.8136]}, "properties": {"id": "f4f50d300b87", "ine": "12077", "first_utc": "2026-07-25T13:33:00Z", "last_utc": "2026-07-25T13:33:00Z", "detections": 1, "frp_max_mw": 4.3, "frp_total_mw": 4.3, "pixel_area_ha": 14.1, "status": "out", "fire_class": "likely_agricultural", "municipality": "Moncofa", "province": "Castelló/Castellón", "region": "Comunitat Valenciana", "muni_dist_km": 2.18}}, {"type": "Feature", "geometry": {"type": "Point", "coordinates": [-5.7203, 37.4105]}, "properties": {"id": "e331a546d992", "ine": "41102", "first_utc": "2026-06-02T12:32:00Z", "last_utc": "2026-06-02T12:32:00Z", "detections": 2, "frp_max_mw": 4.2, "frp_total_mw": 8.1, "pixel_area_ha": 28.1, "status": "out", "fire_class": "likely_agricultural", "municipality": "El Viso del Alcor", "province": "Sevilla", "region": "Andalucía", "muni_dist_km": 2.87}}, {"type": "Feature", "geometry": {"type": "Point", "coordinates": [-3.8388, 43.4123]}, "properties": {"id": "591cda4344cd", "ine": "39008", "first_utc": "2026-06-03T03:04:00Z", "last_utc": "2026-06-03T13:08:00Z", "detections": 4, "frp_max_mw": 4.2, "frp_total_mw": 8.5, "pixel_area_ha": 42.2, "status": "out", "fire_class": "forest", "municipality": "El Astillero", "province": "Cantabria", "region": "Cantabria", "muni_dist_km": 1.28}}, {"type": "Feature", "geometry": {"type": "Point", "coordinates": [-6.3974, 38.6698]}, "properties": {"id": "067fe9840a0f", "ine": "06011", "first_utc": "2026-06-05T13:50:00Z", "last_utc": "2026-06-05T13:50:00Z", "detections": 1, "frp_max_mw": 4.2, "frp_total_mw": 4.2, "pixel_area_ha": 14.1, "status": "out", "fire_class": "likely_agricultural", "municipality": "Almendralejo", "province": "Badajoz", "region": "Extremadura", "muni_dist_km": 4.42}}, {"type": "Feature", "geometry": {"type": "Point", "coordinates": [-5.8323, 43.5401]}, "properties": {"id": "9c6b89e2b331", "ine": "33014", "first_utc": "2026-06-05T02:28:00Z", "last_utc": "2026-06-07T02:09:00Z", "detections": 6, "frp_max_mw": 4.2, "frp_total_mw": 16.2, "pixel_area_ha": 42.2, "status": "out", "fire_class": "forest", "municipality": "Carreño", "province": "Asturias", "region": "Principado de Asturias", "muni_dist_km": 3.38}}, {"type": "Feature", "geometry": {"type": "Point", "coordinates": [-2.8834, 39.2394]}, "properties": {"id": "b0f359510be4", "ine": "13078", "first_utc": "2026-06-08T12:19:00Z", "last_utc": "2026-06-08T12:19:00Z", "detections": 1, "frp_max_mw": 4.2, "frp_total_mw": 4.2, "pixel_area_ha": 14.1, "status": "out", "fire_class": "likely_agricultural", "municipality": "Socuéllamos", "province": "Ciudad Real", "region": "Castilla-La Mancha", "muni_dist_km": 4.02}}, {"type": "Feature", "geometry": {"type": "Point", "coordinates": [-6.2701, 38.9909]}, "properties": {"id": "31ccc3952804", "ine": "06084", "first_utc": "2026-06-12T01:58:00Z", "last_utc": "2026-06-12T03:38:00Z", "detections": 9, "frp_max_mw": 4.2, "frp_total_mw": 18.5, "pixel_area_ha": 56.2, "status": "out", "fire_class": "forest", "municipality": "Mirandilla", "province": "Badajoz", "region": "Extremadura", "muni_dist_km": 2.64}}, {"type": "Feature", "geometry": {"type": "Point", "coordinates": [0.179, 41.924]}, "properties": {"id": "d41998d256e7", "ine": "22158", "first_utc": "2026-06-16T02:21:00Z", "last_utc": "2026-06-17T02:21:00Z", "detections": 6, "frp_max_mw": 4.2, "frp_total_mw": 10.2, "pixel_area_ha": 56.2, "status": "out", "fire_class": "forest", "municipality": "Monzón", "province": "Huesca", "region": "Aragón", "muni_dist_km": 2.67}}, {"type": "Feature", "geometry": {"type": "Point", "coordinates": [-2.776, 40.8804]}, "properties": {"id": "9b4269d4f844", "ine": "19020", "first_utc": "2026-06-19T12:14:00Z", "last_utc": "2026-06-19T12:14:00Z", "detections": 1, "frp_max_mw": 4.2, "frp_total_mw": 4.2, "pixel_area_ha": 14.1, "status": "out", "fire_class": "likely_agricultural", "municipality": "Almadrones", "province": "Guadalajara", "region": "Castilla-La Mancha", "muni_dist_km": 2.04}}, {"type": "Feature", "geometry": {"type": "Point", "coordinates": [-3.6775, 38.2994]}, "properties": {"id": "81e26884ad60", "ine": "23024", "first_utc": "2026-06-20T12:46:00Z", "last_utc": "2026-06-20T12:46:00Z", "detections": 2, "frp_max_mw": 4.2, "frp_total_mw": 8.4, "pixel_area_ha": 28.1, "status": "out", "fire_class": "forest", "official_area_ha": 16.0, "perimeter_id": "527100", "municipality": "La Carolina", "province": "Jaén", "region": "Andalucía", "muni_dist_km": 5.46}}, {"type": "Feature", "geometry": {"type": "Point", "coordinates": [-3.7873, 42.743]}, "properties": {"id": "af7b09884286", "ine": "09905", "first_utc": "2026-06-25T13:42:00Z", "last_utc": "2026-06-25T13:42:00Z", "detections": 1, "frp_max_mw": 4.2, "frp_total_mw": 4.2, "pixel_area_ha": 14.1, "status": "out", "fire_class": "forest", "official_area_ha": 0.94, "municipality": "Valle de Sedano", "province": "Burgos", "region": "Castilla y León", "muni_dist_km": 3.75}}, {"type": "Feature", "geometry": {"type": "Point", "coordinates": [-5.5249, 37.6487]}, "properties": {"id": "cf418aad242b", "ine": "41055", "first_utc": "2026-06-25T14:16:00Z", "last_utc": "2026-06-25T14:16:00Z", "detections": 2, "frp_max_mw": 4.2, "frp_total_mw": 6.3, "pixel_area_ha": 14.1, "status": "out", "fire_class": "likely_agricultural", "municipality": "Lora del Río", "province": "Sevilla", "region": "Andalucía", "muni_dist_km": 2.75}}, {"type": "Feature", "geometry": {"type": "Point", "coordinates": [-4.0464, 38.6653]}, "properties": {"id": "24c867ce425e", "ine": "13071", "first_utc": "2026-06-27T03:21:00Z", "last_utc": "2026-06-27T03:21:00Z", "detections": 2, "frp_max_mw": 4.2, "frp_total_mw": 8.4, "pixel_area_ha": 14.1, "status": "out", "fire_class": "forest", "municipality": "Puertollano", "province": "Ciudad Real", "region": "Castilla-La Mancha", "muni_dist_km": 2.08}}, {"type": "Feature", "geometry": {"type": "Point", "coordinates": [-1.5397, 38.2576]}, "properties": {"id": "8b2d0fc2ca6c", "ine": "30019", "first_utc": "2026-07-01T04:00:00Z", "last_utc": "2026-07-01T04:00:00Z", "detections": 1, "frp_max_mw": 4.2, "frp_total_mw": 4.2, "pixel_area_ha": 14.1, "status": "out", "fire_class": "forest", "municipality": "Cieza", "province": "Murcia", "region": "Región de Murcia", "muni_dist_km": 6.36}}, {"type": "Feature", "geometry": {"type": "Point", "coordinates": [-5.8269, 36.5089]}, "properties": {"id": "faf8d3d1f7b5", "ine": "11025", "first_utc": "2026-07-05T12:49:00Z", "last_utc": "2026-07-05T12:49:00Z", "detections": 4, "frp_max_mw": 4.2, "frp_total_mw": 13.3, "pixel_area_ha": 42.2, "status": "out", "fire_class": "likely_agricultural", "municipality": "Paterna de Rivera", "province": "Cádiz", "region": "Andalucía", "muni_dist_km": 2.5}}, {"type": "Feature", "geometry": {"type": "Point", "coordinates": [-2.9053, 40.3533]}, "properties": {"id": "e3274e27b9a9", "ine": "19335", "first_utc": "2026-07-07T12:12:00Z", "last_utc": "2026-07-08T12:12:00Z", "detections": 3, "frp_max_mw": 4.2, "frp_total_mw": 9.6, "pixel_area_ha": 28.1, "status": "out", "fire_class": "likely_agricultural", "municipality": "Zorita de los Canes", "province": "Guadalajara", "region": "Castilla-La Mancha", "muni_dist_km": 2.91}}, {"type": "Feature", "geometry": {"type": "Point", "coordinates": [-2.2312, 42.3419]}, "properties": {"id": "f92c60fa8f9c", "ine": "26053", "first_utc": "2026-07-08T13:53:00Z", "last_utc": "2026-07-08T13:53:00Z", "detections": 4, "frp_max_mw": 4.2, "frp_total_mw": 12.8, "pixel_area_ha": 42.2, "status": "out", "fire_class": "likely_agricultural", "municipality": "Corera", "province": "La Rioja", "region": "La Rioja", "muni_dist_km": 1.69}}, {"type": "Feature", "geometry": {"type": "Point", "coordinates": [2.0811, 41.9355]}, "properties": {"id": "7c5aaee6cce2", "ine": "08151", "first_utc": "2026-07-21T00:50:00Z", "last_utc": "2026-07-21T01:45:00Z", "detections": 5, "frp_max_mw": 4.2, "frp_total_mw": 12.4, "pixel_area_ha": 28.1, "status": "out", "fire_class": "forest", "municipality": "Oristà", "province": "Barcelona", "region": "Cataluña", "muni_dist_km": 1.65}}, {"type": "Feature", "geometry": {"type": "Point", "coordinates": [-5.5637, 37.5234]}, "properties": {"id": "a8c569d4bcfd", "ine": "41024", "first_utc": "2026-06-07T13:31:00Z", "last_utc": "2026-06-07T13:31:00Z", "detections": 1, "frp_max_mw": 4.1, "frp_total_mw": 4.1, "pixel_area_ha": 14.1, "status": "out", "fire_class": "likely_agricultural", "municipality": "Carmona", "province": "Sevilla", "region": "Andalucía", "muni_dist_km": 9.51}}, {"type": "Feature", "geometry": {"type": "Point", "coordinates": [-3.6153, 40.5419]}, "properties": {"id": "d2b1acf4e12c", "ine": "28006", "first_utc": "2026-06-13T12:25:00Z", "last_utc": "2026-06-13T12:25:00Z", "detections": 2, "frp_max_mw": 4.1, "frp_total_mw": 6.9, "pixel_area_ha": 28.1, "status": "out", "fire_class": "likely_agricultural", "municipality": "Alcobendas", "province": "Madrid", "region": "Comunidad de Madrid", "muni_dist_km": 1.3}}, {"type": "Feature", "geometry": {"type": "Point", "coordinates": [-6.4858, 38.8283]}, "properties": {"id": "e4b7e8194673", "ine": "06012", "first_utc": "2026-06-13T20:42:00Z", "last_utc": "2026-06-13T20:42:00Z", "detections": 1, "frp_max_mw": 4.1, "frp_total_mw": 4.1, "pixel_area_ha": 14.1, "status": "out", "fire_class": "forest", "municipality": "Arroyo de San Serván", "province": "Badajoz", "region": "Extremadura", "muni_dist_km": 3.09}}, {"type": "Feature", "geometry": {"type": "Point", "coordinates": [-1.0136, 38.2547]}, "properties": {"id": "dbad9889aaf4", "ine": "30001", "first_utc": "2026-06-24T12:19:00Z", "last_utc": "2026-06-24T12:19:00Z", "detections": 1, "frp_max_mw": 4.1, "frp_total_mw": 4.1, "pixel_area_ha": 14.1, "status": "out", "fire_class": "likely_agricultural", "municipality": "Abanilla", "province": "Murcia", "region": "Región de Murcia", "muni_dist_km": 3.33}}, {"type": "Feature", "geometry": {"type": "Point", "coordinates": [-5.2754, 37.6315]}, "properties": {"id": "64aef2e51d15", "ine": "14049", "first_utc": "2026-06-29T12:25:00Z", "last_utc": "2026-06-29T12:25:00Z", "detections": 1, "frp_max_mw": 4.1, "frp_total_mw": 4.1, "pixel_area_ha": 14.1, "status": "out", "fire_class": "likely_agricultural", "municipality": "Palma del Río", "province": "Córdoba", "region": "Andalucía", "muni_dist_km": 4.81}}, {"type": "Feature", "geometry": {"type": "Point", "coordinates": [-4.8119, 41.6365]}, "properties": {"id": "925a41d58fc1", "ine": "47010", "first_utc": "2026-07-01T12:23:00Z", "last_utc": "2026-07-01T12:23:00Z", "detections": 1, "frp_max_mw": 4.1, "frp_total_mw": 4.1, "pixel_area_ha": 14.1, "status": "out", "fire_class": "likely_agricultural", "municipality": "Arroyo de la Encomienda", "province": "Valladolid", "region": "Castilla y León", "muni_dist_km": 2.02}}, {"type": "Feature", "geometry": {"type": "Point", "coordinates": [-2.7602, 40.8796]}, "properties": {"id": "f624301ffbbb", "ine": "19020", "first_utc": "2026-07-05T12:14:00Z", "last_utc": "2026-07-05T12:14:00Z", "detections": 1, "frp_max_mw": 4.1, "frp_total_mw": 4.1, "pixel_area_ha": 14.1, "status": "out", "fire_class": "likely_agricultural", "municipality": "Almadrones", "province": "Guadalajara", "region": "Castilla-La Mancha", "muni_dist_km": 1.76}}, {"type": "Feature", "geometry": {"type": "Point", "coordinates": [-3.838, 40.2672]}, "properties": {"id": "fd25fcf289d2", "ine": "28073", "first_utc": "2026-07-15T13:21:00Z", "last_utc": "2026-07-15T13:21:00Z", "detections": 1, "frp_max_mw": 4.1, "frp_total_mw": 4.1, "pixel_area_ha": 14.1, "status": "out", "fire_class": "likely_agricultural", "municipality": "Humanes de Madrid", "province": "Madrid", "region": "Comunidad de Madrid", "muni_dist_km": 2.01}}, {"type": "Feature", "geometry": {"type": "Point", "coordinates": [0.8099, 41.5255]}, "properties": {"id": "f2db10e7ee5a", "ine": "25119", "first_utc": "2026-06-12T11:57:00Z", "last_utc": "2026-06-12T11:57:00Z", "detections": 1, "frp_max_mw": 4.0, "frp_total_mw": 4.0, "pixel_area_ha": 14.1, "status": "out", "fire_class": "likely_agricultural", "municipality": "Juneda", "province": "Lleida", "region": "Cataluña", "muni_dist_km": 1.52}}, {"type": "Feature", "geometry": {"type": "Point", "coordinates": [-4.0517, 38.6671]}, "properties": {"id": "754359896dac", "ine": "13071", "first_utc": "2026-06-19T01:26:00Z", "last_utc": "2026-06-20T03:06:00Z", "detections": 8, "frp_max_mw": 4.0, "frp_total_mw": 19.8, "pixel_area_ha": 70.3, "status": "out", "fire_class": "forest", "municipality": "Puertollano", "province": "Ciudad Real", "region": "Castilla-La Mancha", "muni_dist_km": 1.87}}, {"type": "Feature", "geometry": {"type": "Point", "coordinates": [-3.4195, 40.5296]}, "properties": {"id": "34056960fe9e", "ine": "28053", "first_utc": "2026-07-02T12:23:00Z", "last_utc": "2026-07-02T12:23:00Z", "detections": 1, "frp_max_mw": 4.0, "frp_total_mw": 4.0, "pixel_area_ha": 14.1, "status": "out", "fire_class": "likely_agricultural", "municipality": "Daganzo de Arriba", "province": "Madrid", "region": "Comunidad de Madrid", "muni_dist_km": 3.96}}, {"type": "Feature", "geometry": {"type": "Point", "coordinates": [-4.5494, 42.1633]}, "properties": {"id": "b9371807bcb0", "ine": "34155", "first_utc": "2026-07-02T12:23:00Z", "last_utc": "2026-07-02T12:23:00Z", "detections": 1, "frp_max_mw": 4.0, "frp_total_mw": 4.0, "pixel_area_ha": 14.1, "status": "out", "fire_class": "forest", "official_area_ha": 0.16, "municipality": "Ribas de Campos", "province": "Palencia", "region": "Castilla y León", "muni_dist_km": 2.77}}, {"type": "Feature", "geometry": {"type": "Point", "coordinates": [-4.1876, 38.6799]}, "properties": {"id": "3b6fb9b5f529", "ine": "13071", "first_utc": "2026-07-12T13:23:00Z", "last_utc": "2026-07-12T13:23:00Z", "detections": 1, "frp_max_mw": 4.0, "frp_total_mw": 4.0, "pixel_area_ha": 14.1, "status": "out", "fire_class": "likely_agricultural", "municipality": "Puertollano", "province": "Ciudad Real", "region": "Castilla-La Mancha", "muni_dist_km": 11.54}}, {"type": "Feature", "geometry": {"type": "Point", "coordinates": [-0.1507, 42.0891]}, "properties": {"id": "84547917cc9f", "ine": "22027", "first_utc": "2026-07-16T13:48:00Z", "last_utc": "2026-07-17T03:00:00Z", "detections": 4, "frp_max_mw": 4.0, "frp_total_mw": 6.4, "pixel_area_ha": 42.2, "status": "out", "fire_class": "forest", "municipality": "Angüés", "province": "Huesca", "region": "Aragón", "muni_dist_km": 0.34}}, {"type": "Feature", "geometry": {"type": "Point", "coordinates": [2.916, 42.1311]}, "properties": {"id": "f54309643d13", "ine": "17016", "first_utc": "2026-07-20T11:49:00Z", "last_utc": "2026-07-20T11:49:00Z", "detections": 1, "frp_max_mw": 4.0, "frp_total_mw": 4.0, "pixel_area_ha": 14.1, "status": "out", "fire_class": "urban", "municipality": "Bàscara", "province": "Girona", "region": "Cataluña", "muni_dist_km": 1.13}}, {"type": "Feature", "geometry": {"type": "Point", "coordinates": [-4.9065, 41.3173]}, "properties": {"id": "1a7bea7e06c2", "ine": "47085", "first_utc": "2026-07-26T12:55:00Z", "last_utc": "2026-07-26T12:55:00Z", "detections": 1, "frp_max_mw": 4.0, "frp_total_mw": 4.0, "pixel_area_ha": 14.1, "status": "out", "fire_class": "likely_agricultural", "municipality": "Medina del Campo", "province": "Valladolid", "region": "Castilla y León", "muni_dist_km": 0.32}}, {"type": "Feature", "geometry": {"type": "Point", "coordinates": [-3.3572, 40.6058]}, "properties": {"id": "bb43254c365e", "ine": "28156", "first_utc": "2026-06-11T12:17:00Z", "last_utc": "2026-06-11T12:17:00Z", "detections": 1, "frp_max_mw": 3.9, "frp_total_mw": 3.9, "pixel_area_ha": 14.1, "status": "out", "fire_class": "likely_agricultural", "municipality": "Valdeavero", "province": "Madrid", "region": "Comunidad de Madrid", "muni_dist_km": 1.97}}, {"type": "Feature", "geometry": {"type": "Point", "coordinates": [-4.8813, 37.7721]}, "properties": {"id": "009eafd6bbec", "ine": "14033", "first_utc": "2026-06-11T13:38:00Z", "last_utc": "2026-06-11T13:38:00Z", "detections": 2, "frp_max_mw": 3.9, "frp_total_mw": 7.0, "pixel_area_ha": 28.1, "status": "out", "fire_class": "likely_agricultural", "municipality": "Guadalcázar", "province": "Córdoba", "region": "Andalucía", "muni_dist_km": 8.12}}, {"type": "Feature", "geometry": {"type": "Point", "coordinates": [-5.9944, 36.6585]}, "properties": {"id": "003f8b49ab16", "ine": "11020", "first_utc": "2026-06-13T12:59:00Z", "last_utc": "2026-06-13T12:59:00Z", "detections": 2, "frp_max_mw": 3.9, "frp_total_mw": 7.9, "pixel_area_ha": 28.1, "status": "out", "fire_class": "likely_agricultural", "municipality": "Jerez de la Frontera", "province": "Cádiz", "region": "Andalucía", "muni_dist_km": 3.54}}, {"type": "Feature", "geometry": {"type": "Point", "coordinates": [-4.9697, 37.3727]}, "properties": {"id": "156b7381cec6", "ine": "41061", "first_utc": "2026-06-26T01:13:00Z", "last_utc": "2026-06-26T02:53:00Z", "detections": 6, "frp_max_mw": 3.9, "frp_total_mw": 16.5, "pixel_area_ha": 56.2, "status": "out", "fire_class": "forest", "municipality": "Marinaleda", "province": "Sevilla", "region": "Andalucía", "muni_dist_km": 2.21}}, {"type": "Feature", "geometry": {"type": "Point", "coordinates": [-5.6387, 40.9918]}, "properties": {"id": "707a045416c7", "ine": "37362", "first_utc": "2026-06-26T13:23:00Z", "last_utc": "2026-06-26T13:23:00Z", "detections": 2, "frp_max_mw": 3.9, "frp_total_mw": 7.6, "pixel_area_ha": 28.1, "status": "out", "fire_class": "likely_agricultural", "municipality": "Villares de la Reina", "province": "Salamanca", "region": "Castilla y León", "muni_dist_km": 2.18}}, {"type": "Feature", "geometry": {"type": "Point", "coordinates": [-3.5658, 40.4919]}, "properties": {"id": "b4ffca89e8d4", "ine": "28104", "first_utc": "2026-06-27T12:19:00Z", "last_utc": "2026-06-27T12:19:00Z", "detections": 1, "frp_max_mw": 3.9, "frp_total_mw": 3.9, "pixel_area_ha": 14.1, "status": "out", "fire_class": "likely_agricultural", "municipality": "Paracuellos de Jarama", "province": "Madrid", "region": "Comunidad de Madrid", "muni_dist_km": 4.28}}, {"type": "Feature", "geometry": {"type": "Point", "coordinates": [-1.7011, 39.4424]}, "properties": {"id": "0cb5eb5d719a", "ine": "16113", "first_utc": "2026-06-27T13:38:00Z", "last_utc": "2026-06-27T13:38:00Z", "detections": 1, "frp_max_mw": 3.9, "frp_total_mw": 3.9, "pixel_area_ha": 14.1, "status": "out", "fire_class": "likely_agricultural", "municipality": "Iniesta", "province": "Cuenca", "region": "Castilla-La Mancha", "muni_dist_km": 3.41}}, {"type": "Feature", "geometry": {"type": "Point", "coordinates": [-4.9879, 37.0151]}, "properties": {"id": "1c89a70d4c5b", "ine": "29010", "first_utc": "2026-06-28T12:44:00Z", "last_utc": "2026-06-28T12:44:00Z", "detections": 1, "frp_max_mw": 3.9, "frp_total_mw": 3.9, "pixel_area_ha": 14.1, "status": "out", "fire_class": "likely_agricultural", "municipality": "Almargen", "province": "Málaga", "region": "Andalucía", "muni_dist_km": 2.93}}, {"type": "Feature", "geometry": {"type": "Point", "coordinates": [-6.1066, 36.5189]}, "properties": {"id": "0a56327005d8", "ine": "11028", "first_utc": "2026-07-10T13:14:00Z", "last_utc": "2026-07-10T13:14:00Z", "detections": 1, "frp_max_mw": 3.9, "frp_total_mw": 3.9, "pixel_area_ha": 14.1, "status": "out", "fire_class": "likely_agricultural", "municipality": "Puerto Real", "province": "Cádiz", "region": "Andalucía", "muni_dist_km": 0.66}}, {"type": "Feature", "geometry": {"type": "Point", "coordinates": [-0.1267, 41.8316]}, "properties": {"id": "dc1cc3754b4d", "ine": "22079", "first_utc": "2026-07-17T14:03:00Z", "last_utc": "2026-07-17T14:03:00Z", "detections": 1, "frp_max_mw": 3.9, "frp_total_mw": 3.9, "pixel_area_ha": 14.1, "status": "out", "fire_class": "likely_agricultural", "municipality": "Capdesaso", "province": "Huesca", "region": "Aragón", "muni_dist_km": 5.17}}, {"type": "Feature", "geometry": {"type": "Point", "coordinates": [-0.9267, 41.6485]}, "properties": {"id": "b62df747e316", "ine": "50297", "first_utc": "2026-07-25T13:14:00Z", "last_utc": "2026-07-25T13:14:00Z", "detections": 1, "frp_max_mw": 3.9, "frp_total_mw": 3.9, "pixel_area_ha": 14.1, "status": "out", "fire_class": "likely_agricultural", "municipality": "Zaragoza", "province": "Zaragoza", "region": "Aragón", "muni_dist_km": 3.59}}, {"type": "Feature", "geometry": {"type": "Point", "coordinates": [-5.5418, 43.5292]}, "properties": {"id": "7791bd10ece2", "ine": "33076", "first_utc": "2026-07-25T12:40:00Z", "last_utc": "2026-07-25T13:16:00Z", "detections": 2, "frp_max_mw": 3.9, "frp_total_mw": 6.8, "pixel_area_ha": 28.1, "status": "out", "fire_class": "likely_agricultural", "municipality": "Villaviciosa", "province": "Asturias", "region": "Principado de Asturias", "muni_dist_km": 8.09}}, {"type": "Feature", "geometry": {"type": "Point", "coordinates": [-6.4471, 38.8605]}, "properties": {"id": "c33571803884", "ine": "06012", "first_utc": "2026-06-01T12:53:00Z", "last_utc": "2026-06-01T12:53:00Z", "detections": 1, "frp_max_mw": 3.8, "frp_total_mw": 3.8, "pixel_area_ha": 14.1, "status": "out", "fire_class": "likely_agricultural", "municipality": "Arroyo de San Serván", "province": "Badajoz", "region": "Extremadura", "muni_dist_km": 2.43}}, {"type": "Feature", "geometry": {"type": "Point", "coordinates": [-6.33, 37.3745]}, "properties": {"id": "0ff02f6d51b2", "ine": "41025", "first_utc": "2026-06-10T14:16:00Z", "last_utc": "2026-06-10T14:16:00Z", "detections": 1, "frp_max_mw": 3.8, "frp_total_mw": 3.8, "pixel_area_ha": 14.1, "status": "out", "fire_class": "likely_agricultural", "municipality": "Carrión de los Céspedes", "province": "Sevilla", "region": "Andalucía", "muni_dist_km": 1.16}}, {"type": "Feature", "geometry": {"type": "Point", "coordinates": [0.2071, 41.4938]}, "properties": {"id": "6808ac87ed17", "ine": "22112", "first_utc": "2026-06-19T00:50:00Z", "last_utc": "2026-06-20T02:11:00Z", "detections": 11, "frp_max_mw": 3.8, "frp_total_mw": 24.6, "pixel_area_ha": 126.5, "status": "out", "fire_class": "forest", "municipality": "Fraga", "province": "Huesca", "region": "Aragón", "muni_dist_km": 0.86}}, {"type": "Feature", "geometry": {"type": "Point", "coordinates": [-3.8497, 40.4721]}, "properties": {"id": "9ab1aa908f63", "ine": "28080", "first_utc": "2026-06-26T12:36:00Z", "last_utc": "2026-06-26T12:36:00Z", "detections": 2, "frp_max_mw": 3.8, "frp_total_mw": 6.3, "pixel_area_ha": 14.1, "status": "out", "fire_class": "likely_agricultural", "municipality": "Majadahonda", "province": "Madrid", "region": "Comunidad de Madrid", "muni_dist_km": 3.85}}, {"type": "Feature", "geometry": {"type": "Point", "coordinates": [-2.1378, 38.4759]}, "properties": {"id": "ff45cf665b63", "ine": "02030", "first_utc": "2026-06-28T13:38:00Z", "last_utc": "2026-06-28T13:38:00Z", "detections": 1, "frp_max_mw": 3.8, "frp_total_mw": 3.8, "pixel_area_ha": 14.1, "status": "out", "fire_class": "likely_agricultural", "municipality": "Elche de la Sierra", "province": "Albacete", "region": "Castilla-La Mancha", "muni_dist_km": 4.36}}, {"type": "Feature", "geometry": {"type": "Point", "coordinates": [-3.8395, 40.2668]}, "properties": {"id": "d6a48aa6e6aa", "ine": "28073", "first_utc": "2026-06-29T13:21:00Z", "last_utc": "2026-06-29T13:21:00Z", "detections": 1, "frp_max_mw": 3.8, "frp_total_mw": 3.8, "pixel_area_ha": 14.1, "status": "out", "fire_class": "likely_agricultural", "municipality": "Humanes de Madrid", "province": "Madrid", "region": "Comunidad de Madrid", "muni_dist_km": 2.04}}, {"type": "Feature", "geometry": {"type": "Point", "coordinates": [-3.5471, 36.7381]}, "properties": {"id": "120656d612b5", "ine": "18173", "first_utc": "2026-07-01T12:21:00Z", "last_utc": "2026-07-01T12:21:00Z", "detections": 1, "frp_max_mw": 3.8, "frp_total_mw": 3.8, "pixel_area_ha": 14.1, "status": "out", "fire_class": "likely_agricultural", "municipality": "Salobreña", "province": "Granada", "region": "Andalucía", "muni_dist_km": 4.2}}, {"type": "Feature", "geometry": {"type": "Point", "coordinates": [-6.526, 39.4601]}, "properties": {"id": "26d15a80ee7d", "ine": "10115", "first_utc": "2026-07-04T12:32:00Z", "last_utc": "2026-07-04T12:32:00Z", "detections": 1, "frp_max_mw": 3.8, "frp_total_mw": 3.8, "pixel_area_ha": 14.1, "status": "out", "fire_class": "likely_agricultural", "municipality": "Malpartida de Cáceres", "province": "Cáceres", "region": "Extremadura", "muni_dist_km": 3.07}}, {"type": "Feature", "geometry": {"type": "Point", "coordinates": [-6.096, 36.5198]}, "properties": {"id": "9054b8fbbe85", "ine": "11028", "first_utc": "2026-07-04T13:06:00Z", "last_utc": "2026-07-04T13:06:00Z", "detections": 1, "frp_max_mw": 3.8, "frp_total_mw": 3.8, "pixel_area_ha": 14.1, "status": "out", "fire_class": "likely_agricultural", "municipality": "Puerto Real", "province": "Cádiz", "region": "Andalucía", "muni_dist_km": 1.43}}, {"type": "Feature", "geometry": {"type": "Point", "coordinates": [-2.6842, 37.4413]}, "properties": {"id": "be839837e116", "ine": "18039", "first_utc": "2026-07-05T12:49:00Z", "last_utc": "2026-07-05T12:49:00Z", "detections": 1, "frp_max_mw": 3.8, "frp_total_mw": 3.8, "pixel_area_ha": 14.1, "status": "out", "fire_class": "likely_agricultural", "municipality": "Caniles", "province": "Granada", "region": "Andalucía", "muni_dist_km": 2.83}}, {"type": "Feature", "geometry": {"type": "Point", "coordinates": [1.1977, 41.0937]}, "properties": {"id": "00b856d24594", "ine": "43907", "first_utc": "2026-07-07T12:29:00Z", "last_utc": "2026-07-07T12:29:00Z", "detections": 1, "frp_max_mw": 3.8, "frp_total_mw": 3.8, "pixel_area_ha": 14.1, "status": "out", "fire_class": "urban", "municipality": "La Canonja", "province": "Tarragona", "region": "Cataluña", "muni_dist_km": 2.73}}, {"type": "Feature", "geometry": {"type": "Point", "coordinates": [-4.4857, 39.9502]}, "properties": {"id": "a27dc70b5401", "ine": "45060", "first_utc": "2026-07-09T01:15:00Z", "last_utc": "2026-07-09T02:56:00Z", "detections": 5, "frp_max_mw": 3.8, "frp_total_mw": 11.2, "pixel_area_ha": 56.2, "status": "out", "fire_class": "forest", "municipality": "Erustes", "province": "Toledo", "region": "Castilla-La Mancha", "muni_dist_km": 0.9}}, {"type": "Feature", "geometry": {"type": "Point", "coordinates": [-4.0964, 36.7858]}, "properties": {"id": "fc346b15405f", "ine": "29094", "first_utc": "2026-07-10T13:59:00Z", "last_utc": "2026-07-10T13:59:00Z", "detections": 1, "frp_max_mw": 3.8, "frp_total_mw": 3.8, "pixel_area_ha": 14.1, "status": "out", "fire_class": "likely_agricultural", "municipality": "Vélez-Málaga", "province": "Málaga", "region": "Andalucía", "muni_dist_km": 3.72}}, {"type": "Feature", "geometry": {"type": "Point", "coordinates": [-7.9269, 43.263]}, "properties": {"id": "ecf88614d2a9", "ine": "15003", "first_utc": "2026-07-12T12:38:00Z", "last_utc": "2026-07-12T13:25:00Z", "detections": 2, "frp_max_mw": 3.8, "frp_total_mw": 5.6, "pixel_area_ha": 28.1, "status": "out", "fire_class": "forest", "official_area_ha": 3.0, "perimeter_id": "561745", "municipality": "Aranga", "province": "A Coruña", "region": "Galicia", "muni_dist_km": 8.22}}, {"type": "Feature", "geometry": {"type": "Point", "coordinates": [-7.99, 42.4017]}, "properties": {"id": "5903496e9dc9", "ine": "32045", "first_utc": "2026-07-13T13:04:00Z", "last_utc": "2026-07-13T13:04:00Z", "detections": 1, "frp_max_mw": 3.8, "frp_total_mw": 3.8, "pixel_area_ha": 14.1, "status": "out", "fire_class": "likely_agricultural", "municipality": "Maside", "province": "Ourense", "region": "Galicia", "muni_dist_km": 3.04}}, {"type": "Feature", "geometry": {"type": "Point", "coordinates": [0.0082, 42.4533]}, "properties": {"id": "9df685409bb0", "ine": "22066", "first_utc": "2026-07-16T13:01:00Z", "last_utc": "2026-07-16T13:01:00Z", "detections": 1, "frp_max_mw": 3.8, "frp_total_mw": 3.8, "pixel_area_ha": 14.1, "status": "out", "fire_class": "likely_agricultural", "municipality": "Boltaña", "province": "Huesca", "region": "Aragón", "muni_dist_km": 4.26}}, {"type": "Feature", "geometry": {"type": "Point", "coordinates": [-8.4361, 43.3474]}, "properties": {"id": "8a943159d9c1", "ine": "15030", "first_utc": "2026-07-17T13:29:00Z", "last_utc": "2026-07-18T02:43:00Z", "detections": 3, "frp_max_mw": 3.8, "frp_total_mw": 5.5, "pixel_area_ha": 28.1, "status": "out", "fire_class": "forest", "municipality": "A Coruña", "province": "A Coruña", "region": "Galicia", "muni_dist_km": 1.06}}, {"type": "Feature", "geometry": {"type": "Point", "coordinates": [-8.4365, 43.346]}, "properties": {"id": "a7f2992b9deb", "ine": "15030", "first_utc": "2026-07-20T02:04:00Z", "last_utc": "2026-07-24T02:30:00Z", "detections": 13, "frp_max_mw": 3.8, "frp_total_mw": 18.4, "pixel_area_ha": 42.2, "status": "out", "fire_class": "forest", "municipality": "A Coruña", "province": "A Coruña", "region": "Galicia", "muni_dist_km": 0.96}}, {"type": "Feature", "geometry": {"type": "Point", "coordinates": [3.0326, 39.4167]}, "properties": {"id": "6ee605e49c56", "ine": "07013", "first_utc": "2026-06-01T12:51:00Z", "last_utc": "2026-06-01T12:51:00Z", "detections": 1, "frp_max_mw": 3.7, "frp_total_mw": 3.7, "pixel_area_ha": 14.1, "status": "out", "fire_class": "likely_agricultural", "municipality": "Campos", "province": "Illes Balears", "region": "Illes Balears", "muni_dist_km": 1.89}}, {"type": "Feature", "geometry": {"type": "Point", "coordinates": [-6.2477, 37.4259]}, "properties": {"id": "2891ee73b94d", "ine": "41087", "first_utc": "2026-06-02T13:23:00Z", "last_utc": "2026-06-02T13:23:00Z", "detections": 1, "frp_max_mw": 3.7, "frp_total_mw": 3.7, "pixel_area_ha": 14.1, "status": "out", "fire_class": "likely_agricultural", "municipality": "Sanlúcar la Mayor", "province": "Sevilla", "region": "Andalucía", "muni_dist_km": 2.75}}, {"type": "Feature", "geometry": {"type": "Point", "coordinates": [-2.5311, 40.4277]}, "properties": {"id": "73782ad16d49", "ine": "16067", "first_utc": "2026-06-03T09:41:00Z", "last_utc": "2026-06-03T09:41:00Z", "detections": 1, "frp_max_mw": 3.7, "frp_total_mw": 3.7, "pixel_area_ha": 14.1, "status": "out", "fire_class": "likely_agricultural", "municipality": "Castejón", "province": "Cuenca", "region": "Castilla-La Mancha", "muni_dist_km": 3.51}}, {"type": "Feature", "geometry": {"type": "Point", "coordinates": [-5.831, 43.5364]}, "properties": {"id": "18c80c89ef4e", "ine": "33014", "first_utc": "2026-06-08T12:21:00Z", "last_utc": "2026-06-08T12:21:00Z", "detections": 1, "frp_max_mw": 3.7, "frp_total_mw": 3.7, "pixel_area_ha": 14.1, "status": "out", "fire_class": "likely_agricultural", "municipality": "Carreño", "province": "Asturias", "region": "Principado de Asturias", "muni_dist_km": 3.56}}, {"type": "Feature", "geometry": {"type": "Point", "coordinates": [-5.7596, 41.5975]}, "properties": {"id": "e80df2f44aab", "ine": "49056", "first_utc": "2026-07-02T12:23:00Z", "last_utc": "2026-07-02T12:23:00Z", "detections": 2, "frp_max_mw": 3.7, "frp_total_mw": 6.2, "pixel_area_ha": 28.1, "status": "out", "fire_class": "forest", "municipality": "Cubillos", "province": "Zamora", "region": "Castilla y León", "muni_dist_km": 0.88}}, {"type": "Feature", "geometry": {"type": "Point", "coordinates": [-2.9051, 40.3543]}, "properties": {"id": "8543115d8006", "ine": "19335", "first_utc": "2026-07-03T12:06:00Z", "last_utc": "2026-07-03T12:06:00Z", "detections": 2, "frp_max_mw": 3.7, "frp_total_mw": 7.3, "pixel_area_ha": 28.1, "status": "out", "fire_class": "likely_agricultural", "municipality": "Zorita de los Canes", "province": "Guadalajara", "region": "Castilla-La Mancha", "muni_dist_km": 3.28}}, {"type": "Feature", "geometry": {"type": "Point", "coordinates": [-3.6168, 40.4695]}, "properties": {"id": "291451ad7571", "ine": "28079", "first_utc": "2026-07-04T14:14:00Z", "last_utc": "2026-07-04T14:14:00Z", "detections": 1, "frp_max_mw": 3.7, "frp_total_mw": 3.7, "pixel_area_ha": 14.1, "status": "out", "fire_class": "likely_agricultural", "municipality": "Madrid", "province": "Madrid", "region": "Comunidad de Madrid", "muni_dist_km": 6.75}}, {"type": "Feature", "geometry": {"type": "Point", "coordinates": [-3.4763, 38.702]}, "properties": {"id": "19ede1b71aa5", "ine": "13077", "first_utc": "2026-07-23T12:29:00Z", "last_utc": "2026-07-23T12:29:00Z", "detections": 1, "frp_max_mw": 3.7, "frp_total_mw": 3.7, "pixel_area_ha": 14.1, "status": "out", "fire_class": "likely_agricultural", "municipality": "Santa Cruz de Mudela", "province": "Ciudad Real", "region": "Castilla-La Mancha", "muni_dist_km": 7.4}}, {"type": "Feature", "geometry": {"type": "Point", "coordinates": [-8.598, 43.0046]}, "properties": {"id": "39fdec7b8b62", "ine": "15086", "first_utc": "2026-07-23T13:53:00Z", "last_utc": "2026-07-23T13:53:00Z", "detections": 1, "frp_max_mw": 3.7, "frp_total_mw": 3.7, "pixel_area_ha": 14.1, "status": "out", "fire_class": "forest", "official_area_ha": 232.0, "perimeter_id": "12113", "municipality": "Trazo", "province": "A Coruña", "region": "Galicia", "muni_dist_km": 4.85}}, {"type": "Feature", "geometry": {"type": "Point", "coordinates": [-7.8292, 43.6518]}, "properties": {"id": "28b8f61907a0", "ine": "15061", "first_utc": "2026-07-24T13:33:00Z", "last_utc": "2026-07-24T13:33:00Z", "detections": 1, "frp_max_mw": 3.7, "frp_total_mw": 3.7, "pixel_area_ha": 14.1, "status": "out", "fire_class": "likely_agricultural", "municipality": "Ortigueira", "province": "A Coruña", "region": "Galicia", "muni_dist_km": 0.03}}, {"type": "Feature", "geometry": {"type": "Point", "coordinates": [-6.2321, 38.5585]}, "properties": {"id": "9133bf468072", "ine": "06113", "first_utc": "2026-07-24T13:53:00Z", "last_utc": "2026-07-24T13:53:00Z", "detections": 1, "frp_max_mw": 3.7, "frp_total_mw": 3.7, "pixel_area_ha": 14.1, "status": "out", "fire_class": "likely_agricultural", "municipality": "Ribera del Fresno", "province": "Badajoz", "region": "Extremadura", "muni_dist_km": 2.11}}, {"type": "Feature", "geometry": {"type": "Point", "coordinates": [-4.8991, 37.7734]}, "properties": {"id": "6b165ea71ff6", "ine": "14033", "first_utc": "2026-06-11T13:38:00Z", "last_utc": "2026-06-11T13:38:00Z", "detections": 1, "frp_max_mw": 3.6, "frp_total_mw": 3.6, "pixel_area_ha": 14.1, "status": "out", "fire_class": "likely_agricultural", "municipality": "Guadalcázar", "province": "Córdoba", "region": "Andalucía", "muni_dist_km": 6.91}}, {"type": "Feature", "geometry": {"type": "Point", "coordinates": [-3.0565, 39.0881]}, "properties": {"id": "cb81e683b6da", "ine": "13019", "first_utc": "2026-06-17T13:44:00Z", "last_utc": "2026-06-17T13:44:00Z", "detections": 1, "frp_max_mw": 3.6, "frp_total_mw": 3.6, "pixel_area_ha": 14.1, "status": "out", "fire_class": "likely_agricultural", "municipality": "Argamasilla de Alba", "province": "Ciudad Real", "region": "Castilla-La Mancha", "muni_dist_km": 1.22}}, {"type": "Feature", "geometry": {"type": "Point", "coordinates": [-3.7, 42.3359]}, "properties": {"id": "9b0ec9ca7b89", "ine": "09059", "first_utc": "2026-06-18T01:43:00Z", "last_utc": "2026-06-18T01:43:00Z", "detections": 3, "frp_max_mw": 3.6, "frp_total_mw": 7.2, "pixel_area_ha": 28.1, "status": "out", "fire_class": "forest", "municipality": "Burgos", "province": "Burgos", "region": "Castilla y León", "muni_dist_km": 2.05}}, {"type": "Feature", "geometry": {"type": "Point", "coordinates": [-5.6424, 40.9908]}, "properties": {"id": "54d92d34bc3c", "ine": "37362", "first_utc": "2026-06-18T13:25:00Z", "last_utc": "2026-06-18T13:25:00Z", "detections": 1, "frp_max_mw": 3.6, "frp_total_mw": 3.6, "pixel_area_ha": 14.1, "status": "out", "fire_class": "forest", "official_area_ha": 0.15, "municipality": "Villares de la Reina", "province": "Salamanca", "region": "Castilla y León", "muni_dist_km": 2.06}}, {"type": "Feature", "geometry": {"type": "Point", "coordinates": [-0.5, 41.8212]}, "properties": {"id": "beb27c3a50b1", "ine": "22197", "first_utc": "2026-07-03T12:53:00Z", "last_utc": "2026-07-03T12:53:00Z", "detections": 1, "frp_max_mw": 3.6, "frp_total_mw": 3.6, "pixel_area_ha": 14.1, "status": "out", "fire_class": "mixed", "official_area_ha": 69.0, "perimeter_id": "550050", "municipality": "Robres", "province": "Huesca", "region": "Aragón", "muni_dist_km": 5.41}}, {"type": "Feature", "geometry": {"type": "Point", "coordinates": [-1.3248, 42.5294]}, "properties": {"id": "1adb8399651d", "ine": "31135", "first_utc": "2026-07-09T13:33:00Z", "last_utc": "2026-07-09T13:33:00Z", "detections": 1, "frp_max_mw": 3.6, "frp_total_mw": 3.6, "pixel_area_ha": 14.1, "status": "out", "fire_class": "likely_agricultural", "municipality": "Javier", "province": "Navarra", "region": "Comunidad Foral de Navarra", "muni_dist_km": 4.01}}, {"type": "Feature", "geometry": {"type": "Point", "coordinates": [-7.0862, 42.8327]}, "properties": {"id": "eb0d4ded5591", "ine": "27037", "first_utc": "2026-07-12T02:00:00Z", "last_utc": "2026-07-12T02:00:00Z", "detections": 1, "frp_max_mw": 3.6, "frp_total_mw": 3.6, "pixel_area_ha": 14.1, "status": "out", "fire_class": "forest", "municipality": "As Nogais", "province": "Lugo", "region": "Galicia", "muni_dist_km": 6.52}}, {"type": "Feature", "geometry": {"type": "Point", "coordinates": [-5.9334, 37.3694]}, "properties": {"id": "773d8d0d846a", "ine": "41091", "first_utc": "2026-07-16T13:01:00Z", "last_utc": "2026-07-16T13:01:00Z", "detections": 1, "frp_max_mw": 3.6, "frp_total_mw": 3.6, "pixel_area_ha": 14.1, "status": "out", "fire_class": "likely_agricultural", "municipality": "Sevilla", "province": "Sevilla", "region": "Andalucía", "muni_dist_km": 3.26}}, {"type": "Feature", "geometry": {"type": "Point", "coordinates": [-0.5457, 38.3772]}, "properties": {"id": "900c61346d5e", "ine": "03014", "first_utc": "2026-07-18T01:47:00Z", "last_utc": "2026-07-18T02:24:00Z", "detections": 2, "frp_max_mw": 3.6, "frp_total_mw": 4.6, "pixel_area_ha": 14.1, "status": "out", "fire_class": "forest", "municipality": "Alacant/Alicante", "province": "Alacant/Alicante", "region": "Comunitat Valenciana", "muni_dist_km": 0.85}}, {"type": "Feature", "geometry": {"type": "Point", "coordinates": [-6.2088, 37.4307]}, "properties": {"id": "9474222f9b3d", "ine": "41003", "first_utc": "2026-07-19T01:30:00Z", "last_utc": "2026-07-19T01:30:00Z", "detections": 1, "frp_max_mw": 3.6, "frp_total_mw": 3.6, "pixel_area_ha": 14.1, "status": "out", "fire_class": "forest", "municipality": "Albaida del Aljarafe", "province": "Sevilla", "region": "Andalucía", "muni_dist_km": 2.9}}, {"type": "Feature", "geometry": {"type": "Point", "coordinates": [-1.9049, 36.965]}, "properties": {"id": "72e00b9a5ca2", "ine": "04032", "first_utc": "2026-07-23T01:54:00Z", "last_utc": "2026-07-23T01:54:00Z", "detections": 1, "frp_max_mw": 3.6, "frp_total_mw": 3.6, "pixel_area_ha": 14.1, "status": "out", "fire_class": "forest", "municipality": "Carboneras", "province": "Almería", "region": "Andalucía", "muni_dist_km": 5.32}}, {"type": "Feature", "geometry": {"type": "Point", "coordinates": [-3.0659, 37.223]}, "properties": {"id": "43a62d88ac72", "ine": "18114", "first_utc": "2026-06-05T12:27:00Z", "last_utc": "2026-06-05T12:27:00Z", "detections": 1, "frp_max_mw": 3.5, "frp_total_mw": 3.5, "pixel_area_ha": 14.1, "status": "out", "fire_class": "likely_agricultural", "municipality": "La Calahorra", "province": "Granada", "region": "Andalucía", "muni_dist_km": 2.08}}, {"type": "Feature", "geometry": {"type": "Point", "coordinates": [-0.7509, 38.2039]}, "properties": {"id": "911a7d445179", "ine": "03059", "first_utc": "2026-06-10T12:34:00Z", "last_utc": "2026-06-10T12:34:00Z", "detections": 1, "frp_max_mw": 3.5, "frp_total_mw": 3.5, "pixel_area_ha": 14.1, "status": "out", "fire_class": "likely_agricultural", "municipality": "Crevillent", "province": "Alacant/Alicante", "region": "Comunitat Valenciana", "muni_dist_km": 6.51}}, {"type": "Feature", "geometry": {"type": "Point", "coordinates": [-3.0728, 39.5579]}, "properties": {"id": "97ebbba6e156", "ine": "45101", "first_utc": "2026-06-12T13:38:00Z", "last_utc": "2026-06-12T13:38:00Z", "detections": 1, "frp_max_mw": 3.5, "frp_total_mw": 3.5, "pixel_area_ha": 14.1, "status": "out", "fire_class": "likely_agricultural", "municipality": "Miguel Esteban", "province": "Toledo", "region": "Castilla-La Mancha", "muni_dist_km": 5.45}}, {"type": "Feature", "geometry": {"type": "Point", "coordinates": [-3.6498, 37.2392]}, "properties": {"id": "286b242b6b24", "ine": "18153", "first_utc": "2026-06-16T14:01:00Z", "last_utc": "2026-06-16T14:01:00Z", "detections": 2, "frp_max_mw": 3.5, "frp_total_mw": 7.1, "pixel_area_ha": 28.1, "status": "out", "fire_class": "likely_agricultural", "municipality": "Peligros", "province": "Granada", "region": "Andalucía", "muni_dist_km": 1.57}}, {"type": "Feature", "geometry": {"type": "Point", "coordinates": [-6.5242, 38.8552]}, "properties": {"id": "f666e92e551b", "ine": "06132", "first_utc": "2026-06-21T01:54:00Z", "last_utc": "2026-06-21T01:54:00Z", "detections": 1, "frp_max_mw": 3.5, "frp_total_mw": 3.5, "pixel_area_ha": 14.1, "status": "out", "fire_class": "forest", "municipality": "Torremayor", "province": "Badajoz", "region": "Extremadura", "muni_dist_km": 6.35}}, {"type": "Feature", "geometry": {"type": "Point", "coordinates": [0.8659, 41.5667]}, "properties": {"id": "43025cfecf60", "ine": "25180", "first_utc": "2026-06-21T12:29:00Z", "last_utc": "2026-06-21T12:29:00Z", "detections": 1, "frp_max_mw": 3.5, "frp_total_mw": 3.5, "pixel_area_ha": 14.1, "status": "out", "fire_class": "urban", "municipality": "Puiggròs", "province": "Lleida", "region": "Cataluña", "muni_dist_km": 1.43}}, {"type": "Feature", "geometry": {"type": "Point", "coordinates": [-2.7684, 42.3724]}, "properties": {"id": "30138331303b", "ine": "26041", "first_utc": "2026-06-25T01:11:00Z", "last_utc": "2026-06-25T01:32:00Z", "detections": 3, "frp_max_mw": 3.5, "frp_total_mw": 6.6, "pixel_area_ha": 42.2, "status": "out", "fire_class": "forest", "municipality": "Cárdenas", "province": "La Rioja", "region": "La Rioja", "muni_dist_km": 0.19}}, {"type": "Feature", "geometry": {"type": "Point", "coordinates": [-6.1197, 36.519]}, "properties": {"id": "76fc6bb1a0f5", "ine": "11028", "first_utc": "2026-07-04T13:06:00Z", "last_utc": "2026-07-04T13:06:00Z", "detections": 1, "frp_max_mw": 3.5, "frp_total_mw": 3.5, "pixel_area_ha": 14.1, "status": "out", "fire_class": "likely_agricultural", "municipality": "Puerto Real", "province": "Cádiz", "region": "Andalucía", "muni_dist_km": 0.9}}, {"type": "Feature", "geometry": {"type": "Point", "coordinates": [-5.6434, 40.991]}, "properties": {"id": "f8a356ffc9f7", "ine": "37362", "first_utc": "2026-07-12T13:23:00Z", "last_utc": "2026-07-12T13:23:00Z", "detections": 1, "frp_max_mw": 3.5, "frp_total_mw": 3.5, "pixel_area_ha": 14.1, "status": "out", "fire_class": "likely_agricultural", "municipality": "Villares de la Reina", "province": "Salamanca", "region": "Castilla y León", "muni_dist_km": 2.01}}, {"type": "Feature", "geometry": {"type": "Point", "coordinates": [-2.9322, 37.1964]}, "properties": {"id": "73d4f26c8de5", "ine": "18097", "first_utc": "2026-07-13T12:19:00Z", "last_utc": "2026-07-13T12:19:00Z", "detections": 1, "frp_max_mw": 3.5, "frp_total_mw": 3.5, "pixel_area_ha": 14.1, "status": "out", "fire_class": "likely_agricultural", "municipality": "Huéneja", "province": "Granada", "region": "Andalucía", "muni_dist_km": 0.99}}, {"type": "Feature", "geometry": {"type": "Point", "coordinates": [3.1548, 42.3679]}, "properties": {"id": "0c23536f7f7e", "ine": "17092", "first_utc": "2026-07-17T11:49:00Z", "last_utc": "2026-07-17T11:49:00Z", "detections": 1, "frp_max_mw": 3.5, "frp_total_mw": 3.5, "pixel_area_ha": 14.1, "status": "out", "fire_class": "agricultural", "municipality": "Llançà", "province": "Girona", "region": "Cataluña", "muni_dist_km": 2.32}}, {"type": "Feature", "geometry": {"type": "Point", "coordinates": [-6.367, 39.504]}, "properties": {"id": "4cac26d83a09", "ine": "10049", "first_utc": "2026-07-24T13:33:00Z", "last_utc": "2026-07-24T13:33:00Z", "detections": 1, "frp_max_mw": 3.5, "frp_total_mw": 3.5, "pixel_area_ha": 14.1, "status": "out", "fire_class": "likely_agricultural", "municipality": "Casar de Cáceres", "province": "Cáceres", "region": "Extremadura", "muni_dist_km": 11.42}}, {"type": "Feature", "geometry": {"type": "Point", "coordinates": [-2.9064, 40.3547]}, "properties": {"id": "6a342a3dc281", "ine": "19335", "first_utc": "2026-06-01T12:04:00Z", "last_utc": "2026-06-01T12:04:00Z", "detections": 2, "frp_max_mw": 3.4, "frp_total_mw": 6.7, "pixel_area_ha": 28.1, "status": "out", "fire_class": "likely_agricultural", "municipality": "Zorita de los Canes", "province": "Guadalajara", "region": "Castilla-La Mancha", "muni_dist_km": 3.37}}, {"type": "Feature", "geometry": {"type": "Point", "coordinates": [-5.8164, 36.2486]}, "properties": {"id": "969768896639", "ine": "11007", "first_utc": "2026-06-12T13:18:00Z", "last_utc": "2026-06-12T13:38:00Z", "detections": 3, "frp_max_mw": 3.4, "frp_total_mw": 7.1, "pixel_area_ha": 28.1, "status": "out", "fire_class": "likely_agricultural", "municipality": "Barbate", "province": "Cádiz", "region": "Andalucía", "muni_dist_km": 9.11}}, {"type": "Feature", "geometry": {"type": "Point", "coordinates": [-5.5648, 37.5241]}, "properties": {"id": "1a11f33847ce", "ine": "41024", "first_utc": "2026-06-15T13:27:00Z", "last_utc": "2026-06-15T13:27:00Z", "detections": 1, "frp_max_mw": 3.4, "frp_total_mw": 3.4, "pixel_area_ha": 14.1, "status": "out", "fire_class": "likely_agricultural", "municipality": "Carmona", "province": "Sevilla", "region": "Andalucía", "muni_dist_km": 9.51}}, {"type": "Feature", "geometry": {"type": "Point", "coordinates": [-8.4372, 43.3466]}, "properties": {"id": "623b5435695c", "ine": "15030", "first_utc": "2026-06-17T13:27:00Z", "last_utc": "2026-06-17T13:46:00Z", "detections": 2, "frp_max_mw": 3.4, "frp_total_mw": 6.7, "pixel_area_ha": 28.1, "status": "out", "fire_class": "likely_agricultural", "municipality": "A Coruña", "province": "A Coruña", "region": "Galicia", "muni_dist_km": 1.2}}, {"type": "Feature", "geometry": {"type": "Point", "coordinates": [-6.0546, 40.0485]}, "properties": {"id": "5fbae8913aa7", "ine": "10148", "first_utc": "2026-06-18T13:08:00Z", "last_utc": "2026-06-18T13:25:00Z", "detections": 2, "frp_max_mw": 3.4, "frp_total_mw": 5.9, "pixel_area_ha": 28.1, "status": "out", "fire_class": "forest", "official_area_ha": 2.0, "perimeter_id": "529434", "municipality": "Plasencia", "province": "Cáceres", "region": "Extremadura", "muni_dist_km": 8.19}}, {"type": "Feature", "geometry": {"type": "Point", "coordinates": [-5.3776, 42.8749]}, "properties": {"id": "227ff208e0a2", "ine": "24179", "first_utc": "2026-06-22T12:57:00Z", "last_utc": "2026-06-22T12:57:00Z", "detections": 1, "frp_max_mw": 3.4, "frp_total_mw": 3.4, "pixel_area_ha": 14.1, "status": "out", "fire_class": "forest", "official_area_ha": 29.28, "perimeter_id": "530838", "municipality": "Valdepiélago", "province": "León", "region": "Castilla y León", "muni_dist_km": 3.72}}, {"type": "Feature", "geometry": {"type": "Point", "coordinates": [-3.977, 38.6499]}, "properties": {"id": "72d160d34f47", "ine": "13071", "first_utc": "2026-06-26T12:36:00Z", "last_utc": "2026-06-26T12:36:00Z", "detections": 1, "frp_max_mw": 3.4, "frp_total_mw": 3.4, "pixel_area_ha": 14.1, "status": "out", "fire_class": "likely_agricultural", "municipality": "Puertollano", "province": "Ciudad Real", "region": "Castilla-La Mancha", "muni_dist_km": 7.26}}, {"type": "Feature", "geometry": {"type": "Point", "coordinates": [-3.4598, 38.639]}, "properties": {"id": "ab630908175d", "ine": "13077", "first_utc": "2026-07-08T01:37:00Z", "last_utc": "2026-07-08T01:37:00Z", "detections": 3, "frp_max_mw": 3.4, "frp_total_mw": 7.4, "pixel_area_ha": 28.1, "status": "out", "fire_class": "forest", "municipality": "Santa Cruz de Mudela", "province": "Ciudad Real", "region": "Castilla-La Mancha", "muni_dist_km": 3.76}}, {"type": "Feature", "geometry": {"type": "Point", "coordinates": [-2.9443, 43.3696]}, "properties": {"id": "bb4ef4ee258c", "ine": "48089", "first_utc": "2026-07-11T12:55:00Z", "last_utc": "2026-07-11T12:55:00Z", "detections": 1, "frp_max_mw": 3.4, "frp_total_mw": 3.4, "pixel_area_ha": 14.1, "status": "out", "fire_class": "likely_agricultural", "municipality": "Urduliz", "province": "Bizkaia", "region": "País Vasco", "muni_dist_km": 0.32}}, {"type": "Feature", "geometry": {"type": "Point", "coordinates": [-5.7459, 39.9675]}, "properties": {"id": "5e483a11545a", "ine": "10114", "first_utc": "2026-07-13T12:17:00Z", "last_utc": "2026-07-13T12:17:00Z", "detections": 1, "frp_max_mw": 3.4, "frp_total_mw": 3.4, "pixel_area_ha": 14.1, "status": "out", "fire_class": "likely_agricultural", "municipality": "Majadas", "province": "Cáceres", "region": "Extremadura", "muni_dist_km": 3.15}}, {"type": "Feature", "geometry": {"type": "Point", "coordinates": [-3.5649, 40.4945]}, "properties": {"id": "38999ab23cc0", "ine": "28104", "first_utc": "2026-07-13T12:17:00Z", "last_utc": "2026-07-13T12:17:00Z", "detections": 1, "frp_max_mw": 3.4, "frp_total_mw": 3.4, "pixel_area_ha": 14.1, "status": "out", "fire_class": "likely_agricultural", "municipality": "Paracuellos de Jarama", "province": "Madrid", "region": "Comunidad de Madrid", "muni_dist_km": 4.06}}, {"type": "Feature", "geometry": {"type": "Point", "coordinates": [-6.2761, 38.9637]}, "properties": {"id": "130a37db6bd3", "ine": "06135", "first_utc": "2026-07-20T01:09:00Z", "last_utc": "2026-07-20T02:49:00Z", "detections": 5, "frp_max_mw": 3.4, "frp_total_mw": 7.7, "pixel_area_ha": 42.2, "status": "out", "fire_class": "forest", "municipality": "Trujillanos", "province": "Badajoz", "region": "Extremadura", "muni_dist_km": 2.18}}, {"type": "Feature", "geometry": {"type": "Point", "coordinates": [-7.0055, 38.8852]}, "properties": {"id": "2abcbc237b3e", "ine": "06015", "first_utc": "2026-07-21T12:51:00Z", "last_utc": "2026-07-21T12:51:00Z", "detections": 1, "frp_max_mw": 3.4, "frp_total_mw": 3.4, "pixel_area_ha": 14.1, "status": "out", "fire_class": "likely_agricultural", "municipality": "Badajoz", "province": "Badajoz", "region": "Extremadura", "muni_dist_km": 13.19}}, {"type": "Feature", "geometry": {"type": "Point", "coordinates": [-4.4561, 40.4546]}, "properties": {"id": "f6cc1406e18d", "ine": "05057", "first_utc": "2026-07-25T01:15:00Z", "last_utc": "2026-07-25T03:32:00Z", "detections": 24, "frp_max_mw": 3.4, "frp_total_mw": 46.6, "pixel_area_ha": 196.8, "status": "out", "fire_class": "forest", "official_area_ha": 44403.0, "perimeter_id": "562592", "municipality": "Cebreros", "province": "Ávila", "region": "Castilla y León", "muni_dist_km": 1.36}}, {"type": "Feature", "geometry": {"type": "Point", "coordinates": [-3.0486, 40.1163]}, "properties": {"id": "99da7405eab6", "ine": "28055", "first_utc": "2026-06-04T12:29:00Z", "last_utc": "2026-06-04T12:29:00Z", "detections": 1, "frp_max_mw": 3.3, "frp_total_mw": 3.3, "pixel_area_ha": 14.1, "status": "out", "fire_class": "likely_agricultural", "municipality": "Estremera", "province": "Madrid", "region": "Comunidad de Madrid", "muni_dist_km": 6.11}}, {"type": "Feature", "geometry": {"type": "Point", "coordinates": [-5.9718, 38.9587]}, "properties": {"id": "a56f47f41e21", "ine": "06080", "first_utc": "2026-07-01T12:23:00Z", "last_utc": "2026-07-01T12:23:00Z", "detections": 1, "frp_max_mw": 3.3, "frp_total_mw": 3.3, "pixel_area_ha": 14.1, "status": "out", "fire_class": "likely_agricultural", "municipality": "Medellín", "province": "Badajoz", "region": "Extremadura", "muni_dist_km": 1.88}}, {"type": "Feature", "geometry": {"type": "Point", "coordinates": [1.1834, 41.1017]}, "properties": {"id": "f2b7aea71f87", "ine": "43907", "first_utc": "2026-07-04T02:49:00Z", "last_utc": "2026-07-04T02:49:00Z", "detections": 1, "frp_max_mw": 3.3, "frp_total_mw": 3.3, "pixel_area_ha": 14.1, "status": "out", "fire_class": "urban", "municipality": "La Canonja", "province": "Tarragona", "region": "Cataluña", "muni_dist_km": 1.47}}, {"type": "Feature", "geometry": {"type": "Point", "coordinates": [-2.7757, 40.8782]}, "properties": {"id": "5436e16bfb65", "ine": "19020", "first_utc": "2026-07-13T12:17:00Z", "last_utc": "2026-07-13T12:17:00Z", "detections": 3, "frp_max_mw": 3.3, "frp_total_mw": 7.7, "pixel_area_ha": 28.1, "status": "out", "fire_class": "likely_agricultural", "municipality": "Almadrones", "province": "Guadalajara", "region": "Castilla-La Mancha", "muni_dist_km": 2.12}}, {"type": "Feature", "geometry": {"type": "Point", "coordinates": [-1.7112, 42.3523]}, "properties": {"id": "f15287abf506", "ine": "31163", "first_utc": "2026-07-23T12:12:00Z", "last_utc": "2026-07-23T12:12:00Z", "detections": 1, "frp_max_mw": 3.3, "frp_total_mw": 3.3, "pixel_area_ha": 14.1, "status": "out", "fire_class": "likely_agricultural", "municipality": "Marcilla", "province": "Navarra", "region": "Comunidad Foral de Navarra", "muni_dist_km": 1.47}}, {"type": "Feature", "geometry": {"type": "Point", "coordinates": [-3.2043, 39.613]}, "properties": {"id": "c2305a167809", "ine": "45186", "first_utc": "2026-07-26T13:14:00Z", "last_utc": "2026-07-26T13:14:00Z", "detections": 1, "frp_max_mw": 3.3, "frp_total_mw": 3.3, "pixel_area_ha": 14.1, "status": "out", "fire_class": "likely_agricultural", "municipality": "La Villa de Don Fadrique", "province": "Toledo", "region": "Castilla-La Mancha", "muni_dist_km": 1.66}}, {"type": "Feature", "geometry": {"type": "Point", "coordinates": [-6.0339, 42.4519]}, "properties": {"id": "8caf88b60109", "ine": "24148", "first_utc": "2026-06-06T13:53:00Z", "last_utc": "2026-06-06T13:53:00Z", "detections": 1, "frp_max_mw": 3.2, "frp_total_mw": 3.2, "pixel_area_ha": 14.1, "status": "out", "fire_class": "likely_agricultural", "municipality": "San Justo de la Vega", "province": "León", "region": "Castilla y León", "muni_dist_km": 2.5}}, {"type": "Feature", "geometry": {"type": "Point", "coordinates": [-4.4284, 40.0775]}, "properties": {"id": "acb85da42e85", "ine": "45076", "first_utc": "2026-06-11T01:41:00Z", "last_utc": "2026-06-11T03:21:00Z", "detections": 9, "frp_max_mw": 3.2, "frp_total_mw": 14.0, "pixel_area_ha": 70.3, "status": "out", "fire_class": "agricultural", "official_area_ha": 22.0, "perimeter_id": "508913", "municipality": "Hormigos", "province": "Toledo", "region": "Castilla-La Mancha", "muni_dist_km": 2.78}}, {"type": "Feature", "geometry": {"type": "Point", "coordinates": [0.7881, 41.638]}, "properties": {"id": "12aa715c2d0b", "ine": "25048", "first_utc": "2026-06-11T13:04:00Z", "last_utc": "2026-06-11T13:04:00Z", "detections": 2, "frp_max_mw": 3.2, "frp_total_mw": 6.4, "pixel_area_ha": 28.1, "status": "out", "fire_class": "agricultural", "municipality": "Bell-lloc d'Urgell", "province": "Lleida", "region": "Cataluña", "muni_dist_km": 1.18}}, {"type": "Feature", "geometry": {"type": "Point", "coordinates": [-6.6681, 42.5778]}, "properties": {"id": "9f89bb55dc50", "ine": "24034", "first_utc": "2026-06-23T14:20:00Z", "last_utc": "2026-06-23T14:20:00Z", "detections": 1, "frp_max_mw": 3.2, "frp_total_mw": 3.2, "pixel_area_ha": 14.1, "status": "out", "fire_class": "forest", "official_area_ha": 1.57, "municipality": "Camponaraya", "province": "León", "region": "Castilla y León", "muni_dist_km": 0.81}}, {"type": "Feature", "geometry": {"type": "Point", "coordinates": [-4.9254, 41.335]}, "properties": {"id": "a1e3327f13f1", "ine": "47085", "first_utc": "2026-06-29T12:25:00Z", "last_utc": "2026-06-29T12:25:00Z", "detections": 1, "frp_max_mw": 3.2, "frp_total_mw": 3.2, "pixel_area_ha": 14.1, "status": "out", "fire_class": "likely_agricultural", "municipality": "Medina del Campo", "province": "Valladolid", "region": "Castilla y León", "muni_dist_km": 2.44}}, {"type": "Feature", "geometry": {"type": "Point", "coordinates": [-5.5067, 37.29]}, "properties": {"id": "ddbe0992cff2", "ine": "41071", "first_utc": "2026-07-08T03:15:00Z", "last_utc": "2026-07-08T03:15:00Z", "detections": 1, "frp_max_mw": 3.2, "frp_total_mw": 3.2, "pixel_area_ha": 14.1, "status": "out", "fire_class": "forest", "municipality": "Paradas", "province": "Sevilla", "region": "Andalucía", "muni_dist_km": 0.78}}, {"type": "Feature", "geometry": {"type": "Point", "coordinates": [-6.4281, 42.9806]}, "properties": {"id": "025dbfef3775", "ine": "24202", "first_utc": "2026-07-08T02:11:00Z", "last_utc": "2026-07-08T03:49:00Z", "detections": 11, "frp_max_mw": 3.2, "frp_total_mw": 26.8, "pixel_area_ha": 84.4, "status": "out", "fire_class": "forest", "official_area_ha": 3.0, "perimeter_id": "561130", "municipality": "Villablino", "province": "León", "region": "Castilla y León", "muni_dist_km": 7.97}}, {"type": "Feature", "geometry": {"type": "Point", "coordinates": [-3.7035, 40.3653]}, "properties": {"id": "8fbbff878e01", "ine": "28074", "first_utc": "2026-07-09T14:20:00Z", "last_utc": "2026-07-09T14:20:00Z", "detections": 1, "frp_max_mw": 3.2, "frp_total_mw": 3.2, "pixel_area_ha": 14.1, "status": "out", "fire_class": "likely_agricultural", "municipality": "Leganés", "province": "Madrid", "region": "Comunidad de Madrid", "muni_dist_km": 6.93}}, {"type": "Feature", "geometry": {"type": "Point", "coordinates": [-7.3472, 37.2613]}, "properties": {"id": "e750816166a1", "ine": "21010", "first_utc": "2026-07-18T01:47:00Z", "last_utc": "2026-07-18T02:24:00Z", "detections": 4, "frp_max_mw": 3.2, "frp_total_mw": 7.0, "pixel_area_ha": 28.1, "status": "out", "fire_class": "forest", "municipality": "Ayamonte", "province": "Huelva", "region": "Andalucía", "muni_dist_km": 3.37}}, {"type": "Feature", "geometry": {"type": "Point", "coordinates": [-1.9043, 36.9684]}, "properties": {"id": "2a7405e0a2c4", "ine": "04032", "first_utc": "2026-07-18T02:24:00Z", "last_utc": "2026-07-18T02:24:00Z", "detections": 1, "frp_max_mw": 3.2, "frp_total_mw": 3.2, "pixel_area_ha": 14.1, "status": "out", "fire_class": "forest", "municipality": "Carboneras", "province": "Almería", "region": "Andalucía", "muni_dist_km": 5.05}}, {"type": "Feature", "geometry": {"type": "Point", "coordinates": [-5.7138, 37.2723]}, "properties": {"id": "4b849bb9ace2", "ine": "41004", "first_utc": "2026-07-22T12:29:00Z", "last_utc": "2026-07-22T12:29:00Z", "detections": 2, "frp_max_mw": 3.2, "frp_total_mw": 5.6, "pixel_area_ha": 28.1, "status": "out", "fire_class": "likely_agricultural", "municipality": "Alcalá de Guadaíra", "province": "Sevilla", "region": "Andalucía", "muni_dist_km": 8.32}}, {"type": "Feature", "geometry": {"type": "Point", "coordinates": [-3.8412, 43.4107]}, "properties": {"id": "668d7da8578d", "ine": "39008", "first_utc": "2026-07-22T02:11:00Z", "last_utc": "2026-07-23T13:18:00Z", "detections": 4, "frp_max_mw": 3.2, "frp_total_mw": 9.8, "pixel_area_ha": 28.1, "status": "out", "fire_class": "forest", "municipality": "El Astillero", "province": "Cantabria", "region": "Cantabria", "muni_dist_km": 1.21}}, {"type": "Feature", "geometry": {"type": "Point", "coordinates": [-5.2231, 39.2775]}, "properties": {"id": "e53855327474", "ine": "06137", "first_utc": "2026-06-01T13:44:00Z", "last_utc": "2026-06-01T13:44:00Z", "detections": 2, "frp_max_mw": 3.1, "frp_total_mw": 6.3, "pixel_area_ha": 28.1, "status": "out", "fire_class": "likely_agricultural", "municipality": "Valdecaballeros", "province": "Badajoz", "region": "Extremadura", "muni_dist_km": 2.23}}, {"type": "Feature", "geometry": {"type": "Point", "coordinates": [0.1778, 41.9242]}, "properties": {"id": "a91af4a6fcc7", "ine": "22158", "first_utc": "2026-06-04T02:45:00Z", "last_utc": "2026-06-05T02:45:00Z", "detections": 5, "frp_max_mw": 3.1, "frp_total_mw": 7.4, "pixel_area_ha": 56.2, "status": "out", "fire_class": "forest", "municipality": "Monzón", "province": "Huesca", "region": "Aragón", "muni_dist_km": 2.78}}, {"type": "Feature", "geometry": {"type": "Point", "coordinates": [-3.3754, 38.7696]}, "properties": {"id": "2db43a4af8cd", "ine": "13087", "first_utc": "2026-06-08T12:53:00Z", "last_utc": "2026-06-08T12:53:00Z", "detections": 2, "frp_max_mw": 3.1, "frp_total_mw": 4.5, "pixel_area_ha": 28.1, "status": "out", "fire_class": "likely_agricultural", "municipality": "Valdepeñas", "province": "Ciudad Real", "region": "Castilla-La Mancha", "muni_dist_km": 3.06}}, {"type": "Feature", "geometry": {"type": "Point", "coordinates": [2.6709, 41.8547]}, "properties": {"id": "73ca58c1c235", "ine": "17148", "first_utc": "2026-06-08T12:53:00Z", "last_utc": "2026-06-08T12:53:00Z", "detections": 1, "frp_max_mw": 3.1, "frp_total_mw": 3.1, "pixel_area_ha": 14.1, "status": "out", "fire_class": "likely_agricultural", "municipality": "Riudarenes", "province": "Girona", "region": "Cataluña", "muni_dist_km": 3.66}}, {"type": "Feature", "geometry": {"type": "Point", "coordinates": [-5.8514, 36.5887]}, "properties": {"id": "765c1a35d962", "ine": "11025", "first_utc": "2026-06-10T12:34:00Z", "last_utc": "2026-06-10T12:34:00Z", "detections": 1, "frp_max_mw": 3.1, "frp_total_mw": 3.1, "pixel_area_ha": 14.1, "status": "out", "fire_class": "likely_agricultural", "municipality": "Paterna de Rivera", "province": "Cádiz", "region": "Andalucía", "muni_dist_km": 7.41}}, {"type": "Feature", "geometry": {"type": "Point", "coordinates": [-2.2855, 42.4302]}, "properties": {"id": "ca339a3071ab", "ine": "26002", "first_utc": "2026-06-10T14:50:00Z", "last_utc": "2026-06-10T14:50:00Z", "detections": 1, "frp_max_mw": 3.1, "frp_total_mw": 3.1, "pixel_area_ha": 14.1, "status": "out", "fire_class": "likely_agricultural", "municipality": "Agoncillo", "province": "La Rioja", "region": "La Rioja", "muni_dist_km": 0.38}}, {"type": "Feature", "geometry": {"type": "Point", "coordinates": [-4.4215, 40.1108]}, "properties": {"id": "8c2c85fe2806", "ine": "45076", "first_utc": "2026-06-11T01:41:00Z", "last_utc": "2026-06-11T02:15:00Z", "detections": 6, "frp_max_mw": 3.1, "frp_total_mw": 11.2, "pixel_area_ha": 70.3, "status": "out", "fire_class": "forest", "municipality": "Hormigos", "province": "Toledo", "region": "Castilla-La Mancha", "muni_dist_km": 3.0}}, {"type": "Feature", "geometry": {"type": "Point", "coordinates": [-6.094, 36.7078]}, "properties": {"id": "df7075968ecd", "ine": "11020", "first_utc": "2026-06-11T13:55:00Z", "last_utc": "2026-06-11T13:55:00Z", "detections": 1, "frp_max_mw": 3.1, "frp_total_mw": 3.1, "pixel_area_ha": 14.1, "status": "out", "fire_class": "likely_agricultural", "municipality": "Jerez de la Frontera", "province": "Cádiz", "region": "Andalucía", "muni_dist_km": 11.71}}, {"type": "Feature", "geometry": {"type": "Point", "coordinates": [-5.9331, 37.2755]}, "properties": {"id": "f08744de1815", "ine": "41038", "first_utc": "2026-06-13T12:25:00Z", "last_utc": "2026-06-13T12:25:00Z", "detections": 1, "frp_max_mw": 3.1, "frp_total_mw": 3.1, "pixel_area_ha": 14.1, "status": "out", "fire_class": "likely_agricultural", "municipality": "Dos Hermanas", "province": "Sevilla", "region": "Andalucía", "muni_dist_km": 3.33}}, {"type": "Feature", "geometry": {"type": "Point", "coordinates": [-5.9329, 36.4622]}, "properties": {"id": "9d1ba0ae2c33", "ine": "11023", "first_utc": "2026-06-13T14:05:00Z", "last_utc": "2026-06-13T14:05:00Z", "detections": 2, "frp_max_mw": 3.1, "frp_total_mw": 6.2, "pixel_area_ha": 28.1, "status": "out", "fire_class": "likely_agricultural", "municipality": "Medina Sidonia", "province": "Cádiz", "region": "Andalucía", "muni_dist_km": 9.26}}, {"type": "Feature", "geometry": {"type": "Point", "coordinates": [-3.8395, 43.4096]}, "properties": {"id": "36f700b80e87", "ine": "39008", "first_utc": "2026-06-11T02:34:00Z", "last_utc": "2026-06-14T01:17:00Z", "detections": 8, "frp_max_mw": 3.1, "frp_total_mw": 14.6, "pixel_area_ha": 42.2, "status": "out", "fire_class": "forest", "municipality": "El Astillero", "province": "Cantabria", "region": "Cantabria", "muni_dist_km": 0.91}}, {"type": "Feature", "geometry": {"type": "Point", "coordinates": [0.8108, 41.6227]}, "properties": {"id": "71746d1dd18a", "ine": "25205", "first_utc": "2026-06-17T12:04:00Z", "last_utc": "2026-06-17T12:04:00Z", "detections": 1, "frp_max_mw": 3.1, "frp_total_mw": 3.1, "pixel_area_ha": 14.1, "status": "out", "fire_class": "urban", "municipality": "Sidamon", "province": "Lleida", "region": "Cataluña", "muni_dist_km": 1.93}}, {"type": "Feature", "geometry": {"type": "Point", "coordinates": [-4.9309, 36.5296]}, "properties": {"id": "e0862476f819", "ine": "29069", "first_utc": "2026-06-22T12:55:00Z", "last_utc": "2026-06-22T12:55:00Z", "detections": 1, "frp_max_mw": 3.1, "frp_total_mw": 3.1, "pixel_area_ha": 14.1, "status": "out", "fire_class": "likely_agricultural", "municipality": "Marbella", "province": "Málaga", "region": "Andalucía", "muni_dist_km": 5.15}}, {"type": "Feature", "geometry": {"type": "Point", "coordinates": [-1.8184, 42.2064]}, "properties": {"id": "ff3ecc4c6c06", "ine": "26125", "first_utc": "2026-07-02T12:06:00Z", "last_utc": "2026-07-02T12:06:00Z", "detections": 1, "frp_max_mw": 3.1, "frp_total_mw": 3.1, "pixel_area_ha": 14.1, "status": "out", "fire_class": "likely_agricultural", "municipality": "Rincón de Soto", "province": "La Rioja", "region": "La Rioja", "muni_dist_km": 3.79}}, {"type": "Feature", "geometry": {"type": "Point", "coordinates": [-2.6604, 36.7873]}, "properties": {"id": "64489b04bdbb", "ine": "04102", "first_utc": "2026-07-03T03:10:00Z", "last_utc": "2026-07-03T03:10:00Z", "detections": 1, "frp_max_mw": 3.1, "frp_total_mw": 3.1, "pixel_area_ha": 14.1, "status": "out", "fire_class": "forest", "municipality": "Vícar", "province": "Almería", "region": "Andalucía", "muni_dist_km": 2.81}}, {"type": "Feature", "geometry": {"type": "Point", "coordinates": [-3.0255, 43.3086]}, "properties": {"id": "fbf37acc45c8", "ine": "48078", "first_utc": "2026-07-06T01:05:00Z", "last_utc": "2026-07-07T02:47:00Z", "detections": 15, "frp_max_mw": 3.1, "frp_total_mw": 23.1, "pixel_area_ha": 70.3, "status": "out", "fire_class": "forest", "municipality": "Portugalete", "province": "Bizkaia", "region": "País Vasco", "muni_dist_km": 0.54}}, {"type": "Feature", "geometry": {"type": "Point", "coordinates": [-3.2157, 39.0352]}, "properties": {"id": "a3d7e009f562", "ine": "13079", "first_utc": "2026-07-22T14:10:00Z", "last_utc": "2026-07-22T14:10:00Z", "detections": 1, "frp_max_mw": 3.1, "frp_total_mw": 3.1, "pixel_area_ha": 14.1, "status": "out", "fire_class": "likely_agricultural", "municipality": "La Solana", "province": "Ciudad Real", "region": "Castilla-La Mancha", "muni_dist_km": 11.9}}, {"type": "Feature", "geometry": {"type": "Point", "coordinates": [-6.6441, 39.0483]}, "properties": {"id": "a4b9bde396ab", "ine": "06115", "first_utc": "2026-06-07T12:38:00Z", "last_utc": "2026-06-07T12:38:00Z", "detections": 1, "frp_max_mw": 3.0, "frp_total_mw": 3.0, "pixel_area_ha": 14.1, "status": "out", "fire_class": "likely_agricultural", "municipality": "La Roca de la Sierra", "province": "Badajoz", "region": "Extremadura", "muni_dist_km": 5.36}}, {"type": "Feature", "geometry": {"type": "Point", "coordinates": [1.223, 41.1959]}, "properties": {"id": "c7ab5c3ccb3e", "ine": "43095", "first_utc": "2026-06-08T00:56:00Z", "last_utc": "2026-06-08T01:32:00Z", "detections": 2, "frp_max_mw": 3.0, "frp_total_mw": 4.0, "pixel_area_ha": 28.1, "status": "out", "fire_class": "urban", "municipality": "El Morell", "province": "Tarragona", "region": "Cataluña", "muni_dist_km": 0.74}}, {"type": "Feature", "geometry": {"type": "Point", "coordinates": [-3.623, 37.8058]}, "properties": {"id": "dc4e1813a875", "ine": "23058", "first_utc": "2026-06-08T13:59:00Z", "last_utc": "2026-06-08T13:59:00Z", "detections": 1, "frp_max_mw": 3.0, "frp_total_mw": 3.0, "pixel_area_ha": 14.1, "status": "out", "fire_class": "likely_agricultural", "municipality": "Mancha Real", "province": "Jaén", "region": "Andalucía", "muni_dist_km": 3.48}}, {"type": "Feature", "geometry": {"type": "Point", "coordinates": [-6.0816, 36.6205]}, "properties": {"id": "32b47c0e4249", "ine": "11028", "first_utc": "2026-06-08T01:32:00Z", "last_utc": "2026-06-09T01:32:00Z", "detections": 13, "frp_max_mw": 3.0, "frp_total_mw": 22.8, "pixel_area_ha": 98.4, "status": "out", "fire_class": "forest", "municipality": "Puerto Real", "province": "Cádiz", "region": "Andalucía", "muni_dist_km": 10.89}}, {"type": "Feature", "geometry": {"type": "Point", "coordinates": [0.0724, 42.0621]}, "properties": {"id": "f8ef90a85bed", "ine": "22088", "first_utc": "2026-06-09T01:11:00Z", "last_utc": "2026-06-09T02:17:00Z", "detections": 3, "frp_max_mw": 3.0, "frp_total_mw": 7.1, "pixel_area_ha": 28.1, "status": "out", "fire_class": "forest", "municipality": "Castillazuelo", "province": "Huesca", "region": "Aragón", "muni_dist_km": 1.88}}, {"type": "Feature", "geometry": {"type": "Point", "coordinates": [-1.6017, 38.2857]}, "properties": {"id": "3ae5c1d1da6c", "ine": "30013", "first_utc": "2026-06-18T12:32:00Z", "last_utc": "2026-06-18T12:32:00Z", "detections": 1, "frp_max_mw": 3.0, "frp_total_mw": 3.0, "pixel_area_ha": 14.1, "status": "out", "fire_class": "likely_agricultural", "municipality": "Calasparra", "province": "Murcia", "region": "Región de Murcia", "muni_dist_km": 7.18}}, {"type": "Feature", "geometry": {"type": "Point", "coordinates": [-15.4112, 27.9763]}, "properties": {"id": "d2b58f60591e", "ine": "35026", "first_utc": "2026-06-19T14:25:00Z", "last_utc": "2026-06-19T14:25:00Z", "detections": 1, "frp_max_mw": 3.0, "frp_total_mw": 3.0, "pixel_area_ha": 14.1, "status": "out", "fire_class": "likely_agricultural", "municipality": "Telde", "province": "Las Palmas", "region": "Canarias", "muni_dist_km": 1.93}}, {"type": "Feature", "geometry": {"type": "Point", "coordinates": [-16.815, 28.3779]}, "properties": {"id": "ea7aa4fa61d9", "ine": "38042", "first_utc": "2026-06-24T02:43:00Z", "last_utc": "2026-06-24T03:36:00Z", "detections": 4, "frp_max_mw": 3.0, "frp_total_mw": 8.2, "pixel_area_ha": 28.1, "status": "out", "fire_class": "forest", "municipality": "Los Silos", "province": "Santa Cruz de Tenerife", "region": "Canarias", "muni_dist_km": 2.75}}, {"type": "Feature", "geometry": {"type": "Point", "coordinates": [-2.42, 43.0384]}, "properties": {"id": "3bc9c3c9a3f8", "ine": "20059", "first_utc": "2026-06-24T13:14:00Z", "last_utc": "2026-06-24T13:14:00Z", "detections": 1, "frp_max_mw": 3.0, "frp_total_mw": 3.0, "pixel_area_ha": 14.1, "status": "out", "fire_class": "likely_agricultural", "municipality": "Oñati", "province": "Gipuzkoa", "region": "País Vasco", "muni_dist_km": 3.06}}, {"type": "Feature", "geometry": {"type": "Point", "coordinates": [-4.9715, 37.3911]}, "properties": {"id": "fdf695418929", "ine": "41061", "first_utc": "2026-06-27T12:17:00Z", "last_utc": "2026-06-27T12:17:00Z", "detections": 1, "frp_max_mw": 3.0, "frp_total_mw": 3.0, "pixel_area_ha": 14.1, "status": "out", "fire_class": "likely_agricultural", "municipality": "Marinaleda", "province": "Sevilla", "region": "Andalucía", "muni_dist_km": 3.35}}, {"type": "Feature", "geometry": {"type": "Point", "coordinates": [-1.732, 38.8085]}, "properties": {"id": "9192578d4b56", "ine": "02901", "first_utc": "2026-07-02T13:10:00Z", "last_utc": "2026-07-02T13:10:00Z", "detections": 1, "frp_max_mw": 3.0, "frp_total_mw": 3.0, "pixel_area_ha": 14.1, "status": "out", "fire_class": "likely_agricultural", "municipality": "Pozo Cañada", "province": "Albacete", "region": "Castilla-La Mancha", "muni_dist_km": 3.74}}, {"type": "Feature", "geometry": {"type": "Point", "coordinates": [-5.4388, 37.1269]}, "properties": {"id": "c8837f49a5e9", "ine": "41065", "first_utc": "2026-07-05T01:28:00Z", "last_utc": "2026-07-05T01:45:00Z", "detections": 2, "frp_max_mw": 3.0, "frp_total_mw": 4.2, "pixel_area_ha": 28.1, "status": "out", "fire_class": "forest", "municipality": "Morón de la Frontera", "province": "Sevilla", "region": "Andalucía", "muni_dist_km": 1.73}}, {"type": "Feature", "geometry": {"type": "Point", "coordinates": [-4.5048, 37.382]}, "properties": {"id": "3d541e2a83ee", "ine": "14038", "first_utc": "2026-07-07T01:07:00Z", "last_utc": "2026-07-07T01:07:00Z", "detections": 1, "frp_max_mw": 3.0, "frp_total_mw": 3.0, "pixel_area_ha": 14.1, "status": "out", "fire_class": "forest", "municipality": "Lucena", "province": "Córdoba", "region": "Andalucía", "muni_dist_km": 4.28}}, {"type": "Feature", "geometry": {"type": "Point", "coordinates": [-3.4743, 40.2457]}, "properties": {"id": "2333a29ec4c0", "ine": "28091", "first_utc": "2026-07-08T02:11:00Z", "last_utc": "2026-07-09T03:32:00Z", "detections": 7, "frp_max_mw": 3.0, "frp_total_mw": 15.9, "pixel_area_ha": 42.2, "status": "out", "fire_class": "forest", "municipality": "Morata de Tajuña", "province": "Madrid", "region": "Comunidad de Madrid", "muni_dist_km": 2.56}}, {"type": "Feature", "geometry": {"type": "Point", "coordinates": [-6.9304, 41.967]}, "properties": {"id": "75b944bf4cfb", "ine": "49094", "first_utc": "2026-07-14T01:22:00Z", "last_utc": "2026-07-14T01:22:00Z", "detections": 1, "frp_max_mw": 3.0, "frp_total_mw": 3.0, "pixel_area_ha": 14.1, "status": "out", "fire_class": "forest", "official_area_ha": 6.28, "perimeter_id": "266700", "municipality": "Hermisende", "province": "Zamora", "region": "Castilla y León", "muni_dist_km": 3.71}}, {"type": "Feature", "geometry": {"type": "Point", "coordinates": [-6.2598, 39.9942]}, "properties": {"id": "940c826c7fd1", "ine": "10076", "first_utc": "2026-07-17T12:44:00Z", "last_utc": "2026-07-17T12:44:00Z", "detections": 1, "frp_max_mw": 3.0, "frp_total_mw": 3.0, "pixel_area_ha": 14.1, "status": "out", "fire_class": "likely_agricultural", "municipality": "Galisteo", "province": "Cáceres", "region": "Extremadura", "muni_dist_km": 2.03}}, {"type": "Feature", "geometry": {"type": "Point", "coordinates": [-8.2776, 43.4471]}, "properties": {"id": "bc133b29ca45", "ine": "15004", "first_utc": "2026-07-22T13:36:00Z", "last_utc": "2026-07-22T13:36:00Z", "detections": 1, "frp_max_mw": 3.0, "frp_total_mw": 3.0, "pixel_area_ha": 14.1, "status": "out", "fire_class": "likely_agricultural", "municipality": "Ares", "province": "A Coruña", "region": "Galicia", "muni_dist_km": 1.96}}, {"type": "Feature", "geometry": {"type": "Point", "coordinates": [-4.2577, 42.7903]}, "properties": {"id": "47e1fe68f15f", "ine": "34004", "first_utc": "2026-07-24T13:33:00Z", "last_utc": "2026-07-24T13:33:00Z", "detections": 1, "frp_max_mw": 3.0, "frp_total_mw": 3.0, "pixel_area_ha": 14.1, "status": "out", "fire_class": "forest", "official_area_ha": 0.71, "municipality": "Aguilar de Campoo", "province": "Palencia", "region": "Castilla y León", "muni_dist_km": 2.0}}, {"type": "Feature", "geometry": {"type": "Point", "coordinates": [-6.9406, 38.9111]}, "properties": {"id": "adb7eb91c68e", "ine": "06015", "first_utc": "2026-07-25T12:38:00Z", "last_utc": "2026-07-25T12:38:00Z", "detections": 1, "frp_max_mw": 3.0, "frp_total_mw": 3.0, "pixel_area_ha": 14.1, "status": "out", "fire_class": "likely_agricultural", "municipality": "Badajoz", "province": "Badajoz", "region": "Extremadura", "muni_dist_km": 8.8}}, {"type": "Feature", "geometry": {"type": "Point", "coordinates": [-1.6875, 42.8455]}, "properties": {"id": "0433ae8a2731", "ine": "31903", "first_utc": "2026-07-25T13:16:00Z", "last_utc": "2026-07-25T13:16:00Z", "detections": 1, "frp_max_mw": 3.0, "frp_total_mw": 3.0, "pixel_area_ha": 14.1, "status": "out", "fire_class": "likely_agricultural", "municipality": "Berriozar", "province": "Navarra", "region": "Comunidad Foral de Navarra", "muni_dist_km": 1.47}}, {"type": "Feature", "geometry": {"type": "Point", "coordinates": [-0.9176, 37.5696]}, "properties": {"id": "f9c624d0631e", "ine": "30041", "first_utc": "2026-07-25T01:52:00Z", "last_utc": "2026-07-26T01:52:00Z", "detections": 2, "frp_max_mw": 3.0, "frp_total_mw": 4.7, "pixel_area_ha": 28.1, "status": "out", "fire_class": "forest", "municipality": "La Unión", "province": "Murcia", "region": "Región de Murcia", "muni_dist_km": 5.64}}, {"type": "Feature", "geometry": {"type": "Point", "coordinates": [-6.0593, 37.2946]}, "properties": {"id": "cf1ef3acd1e9", "ine": "41070", "first_utc": "2026-06-02T12:32:00Z", "last_utc": "2026-06-02T12:32:00Z", "detections": 1, "frp_max_mw": 2.9, "frp_total_mw": 2.9, "pixel_area_ha": 14.1, "status": "out", "fire_class": "likely_agricultural", "municipality": "Palomares del Río", "province": "Sevilla", "region": "Andalucía", "muni_dist_km": 2.27}}, {"type": "Feature", "geometry": {"type": "Point", "coordinates": [-2.1858, 39.7542]}, "properties": {"id": "2f673b2834cf", "ine": "16903", "first_utc": "2026-06-03T12:49:00Z", "last_utc": "2026-06-03T12:49:00Z", "detections": 1, "frp_max_mw": 2.9, "frp_total_mw": 2.9, "pixel_area_ha": 14.1, "status": "out", "fire_class": "likely_agricultural", "municipality": "Las Valeras", "province": "Cuenca", "region": "Castilla-La Mancha", "muni_dist_km": 5.72}}, {"type": "Feature", "geometry": {"type": "Point", "coordinates": [-0.7284, 41.3018]}, "properties": {"id": "9cc4a66368b5", "ine": "50045", "first_utc": "2026-06-03T13:06:00Z", "last_utc": "2026-06-03T13:06:00Z", "detections": 1, "frp_max_mw": 2.9, "frp_total_mw": 2.9, "pixel_area_ha": 14.1, "status": "out", "fire_class": "likely_agricultural", "municipality": "Belchite", "province": "Zaragoza", "region": "Aragón", "muni_dist_km": 3.84}}, {"type": "Feature", "geometry": {"type": "Point", "coordinates": [-3.6178, 40.4681]}, "properties": {"id": "65ba6b796481", "ine": "28079", "first_utc": "2026-06-03T13:53:00Z", "last_utc": "2026-06-03T13:53:00Z", "detections": 1, "frp_max_mw": 2.9, "frp_total_mw": 2.9, "pixel_area_ha": 14.1, "status": "out", "fire_class": "likely_agricultural", "municipality": "Madrid", "province": "Madrid", "region": "Comunidad de Madrid", "muni_dist_km": 6.66}}, {"type": "Feature", "geometry": {"type": "Point", "coordinates": [-4.8812, 37.772]}, "properties": {"id": "3b4a55d77228", "ine": "14033", "first_utc": "2026-06-07T13:31:00Z", "last_utc": "2026-06-07T13:31:00Z", "detections": 1, "frp_max_mw": 2.9, "frp_total_mw": 2.9, "pixel_area_ha": 14.1, "status": "out", "fire_class": "likely_agricultural", "municipality": "Guadalcázar", "province": "Córdoba", "region": "Andalucía", "muni_dist_km": 8.36}}, {"type": "Feature", "geometry": {"type": "Point", "coordinates": [0.1782, 41.9247]}, "properties": {"id": "1e97b4a27343", "ine": "22158", "first_utc": "2026-06-09T02:17:00Z", "last_utc": "2026-06-09T02:51:00Z", "detections": 2, "frp_max_mw": 2.9, "frp_total_mw": 4.6, "pixel_area_ha": 28.1, "status": "out", "fire_class": "forest", "municipality": "Monzón", "province": "Huesca", "region": "Aragón", "muni_dist_km": 2.78}}, {"type": "Feature", "geometry": {"type": "Point", "coordinates": [-3.6031, 37.2099]}, "properties": {"id": "f9f43468b935", "ine": "18111", "first_utc": "2026-06-12T12:44:00Z", "last_utc": "2026-06-12T12:44:00Z", "detections": 1, "frp_max_mw": 2.9, "frp_total_mw": 2.9, "pixel_area_ha": 14.1, "status": "out", "fire_class": "likely_agricultural", "municipality": "Jun", "province": "Granada", "region": "Andalucía", "muni_dist_km": 1.48}}, {"type": "Feature", "geometry": {"type": "Point", "coordinates": [-1.8828, 39.0187]}, "properties": {"id": "4d56c736900e", "ine": "02003", "first_utc": "2026-06-12T13:21:00Z", "last_utc": "2026-06-12T13:21:00Z", "detections": 1, "frp_max_mw": 2.9, "frp_total_mw": 2.9, "pixel_area_ha": 14.1, "status": "out", "fire_class": "likely_agricultural", "municipality": "Albacete", "province": "Albacete", "region": "Castilla-La Mancha", "muni_dist_km": 7.01}}, {"type": "Feature", "geometry": {"type": "Point", "coordinates": [-4.0491, 38.6653]}, "properties": {"id": "10cafa58e908", "ine": "13071", "first_utc": "2026-06-13T02:43:00Z", "last_utc": "2026-06-14T01:39:00Z", "detections": 3, "frp_max_mw": 2.9, "frp_total_mw": 6.7, "pixel_area_ha": 42.2, "status": "out", "fire_class": "forest", "municipality": "Puertollano", "province": "Ciudad Real", "region": "Castilla-La Mancha", "muni_dist_km": 1.93}}, {"type": "Feature", "geometry": {"type": "Point", "coordinates": [-5.8939, 37.3738]}, "properties": {"id": "96d96de59429", "ine": "41091", "first_utc": "2026-06-14T12:59:00Z", "last_utc": "2026-06-14T12:59:00Z", "detections": 1, "frp_max_mw": 2.9, "frp_total_mw": 2.9, "pixel_area_ha": 14.1, "status": "out", "fire_class": "likely_agricultural", "municipality": "Sevilla", "province": "Sevilla", "region": "Andalucía", "muni_dist_km": 5.9}}, {"type": "Feature", "geometry": {"type": "Point", "coordinates": [1.1832, 41.1777]}, "properties": {"id": "480137d74352", "ine": "43047", "first_utc": "2026-06-16T12:23:00Z", "last_utc": "2026-06-16T13:10:00Z", "detections": 3, "frp_max_mw": 2.9, "frp_total_mw": 7.3, "pixel_area_ha": 42.2, "status": "out", "fire_class": "urban", "municipality": "Constantí", "province": "Tarragona", "region": "Cataluña", "muni_dist_km": 1.75}}, {"type": "Feature", "geometry": {"type": "Point", "coordinates": [1.3295, 41.7406]}, "properties": {"id": "b4d4a9822699", "ine": "25194", "first_utc": "2026-06-17T12:04:00Z", "last_utc": "2026-06-17T12:04:00Z", "detections": 1, "frp_max_mw": 2.9, "frp_total_mw": 2.9, "pixel_area_ha": 14.1, "status": "out", "fire_class": "agricultural", "municipality": "Sant Ramon", "province": "Lleida", "region": "Cataluña", "muni_dist_km": 2.55}}, {"type": "Feature", "geometry": {"type": "Point", "coordinates": [-9.1004, 43.1313]}, "properties": {"id": "353d6b9c4a83", "ine": "15016", "first_utc": "2026-06-22T01:34:00Z", "last_utc": "2026-06-22T01:34:00Z", "detections": 1, "frp_max_mw": 2.9, "frp_total_mw": 2.9, "pixel_area_ha": 14.1, "status": "out", "fire_class": "forest", "municipality": "Camariñas", "province": "A Coruña", "region": "Galicia", "muni_dist_km": 4.85}}, {"type": "Feature", "geometry": {"type": "Point", "coordinates": [-13.5429, 28.9737]}, "properties": {"id": "289a14463df6", "ine": "35004", "first_utc": "2026-06-24T01:54:00Z", "last_utc": "2026-06-24T03:34:00Z", "detections": 6, "frp_max_mw": 2.9, "frp_total_mw": 11.7, "pixel_area_ha": 56.2, "status": "out", "fire_class": "forest", "municipality": "Arrecife", "province": "Las Palmas", "region": "Canarias", "muni_dist_km": 1.59}}, {"type": "Feature", "geometry": {"type": "Point", "coordinates": [-1.8996, 43.3097]}, "properties": {"id": "117b49981ccd", "ine": "20053", "first_utc": "2026-06-25T02:17:00Z", "last_utc": "2026-06-25T03:13:00Z", "detections": 2, "frp_max_mw": 2.9, "frp_total_mw": 4.0, "pixel_area_ha": 28.1, "status": "out", "fire_class": "forest", "municipality": "Lezo", "province": "Gipuzkoa", "region": "País Vasco", "muni_dist_km": 2.34}}, {"type": "Feature", "geometry": {"type": "Point", "coordinates": [-0.4293, 39.4705]}, "properties": {"id": "4d29e17d261e", "ine": "46169", "first_utc": "2026-06-30T12:42:00Z", "last_utc": "2026-06-30T12:42:00Z", "detections": 1, "frp_max_mw": 2.9, "frp_total_mw": 2.9, "pixel_area_ha": 14.1, "status": "out", "fire_class": "likely_agricultural", "municipality": "Mislata", "province": "València/Valencia", "region": "Comunitat Valenciana", "muni_dist_km": 0.91}}, {"type": "Feature", "geometry": {"type": "Point", "coordinates": [-5.7244, 39.5862]}, "properties": {"id": "efd4dbd0948c", "ine": "10186", "first_utc": "2026-07-02T12:23:00Z", "last_utc": "2026-07-02T12:23:00Z", "detections": 2, "frp_max_mw": 2.9, "frp_total_mw": 5.4, "pixel_area_ha": 28.1, "status": "out", "fire_class": "likely_agricultural", "municipality": "Torrecillas de la Tiesa", "province": "Cáceres", "region": "Extremadura", "muni_dist_km": 3.18}}, {"type": "Feature", "geometry": {"type": "Point", "coordinates": [-5.1604, 38.5506]}, "properties": {"id": "92609a852695", "ine": "14008", "first_utc": "2026-07-02T14:03:00Z", "last_utc": "2026-07-02T14:03:00Z", "detections": 1, "frp_max_mw": 2.9, "frp_total_mw": 2.9, "pixel_area_ha": 14.1, "status": "out", "fire_class": "likely_agricultural", "municipality": "Belalcázar", "province": "Córdoba", "region": "Andalucía", "muni_dist_km": 4.65}}, {"type": "Feature", "geometry": {"type": "Point", "coordinates": [-4.9952, 37.5352]}, "properties": {"id": "b60d26004cf5", "ine": "41039", "first_utc": "2026-07-03T02:24:00Z", "last_utc": "2026-07-03T02:24:00Z", "detections": 1, "frp_max_mw": 2.9, "frp_total_mw": 2.9, "pixel_area_ha": 14.1, "status": "out", "fire_class": "forest", "municipality": "Écija", "province": "Sevilla", "region": "Andalucía", "muni_dist_km": 8.67}}, {"type": "Feature", "geometry": {"type": "Point", "coordinates": [-5.2714, 41.8493]}, "properties": {"id": "f1a59d2ced8c", "ine": "47029", "first_utc": "2026-07-07T02:28:00Z", "last_utc": "2026-07-07T03:34:00Z", "detections": 4, "frp_max_mw": 2.9, "frp_total_mw": 7.6, "pixel_area_ha": 42.2, "status": "out", "fire_class": "forest", "official_area_ha": 5.7, "municipality": "Cabreros del Monte", "province": "Valladolid", "region": "Castilla y León", "muni_dist_km": 0.31}}, {"type": "Feature", "geometry": {"type": "Point", "coordinates": [-5.2533, 38.2953]}, "properties": {"id": "f7495bb82436", "ine": "14052", "first_utc": "2026-07-14T01:22:00Z", "last_utc": "2026-07-14T03:04:00Z", "detections": 7, "frp_max_mw": 2.9, "frp_total_mw": 10.7, "pixel_area_ha": 56.2, "status": "out", "fire_class": "forest", "municipality": "Peñarroya-Pueblonuevo", "province": "Córdoba", "region": "Andalucía", "muni_dist_km": 2.33}}, {"type": "Feature", "geometry": {"type": "Point", "coordinates": [-4.562, 42.1114]}, "properties": {"id": "4ae45447154e", "ine": "34088", "first_utc": "2026-07-21T12:14:00Z", "last_utc": "2026-07-21T12:14:00Z", "detections": 1, "frp_max_mw": 2.9, "frp_total_mw": 2.9, "pixel_area_ha": 14.1, "status": "out", "fire_class": "forest", "official_area_ha": 1.88, "municipality": "Husillos", "province": "Palencia", "region": "Castilla y León", "muni_dist_km": 2.91}}, {"type": "Feature", "geometry": {"type": "Point", "coordinates": [-6.4832, 38.4525]}, "properties": {"id": "b346f94f7d76", "ine": "06158", "first_utc": "2026-07-23T12:29:00Z", "last_utc": "2026-07-23T12:29:00Z", "detections": 1, "frp_max_mw": 2.9, "frp_total_mw": 2.9, "pixel_area_ha": 14.1, "status": "out", "fire_class": "likely_agricultural", "municipality": "Zafra", "province": "Badajoz", "region": "Extremadura", "muni_dist_km": 3.35}}, {"type": "Feature", "geometry": {"type": "Point", "coordinates": [-1.8836, 39.0194]}, "properties": {"id": "d3bfb121c03e", "ine": "02003", "first_utc": "2026-07-26T13:14:00Z", "last_utc": "2026-07-26T13:14:00Z", "detections": 1, "frp_max_mw": 2.9, "frp_total_mw": 2.9, "pixel_area_ha": 14.1, "status": "out", "fire_class": "likely_agricultural", "municipality": "Albacete", "province": "Albacete", "region": "Castilla-La Mancha", "muni_dist_km": 7.09}}, {"type": "Feature", "geometry": {"type": "Point", "coordinates": [-6.9034, 37.1869]}, "properties": {"id": "b2b3edc7ab87", "ine": "21055", "first_utc": "2026-06-03T02:32:00Z", "last_utc": "2026-06-05T02:47:00Z", "detections": 6, "frp_max_mw": 2.8, "frp_total_mw": 8.2, "pixel_area_ha": 56.2, "status": "out", "fire_class": "forest", "municipality": "Palos de la Frontera", "province": "Huelva", "region": "Andalucía", "muni_dist_km": 0.97}}, {"type": "Feature", "geometry": {"type": "Point", "coordinates": [-5.8491, 37.311]}, "properties": {"id": "c349d7c5fcb3", "ine": "41004", "first_utc": "2026-06-07T12:38:00Z", "last_utc": "2026-06-07T12:38:00Z", "detections": 1, "frp_max_mw": 2.8, "frp_total_mw": 2.8, "pixel_area_ha": 14.1, "status": "out", "fire_class": "likely_agricultural", "municipality": "Alcalá de Guadaíra", "province": "Sevilla", "region": "Andalucía", "muni_dist_km": 4.43}}, {"type": "Feature", "geometry": {"type": "Point", "coordinates": [-5.2747, 37.6526]}, "properties": {"id": "f1f5ae2d3b91", "ine": "14049", "first_utc": "2026-06-10T12:34:00Z", "last_utc": "2026-06-10T12:34:00Z", "detections": 2, "frp_max_mw": 2.8, "frp_total_mw": 4.3, "pixel_area_ha": 28.1, "status": "out", "fire_class": "likely_agricultural", "municipality": "Palma del Río", "province": "Córdoba", "region": "Andalucía", "muni_dist_km": 2.65}}, {"type": "Feature", "geometry": {"type": "Point", "coordinates": [-5.6788, 39.5659]}, "properties": {"id": "583c5094efdf", "ine": "10011", "first_utc": "2026-06-11T12:17:00Z", "last_utc": "2026-06-11T12:17:00Z", "detections": 2, "frp_max_mw": 2.8, "frp_total_mw": 5.6, "pixel_area_ha": 28.1, "status": "out", "fire_class": "likely_agricultural", "municipality": "Aldeacentenera", "province": "Cáceres", "region": "Extremadura", "muni_dist_km": 4.91}}, {"type": "Feature", "geometry": {"type": "Point", "coordinates": [-5.6369, 38.7428]}, "properties": {"id": "2d37fec11216", "ine": "06078", "first_utc": "2026-06-14T01:20:00Z", "last_utc": "2026-06-14T02:26:00Z", "detections": 5, "frp_max_mw": 2.8, "frp_total_mw": 7.5, "pixel_area_ha": 42.2, "status": "out", "fire_class": "forest", "municipality": "Malpartida de la Serena", "province": "Badajoz", "region": "Extremadura", "muni_dist_km": 5.35}}, {"type": "Feature", "geometry": {"type": "Point", "coordinates": [-8.2265, 43.4765]}, "properties": {"id": "83486a901c44", "ine": "15051", "first_utc": "2026-06-16T13:46:00Z", "last_utc": "2026-06-16T13:46:00Z", "detections": 1, "frp_max_mw": 2.8, "frp_total_mw": 2.8, "pixel_area_ha": 14.1, "status": "out", "fire_class": "likely_agricultural", "municipality": "Mugardos", "province": "A Coruña", "region": "Galicia", "muni_dist_km": 3.0}}, {"type": "Feature", "geometry": {"type": "Point", "coordinates": [-1.6874, 42.845]}, "properties": {"id": "2fa2a5c4082e", "ine": "31903", "first_utc": "2026-06-19T13:08:00Z", "last_utc": "2026-06-19T13:08:00Z", "detections": 1, "frp_max_mw": 2.8, "frp_total_mw": 2.8, "pixel_area_ha": 14.1, "status": "out", "fire_class": "likely_agricultural", "municipality": "Berriozar", "province": "Navarra", "region": "Comunidad Foral de Navarra", "muni_dist_km": 1.46}}, {"type": "Feature", "geometry": {"type": "Point", "coordinates": [-1.1148, 39.501]}, "properties": {"id": "766bf9a112c8", "ine": "46213", "first_utc": "2026-06-26T12:36:00Z", "last_utc": "2026-06-26T12:36:00Z", "detections": 1, "frp_max_mw": 2.8, "frp_total_mw": 2.8, "pixel_area_ha": 14.1, "status": "out", "fire_class": "likely_agricultural", "municipality": "Requena", "province": "València/Valencia", "region": "Comunitat Valenciana", "muni_dist_km": 7.38}}, {"type": "Feature", "geometry": {"type": "Point", "coordinates": [-6.0649, 36.9605]}, "properties": {"id": "79bc62f0fd04", "ine": "41053", "first_utc": "2026-06-30T12:42:00Z", "last_utc": "2026-06-30T12:42:00Z", "detections": 1, "frp_max_mw": 2.8, "frp_total_mw": 2.8, "pixel_area_ha": 14.1, "status": "out", "fire_class": "likely_agricultural", "municipality": "Lebrija", "province": "Sevilla", "region": "Andalucía", "muni_dist_km": 2.36}}, {"type": "Feature", "geometry": {"type": "Point", "coordinates": [-4.632, 41.4905]}, "properties": {"id": "cd2b3362e2e5", "ine": "47007", "first_utc": "2026-07-02T12:23:00Z", "last_utc": "2026-07-02T12:23:00Z", "detections": 1, "frp_max_mw": 2.8, "frp_total_mw": 2.8, "pixel_area_ha": 14.1, "status": "out", "fire_class": "likely_agricultural", "municipality": "Aldeamayor de San Martín", "province": "Valladolid", "region": "Castilla y León", "muni_dist_km": 4.14}}, {"type": "Feature", "geometry": {"type": "Point", "coordinates": [-2.0398, 42.3236]}, "properties": {"id": "d64559efe7d8", "ine": "26117", "first_utc": "2026-07-06T13:36:00Z", "last_utc": "2026-07-06T13:36:00Z", "detections": 1, "frp_max_mw": 2.8, "frp_total_mw": 2.8, "pixel_area_ha": 14.1, "status": "out", "fire_class": "likely_agricultural", "municipality": "Pradejón", "province": "La Rioja", "region": "La Rioja", "muni_dist_km": 0.58}}, {"type": "Feature", "geometry": {"type": "Point", "coordinates": [-1.2509, 40.8742]}, "properties": {"id": "2fb73166bba9", "ine": "44034", "first_utc": "2026-07-08T13:53:00Z", "last_utc": "2026-07-08T13:53:00Z", "detections": 1, "frp_max_mw": 2.8, "frp_total_mw": 2.8, "pixel_area_ha": 14.1, "status": "out", "fire_class": "likely_agricultural", "municipality": "Bañón", "province": "Teruel", "region": "Aragón", "muni_dist_km": 5.46}}, {"type": "Feature", "geometry": {"type": "Point", "coordinates": [-6.4181, 38.9046]}, "properties": {"id": "6e3be415ba47", "ine": "06025", "first_utc": "2026-07-09T12:38:00Z", "last_utc": "2026-07-09T12:38:00Z", "detections": 1, "frp_max_mw": 2.8, "frp_total_mw": 2.8, "pixel_area_ha": 14.1, "status": "out", "fire_class": "likely_agricultural", "municipality": "Calamonte", "province": "Badajoz", "region": "Extremadura", "muni_dist_km": 4.57}}, {"type": "Feature", "geometry": {"type": "Point", "coordinates": [-1.905, 36.9668]}, "properties": {"id": "36b0cc8fdc49", "ine": "04032", "first_utc": "2026-06-30T01:20:00Z", "last_utc": "2026-07-11T01:34:00Z", "detections": 32, "frp_max_mw": 2.8, "frp_total_mw": 54.6, "pixel_area_ha": 56.2, "status": "out", "fire_class": "forest", "municipality": "Carboneras", "province": "Almería", "region": "Andalucía", "muni_dist_km": 4.83}}, {"type": "Feature", "geometry": {"type": "Point", "coordinates": [-4.0513, 38.6698]}, "properties": {"id": "767254287a94", "ine": "13071", "first_utc": "2026-07-13T02:36:00Z", "last_utc": "2026-07-13T02:36:00Z", "detections": 2, "frp_max_mw": 2.8, "frp_total_mw": 4.5, "pixel_area_ha": 28.1, "status": "out", "fire_class": "forest", "municipality": "Puertollano", "province": "Ciudad Real", "region": "Castilla-La Mancha", "muni_dist_km": 2.11}}, {"type": "Feature", "geometry": {"type": "Point", "coordinates": [-2.7523, 40.8927]}, "properties": {"id": "a462c80e1850", "ine": "19020", "first_utc": "2026-07-13T12:17:00Z", "last_utc": "2026-07-13T12:17:00Z", "detections": 1, "frp_max_mw": 2.8, "frp_total_mw": 2.8, "pixel_area_ha": 14.1, "status": "out", "fire_class": "likely_agricultural", "municipality": "Almadrones", "province": "Guadalajara", "region": "Castilla-La Mancha", "muni_dist_km": 0.87}}, {"type": "Feature", "geometry": {"type": "Point", "coordinates": [-6.5037, 37.3704]}, "properties": {"id": "c97db1e59720", "ine": "21074", "first_utc": "2026-07-19T12:51:00Z", "last_utc": "2026-07-19T12:51:00Z", "detections": 1, "frp_max_mw": 2.8, "frp_total_mw": 2.8, "pixel_area_ha": 14.1, "status": "out", "fire_class": "likely_agricultural", "municipality": "Villalba del Alcor", "province": "Huelva", "region": "Andalucía", "muni_dist_km": 3.66}}, {"type": "Feature", "geometry": {"type": "Point", "coordinates": [-0.3837, 39.1979]}, "properties": {"id": "3664522a8a60", "ine": "46197", "first_utc": "2026-07-23T12:29:00Z", "last_utc": "2026-07-23T12:29:00Z", "detections": 1, "frp_max_mw": 2.8, "frp_total_mw": 2.8, "pixel_area_ha": 14.1, "status": "out", "fire_class": "likely_agricultural", "municipality": "Polinyà de Xúquer", "province": "València/Valencia", "region": "Comunitat Valenciana", "muni_dist_km": 1.26}}, {"type": "Feature", "geometry": {"type": "Point", "coordinates": [-6.4175, 38.9042]}, "properties": {"id": "ec1918c1e290", "ine": "06025", "first_utc": "2026-06-07T12:38:00Z", "last_utc": "2026-06-07T12:38:00Z", "detections": 1, "frp_max_mw": 2.7, "frp_total_mw": 2.7, "pixel_area_ha": 14.1, "status": "out", "fire_class": "likely_agricultural", "municipality": "Calamonte", "province": "Badajoz", "region": "Extremadura", "muni_dist_km": 4.5}}, {"type": "Feature", "geometry": {"type": "Point", "coordinates": [-4.9008, 37.7729]}, "properties": {"id": "6a5f69655f90", "ine": "14033", "first_utc": "2026-06-07T13:31:00Z", "last_utc": "2026-06-07T13:31:00Z", "detections": 1, "frp_max_mw": 2.7, "frp_total_mw": 2.7, "pixel_area_ha": 14.1, "status": "out", "fire_class": "likely_agricultural", "municipality": "Guadalcázar", "province": "Córdoba", "region": "Andalucía", "muni_dist_km": 6.75}}, {"type": "Feature", "geometry": {"type": "Point", "coordinates": [-8.7012, 43.2159]}, "properties": {"id": "3a472eb3f98b", "ine": "15019", "first_utc": "2026-06-24T01:49:00Z", "last_utc": "2026-06-24T03:10:00Z", "detections": 6, "frp_max_mw": 2.7, "frp_total_mw": 10.6, "pixel_area_ha": 56.2, "status": "out", "fire_class": "forest", "municipality": "Carballo", "province": "A Coruña", "region": "Galicia", "muni_dist_km": 2.42}}, {"type": "Feature", "geometry": {"type": "Point", "coordinates": [-0.0034, 39.9509]}, "properties": {"id": "8f6ee836fbb4", "ine": "12009", "first_utc": "2026-06-30T01:20:00Z", "last_utc": "2026-06-30T02:26:00Z", "detections": 4, "frp_max_mw": 2.7, "frp_total_mw": 6.6, "pixel_area_ha": 42.2, "status": "out", "fire_class": "forest", "municipality": "Almassora", "province": "Castelló/Castellón", "region": "Comunitat Valenciana", "muni_dist_km": 5.1}}, {"type": "Feature", "geometry": {"type": "Point", "coordinates": [0.1805, 41.9244]}, "properties": {"id": "dcf378545caa", "ine": "22158", "first_utc": "2026-07-01T02:06:00Z", "last_utc": "2026-07-03T13:46:00Z", "detections": 6, "frp_max_mw": 2.7, "frp_total_mw": 8.8, "pixel_area_ha": 42.2, "status": "out", "fire_class": "forest", "municipality": "Monzón", "province": "Huesca", "region": "Aragón", "muni_dist_km": 2.8}}, {"type": "Feature", "geometry": {"type": "Point", "coordinates": [-6.9339, 38.914]}, "properties": {"id": "e4716a6f9e7d", "ine": "06015", "first_utc": "2026-07-16T13:01:00Z", "last_utc": "2026-07-16T13:01:00Z", "detections": 1, "frp_max_mw": 2.7, "frp_total_mw": 2.7, "pixel_area_ha": 14.1, "status": "out", "fire_class": "likely_agricultural", "municipality": "Badajoz", "province": "Badajoz", "region": "Extremadura", "muni_dist_km": 8.5}}, {"type": "Feature", "geometry": {"type": "Point", "coordinates": [-1.4875, 41.4755]}, "properties": {"id": "bc942c2a6f33", "ine": "50093", "first_utc": "2026-07-14T01:22:00Z", "last_utc": "2026-07-21T01:45:00Z", "detections": 18, "frp_max_mw": 2.7, "frp_total_mw": 19.9, "pixel_area_ha": 42.2, "status": "out", "fire_class": "forest", "municipality": "Chodes", "province": "Zaragoza", "region": "Aragón", "muni_dist_km": 0.72}}, {"type": "Feature", "geometry": {"type": "Point", "coordinates": [-3.6422, 37.2169]}, "properties": {"id": "56b700fc1529", "ine": "18127", "first_utc": "2026-07-25T01:15:00Z", "last_utc": "2026-07-25T02:58:00Z", "detections": 5, "frp_max_mw": 2.7, "frp_total_mw": 9.3, "pixel_area_ha": 28.1, "status": "out", "fire_class": "forest", "municipality": "Maracena", "province": "Granada", "region": "Andalucía", "muni_dist_km": 0.68}}, {"type": "Feature", "geometry": {"type": "Point", "coordinates": [-5.4736, 36.1105]}, "properties": {"id": "f3bcc8c3b1f4", "ine": "11004", "first_utc": "2026-06-03T01:26:00Z", "last_utc": "2026-06-03T02:32:00Z", "detections": 5, "frp_max_mw": 2.6, "frp_total_mw": 8.6, "pixel_area_ha": 42.2, "status": "out", "fire_class": "forest", "municipality": "Algeciras", "province": "Cádiz", "region": "Andalucía", "muni_dist_km": 0.44}}, {"type": "Feature", "geometry": {"type": "Point", "coordinates": [-0.3962, 41.8938]}, "properties": {"id": "b27cf2cab91f", "ine": "22116", "first_utc": "2026-06-08T13:14:00Z", "last_utc": "2026-06-08T13:14:00Z", "detections": 1, "frp_max_mw": 2.6, "frp_total_mw": 2.6, "pixel_area_ha": 14.1, "status": "out", "fire_class": "likely_agricultural", "municipality": "Grañén", "province": "Huesca", "region": "Aragón", "muni_dist_km": 4.78}}, {"type": "Feature", "geometry": {"type": "Point", "coordinates": [-3.5001, 38.9814]}, "properties": {"id": "c40109e8a821", "ine": "13053", "first_utc": "2026-06-08T13:59:00Z", "last_utc": "2026-06-08T13:59:00Z", "detections": 1, "frp_max_mw": 2.6, "frp_total_mw": 2.6, "pixel_area_ha": 14.1, "status": "out", "fire_class": "likely_agricultural", "municipality": "Manzanares", "province": "Ciudad Real", "region": "Castilla-La Mancha", "muni_dist_km": 11.86}}, {"type": "Feature", "geometry": {"type": "Point", "coordinates": [-1.9049, 36.9667]}, "properties": {"id": "9abd895e8250", "ine": "04032", "first_utc": "2026-06-01T01:30:00Z", "last_utc": "2026-06-09T02:53:00Z", "detections": 29, "frp_max_mw": 2.6, "frp_total_mw": 37.9, "pixel_area_ha": 70.3, "status": "out", "fire_class": "forest", "municipality": "Carboneras", "province": "Almería", "region": "Andalucía", "muni_dist_km": 4.89}}, {"type": "Feature", "geometry": {"type": "Point", "coordinates": [-6.6502, 38.639]}, "properties": {"id": "25ccaa739ce2", "ine": "06121", "first_utc": "2026-06-12T03:38:00Z", "last_utc": "2026-06-12T03:38:00Z", "detections": 2, "frp_max_mw": 2.6, "frp_total_mw": 4.3, "pixel_area_ha": 28.1, "status": "out", "fire_class": "forest", "municipality": "Santa Marta", "province": "Badajoz", "region": "Extremadura", "muni_dist_km": 1.17}}, {"type": "Feature", "geometry": {"type": "Point", "coordinates": [-4.2745, 43.0805]}, "properties": {"id": "cfa0cf8a6d0a", "ine": "39032", "first_utc": "2026-06-13T13:01:00Z", "last_utc": "2026-06-13T13:21:00Z", "detections": 2, "frp_max_mw": 2.6, "frp_total_mw": 4.8, "pixel_area_ha": 14.1, "status": "out", "fire_class": "forest", "official_area_ha": 3.0, "perimeter_id": "510772", "municipality": "Hermandad de Campoo de Suso", "province": "Cantabria", "region": "Cantabria", "muni_dist_km": 6.46}}, {"type": "Feature", "geometry": {"type": "Point", "coordinates": [-2.784, 37.4883]}, "properties": {"id": "deaaff381cc0", "ine": "18023", "first_utc": "2026-06-18T13:25:00Z", "last_utc": "2026-06-18T13:25:00Z", "detections": 1, "frp_max_mw": 2.6, "frp_total_mw": 2.6, "pixel_area_ha": 14.1, "status": "out", "fire_class": "likely_agricultural", "municipality": "Baza", "province": "Granada", "region": "Andalucía", "muni_dist_km": 8.29}}, {"type": "Feature", "geometry": {"type": "Point", "coordinates": [-5.2964, 40.0007]}, "properties": {"id": "63508c42d435", "ine": "45184", "first_utc": "2026-06-20T02:47:00Z", "last_utc": "2026-06-20T03:06:00Z", "detections": 4, "frp_max_mw": 2.6, "frp_total_mw": 5.6, "pixel_area_ha": 56.2, "status": "out", "fire_class": "forest", "municipality": "Las Ventas de San Julián", "province": "Toledo", "region": "Castilla-La Mancha", "muni_dist_km": 0.6}}, {"type": "Feature", "geometry": {"type": "Point", "coordinates": [0.1802, 41.9236]}, "properties": {"id": "e09bd0231d76", "ine": "22158", "first_utc": "2026-06-22T13:53:00Z", "last_utc": "2026-06-23T02:11:00Z", "detections": 2, "frp_max_mw": 2.6, "frp_total_mw": 4.6, "pixel_area_ha": 28.1, "status": "out", "fire_class": "forest", "municipality": "Monzón", "province": "Huesca", "region": "Aragón", "muni_dist_km": 2.82}}, {"type": "Feature", "geometry": {"type": "Point", "coordinates": [2.0782, 41.5395]}, "properties": {"id": "4190e67bae00", "ine": "08238", "first_utc": "2026-06-29T13:01:00Z", "last_utc": "2026-06-29T13:01:00Z", "detections": 1, "frp_max_mw": 2.6, "frp_total_mw": 2.6, "pixel_area_ha": 14.1, "status": "out", "fire_class": "urban", "municipality": "Sant Quirze del Vallès", "province": "Barcelona", "region": "Cataluña", "muni_dist_km": 1.75}}, {"type": "Feature", "geometry": {"type": "Point", "coordinates": [-2.3158, 38.4553]}, "properties": {"id": "279e25264b5c", "ine": "02049", "first_utc": "2026-07-01T14:03:00Z", "last_utc": "2026-07-01T14:03:00Z", "detections": 2, "frp_max_mw": 2.6, "frp_total_mw": 5.0, "pixel_area_ha": 14.1, "status": "out", "fire_class": "forest", "official_area_ha": 3242.0, "perimeter_id": "12998", "municipality": "Molinicos", "province": "Albacete", "region": "Castilla-La Mancha", "muni_dist_km": 4.52}}, {"type": "Feature", "geometry": {"type": "Point", "coordinates": [-4.7476, 37.9178]}, "properties": {"id": "6f5cfb624ee5", "ine": "14021", "first_utc": "2026-07-10T12:19:00Z", "last_utc": "2026-07-10T12:19:00Z", "detections": 1, "frp_max_mw": 2.6, "frp_total_mw": 2.6, "pixel_area_ha": 14.1, "status": "out", "fire_class": "likely_agricultural", "municipality": "Córdoba", "province": "Córdoba", "region": "Andalucía", "muni_dist_km": 8.62}}, {"type": "Feature", "geometry": {"type": "Point", "coordinates": [-3.7013, 40.3741]}, "properties": {"id": "5fe0232346d2", "ine": "28074", "first_utc": "2026-07-15T12:25:00Z", "last_utc": "2026-07-15T12:25:00Z", "detections": 1, "frp_max_mw": 2.6, "frp_total_mw": 2.6, "pixel_area_ha": 14.1, "status": "out", "fire_class": "likely_agricultural", "municipality": "Leganés", "province": "Madrid", "region": "Comunidad de Madrid", "muni_dist_km": 7.66}}, {"type": "Feature", "geometry": {"type": "Point", "coordinates": [-6.5057, 37.8676]}, "properties": {"id": "ddeafe60c0f6", "ine": "21059", "first_utc": "2026-07-15T14:05:00Z", "last_utc": "2026-07-15T14:05:00Z", "detections": 1, "frp_max_mw": 2.6, "frp_total_mw": 2.6, "pixel_area_ha": 14.1, "status": "out", "fire_class": "likely_agricultural", "municipality": "Puerto Moral", "province": "Huelva", "region": "Andalucía", "muni_dist_km": 4.44}}, {"type": "Feature", "geometry": {"type": "Point", "coordinates": [-1.904, 36.9662]}, "properties": {"id": "a8b4e7d18437", "ine": "04032", "first_utc": "2026-07-26T01:52:00Z", "last_utc": "2026-07-28T02:02:00Z", "detections": 5, "frp_max_mw": 2.6, "frp_total_mw": 9.8, "pixel_area_ha": 14.1, "status": "active", "fire_class": "forest", "municipality": "Carboneras", "province": "Almería", "region": "Andalucía", "muni_dist_km": 5.15}}, {"type": "Feature", "geometry": {"type": "Point", "coordinates": [-3.665, 38.0925]}, "properties": {"id": "66c24d567252", "ine": "23055", "first_utc": "2026-06-03T12:49:00Z", "last_utc": "2026-06-03T12:49:00Z", "detections": 2, "frp_max_mw": 2.5, "frp_total_mw": 4.8, "pixel_area_ha": 28.1, "status": "out", "fire_class": "likely_agricultural", "municipality": "Linares", "province": "Jaén", "region": "Andalucía", "muni_dist_km": 2.45}}, {"type": "Feature", "geometry": {"type": "Point", "coordinates": [-6.1996, 37.3698]}, "properties": {"id": "ca5ebe26eca0", "ine": "41094", "first_utc": "2026-06-03T13:55:00Z", "last_utc": "2026-06-03T13:55:00Z", "detections": 1, "frp_max_mw": 2.5, "frp_total_mw": 2.5, "pixel_area_ha": 14.1, "status": "out", "fire_class": "likely_agricultural", "municipality": "Umbrete", "province": "Sevilla", "region": "Andalucía", "muni_dist_km": 3.36}}, {"type": "Feature", "geometry": {"type": "Point", "coordinates": [-5.9744, 36.8044]}, "properties": {"id": "1a03ae9ff10e", "ine": "41903", "first_utc": "2026-06-13T14:05:00Z", "last_utc": "2026-06-14T01:41:00Z", "detections": 5, "frp_max_mw": 2.5, "frp_total_mw": 8.4, "pixel_area_ha": 70.3, "status": "out", "fire_class": "forest", "municipality": "El Cuervo de Sevilla", "province": "Sevilla", "region": "Andalucía", "muni_dist_km": 6.97}}, {"type": "Feature", "geometry": {"type": "Point", "coordinates": [-3.8034, 37.828]}, "properties": {"id": "0f42222bb23f", "ine": "23050", "first_utc": "2026-06-18T13:25:00Z", "last_utc": "2026-06-18T13:25:00Z", "detections": 1, "frp_max_mw": 2.5, "frp_total_mw": 2.5, "pixel_area_ha": 14.1, "status": "out", "fire_class": "likely_agricultural", "municipality": "Jaén", "province": "Jaén", "region": "Andalucía", "muni_dist_km": 5.02}}, {"type": "Feature", "geometry": {"type": "Point", "coordinates": [-5.0006, 37.5374]}, "properties": {"id": "638c67de67eb", "ine": "41039", "first_utc": "2026-06-23T01:15:00Z", "last_utc": "2026-06-23T01:15:00Z", "detections": 1, "frp_max_mw": 2.5, "frp_total_mw": 2.5, "pixel_area_ha": 14.1, "status": "out", "fire_class": "forest", "municipality": "Écija", "province": "Sevilla", "region": "Andalucía", "muni_dist_km": 8.24}}, {"type": "Feature", "geometry": {"type": "Point", "coordinates": [0.4309, 40.6765]}, "properties": {"id": "c7cff14cba37", "ine": "43063", "first_utc": "2026-06-24T01:32:00Z", "last_utc": "2026-06-24T01:49:00Z", "detections": 2, "frp_max_mw": 2.5, "frp_total_mw": 3.6, "pixel_area_ha": 14.1, "status": "out", "fire_class": "urban", "municipality": "La Galera", "province": "Tarragona", "region": "Cataluña", "muni_dist_km": 2.13}}, {"type": "Feature", "geometry": {"type": "Point", "coordinates": [-6.9015, 41.9764]}, "properties": {"id": "051d17728cf3", "ine": "49094", "first_utc": "2026-06-24T01:49:00Z", "last_utc": "2026-06-24T01:49:00Z", "detections": 3, "frp_max_mw": 2.5, "frp_total_mw": 5.1, "pixel_area_ha": 42.2, "status": "out", "fire_class": "forest", "official_area_ha": 9.2, "municipality": "Hermisende", "province": "Zamora", "region": "Castilla y León", "muni_dist_km": 0.94}}, {"type": "Feature", "geometry": {"type": "Point", "coordinates": [-5.6745, 40.9425]}, "properties": {"id": "b8e0c15ab555", "ine": "37274", "first_utc": "2026-06-24T01:32:00Z", "last_utc": "2026-06-24T01:52:00Z", "detections": 3, "frp_max_mw": 2.5, "frp_total_mw": 4.2, "pixel_area_ha": 42.2, "status": "out", "fire_class": "forest", "official_area_ha": 1.0, "municipality": "Salamanca", "province": "Salamanca", "region": "Castilla y León", "muni_dist_km": 1.8}}, {"type": "Feature", "geometry": {"type": "Point", "coordinates": [-9.1796, 43.137]}, "properties": {"id": "589996e62d36", "ine": "15016", "first_utc": "2026-06-24T01:32:00Z", "last_utc": "2026-06-24T02:38:00Z", "detections": 2, "frp_max_mw": 2.5, "frp_total_mw": 3.5, "pixel_area_ha": 28.1, "status": "out", "fire_class": "forest", "municipality": "Camariñas", "province": "A Coruña", "region": "Galicia", "muni_dist_km": 3.72}}, {"type": "Feature", "geometry": {"type": "Point", "coordinates": [-4.8152, 37.2728]}, "properties": {"id": "7c6351f60d7d", "ine": "41054", "first_utc": "2026-06-24T12:53:00Z", "last_utc": "2026-06-24T12:53:00Z", "detections": 2, "frp_max_mw": 2.5, "frp_total_mw": 4.6, "pixel_area_ha": 28.1, "status": "out", "fire_class": "likely_agricultural", "municipality": "Lora de Estepa", "province": "Sevilla", "region": "Andalucía", "muni_dist_km": 0.37}}, {"type": "Feature", "geometry": {"type": "Point", "coordinates": [0.1787, 41.9243]}, "properties": {"id": "0319574d5e94", "ine": "22158", "first_utc": "2026-06-24T02:38:00Z", "last_utc": "2026-06-26T02:34:00Z", "detections": 5, "frp_max_mw": 2.5, "frp_total_mw": 8.5, "pixel_area_ha": 28.1, "status": "out", "fire_class": "forest", "municipality": "Monzón", "province": "Huesca", "region": "Aragón", "muni_dist_km": 2.75}}, {"type": "Feature", "geometry": {"type": "Point", "coordinates": [-6.4138, 38.9015]}, "properties": {"id": "afb42661e08f", "ine": "06025", "first_utc": "2026-06-30T12:42:00Z", "last_utc": "2026-07-01T12:42:00Z", "detections": 2, "frp_max_mw": 2.5, "frp_total_mw": 4.5, "pixel_area_ha": 28.1, "status": "out", "fire_class": "likely_agricultural", "municipality": "Calamonte", "province": "Badajoz", "region": "Extremadura", "muni_dist_km": 3.76}}, {"type": "Feature", "geometry": {"type": "Point", "coordinates": [-1.9049, 36.9647]}, "properties": {"id": "3cba6dc7a95a", "ine": "04032", "first_utc": "2026-07-17T02:09:00Z", "last_utc": "2026-07-17T02:09:00Z", "detections": 1, "frp_max_mw": 2.5, "frp_total_mw": 2.5, "pixel_area_ha": 14.1, "status": "out", "fire_class": "forest", "municipality": "Carboneras", "province": "Almería", "region": "Andalucía", "muni_dist_km": 5.35}}, {"type": "Feature", "geometry": {"type": "Point", "coordinates": [-4.3311, 36.7158]}, "properties": {"id": "2252563e2a4f", "ine": "29082", "first_utc": "2026-07-18T02:24:00Z", "last_utc": "2026-07-18T02:24:00Z", "detections": 1, "frp_max_mw": 2.5, "frp_total_mw": 2.5, "pixel_area_ha": 14.1, "status": "out", "fire_class": "forest", "municipality": "Rincón de la Victoria", "province": "Málaga", "region": "Andalucía", "muni_dist_km": 5.67}}, {"type": "Feature", "geometry": {"type": "Point", "coordinates": [-1.2465, 40.452]}, "properties": {"id": "2153f90a9afd", "ine": "44076", "first_utc": "2026-07-19T02:04:00Z", "last_utc": "2026-07-19T02:04:00Z", "detections": 2, "frp_max_mw": 2.5, "frp_total_mw": 4.9, "pixel_area_ha": 28.1, "status": "out", "fire_class": "forest", "municipality": "Cella", "province": "Teruel", "region": "Aragón", "muni_dist_km": 4.16}}, {"type": "Feature", "geometry": {"type": "Point", "coordinates": [-4.6823, 37.6203]}, "properties": {"id": "c122edc2502d", "ine": "14041", "first_utc": "2026-07-27T02:19:00Z", "last_utc": "2026-07-27T02:19:00Z", "detections": 1, "frp_max_mw": 2.5, "frp_total_mw": 2.5, "pixel_area_ha": 14.1, "status": "dying_down", "fire_class": "forest", "municipality": "Montemayor", "province": "Córdoba", "region": "Andalucía", "muni_dist_km": 4.5}}, {"type": "Feature", "geometry": {"type": "Point", "coordinates": [1.6624, 41.3131]}, "properties": {"id": "7128cf84ce49", "ine": "08251", "first_utc": "2026-07-24T01:34:00Z", "last_utc": "2026-07-28T02:53:00Z", "detections": 10, "frp_max_mw": 2.5, "frp_total_mw": 14.1, "pixel_area_ha": 56.2, "status": "active", "fire_class": "forest", "municipality": "Santa Margarida i els Monjos", "province": "Barcelona", "region": "Cataluña", "muni_dist_km": 0.09}}, {"type": "Feature", "geometry": {"type": "Point", "coordinates": [-3.0261, 43.308]}, "properties": {"id": "bac2104f7a07", "ine": "48078", "first_utc": "2026-06-01T01:28:00Z", "last_utc": "2026-06-01T03:08:00Z", "detections": 3, "frp_max_mw": 2.4, "frp_total_mw": 5.0, "pixel_area_ha": 42.2, "status": "out", "fire_class": "forest", "municipality": "Portugalete", "province": "Bizkaia", "region": "País Vasco", "muni_dist_km": 0.85}}, {"type": "Feature", "geometry": {"type": "Point", "coordinates": [-1.1034, 41.491]}, "properties": {"id": "869595afaae5", "ine": "50181", "first_utc": "2026-06-09T01:32:00Z", "last_utc": "2026-06-09T01:32:00Z", "detections": 2, "frp_max_mw": 2.4, "frp_total_mw": 4.0, "pixel_area_ha": 14.1, "status": "out", "fire_class": "forest", "municipality": "Muel", "province": "Zaragoza", "region": "Aragón", "muni_dist_km": 2.81}}, {"type": "Feature", "geometry": {"type": "Point", "coordinates": [-0.8199, 41.5995]}, "properties": {"id": "b42c82ed9157", "ine": "50203", "first_utc": "2026-06-11T13:04:00Z", "last_utc": "2026-06-11T13:04:00Z", "detections": 1, "frp_max_mw": 2.4, "frp_total_mw": 2.4, "pixel_area_ha": 14.1, "status": "out", "fire_class": "likely_agricultural", "municipality": "Pastriz", "province": "Zaragoza", "region": "Aragón", "muni_dist_km": 4.46}}, {"type": "Feature", "geometry": {"type": "Point", "coordinates": [-6.4883, 38.935]}, "properties": {"id": "41ad29bb4ea2", "ine": "06058", "first_utc": "2026-06-12T03:04:00Z", "last_utc": "2026-06-12T03:04:00Z", "detections": 1, "frp_max_mw": 2.4, "frp_total_mw": 2.4, "pixel_area_ha": 14.1, "status": "out", "fire_class": "forest", "municipality": "La Garrovilla", "province": "Badajoz", "region": "Extremadura", "muni_dist_km": 0.3}}, {"type": "Feature", "geometry": {"type": "Point", "coordinates": [-3.6163, 40.4678]}, "properties": {"id": "66654eff8749", "ine": "28079", "first_utc": "2026-06-15T14:03:00Z", "last_utc": "2026-06-15T14:03:00Z", "detections": 1, "frp_max_mw": 2.4, "frp_total_mw": 2.4, "pixel_area_ha": 14.1, "status": "out", "fire_class": "likely_agricultural", "municipality": "Madrid", "province": "Madrid", "region": "Comunidad de Madrid", "muni_dist_km": 6.79}}, {"type": "Feature", "geometry": {"type": "Point", "coordinates": [-5.659, 37.3728]}, "properties": {"id": "e1e56ed892d8", "ine": "41102", "first_utc": "2026-06-30T12:42:00Z", "last_utc": "2026-06-30T12:42:00Z", "detections": 3, "frp_max_mw": 2.4, "frp_total_mw": 7.1, "pixel_area_ha": 42.2, "status": "out", "fire_class": "likely_agricultural", "municipality": "El Viso del Alcor", "province": "Sevilla", "region": "Andalucía", "muni_dist_km": 4.34}}, {"type": "Feature", "geometry": {"type": "Point", "coordinates": [1.979, 41.455]}, "properties": {"id": "bb8fbb176b64", "ine": "08196", "first_utc": "2026-06-20T02:11:00Z", "last_utc": "2026-07-02T02:41:00Z", "detections": 26, "frp_max_mw": 2.4, "frp_total_mw": 31.7, "pixel_area_ha": 84.4, "status": "out", "fire_class": "urban", "municipality": "Sant Andreu de la Barca", "province": "Barcelona", "region": "Cataluña", "muni_dist_km": 1.07}}, {"type": "Feature", "geometry": {"type": "Point", "coordinates": [-0.4048, 39.435]}, "properties": {"id": "6f97d294b658", "ine": "46186", "first_utc": "2026-07-04T13:25:00Z", "last_utc": "2026-07-04T13:25:00Z", "detections": 1, "frp_max_mw": 2.4, "frp_total_mw": 2.4, "pixel_area_ha": 14.1, "status": "out", "fire_class": "likely_agricultural", "municipality": "Paiporta", "province": "València/Valencia", "region": "Comunitat Valenciana", "muni_dist_km": 1.2}}, {"type": "Feature", "geometry": {"type": "Point", "coordinates": [0.5236, 42.2702]}, "properties": {"id": "de0ad448ab10", "ine": "22129", "first_utc": "2026-07-08T12:57:00Z", "last_utc": "2026-07-08T12:57:00Z", "detections": 1, "frp_max_mw": 2.4, "frp_total_mw": 2.4, "pixel_area_ha": 14.1, "status": "out", "fire_class": "forest", "official_area_ha": 61.0, "perimeter_id": "209250", "municipality": "Isábena", "province": "Huesca", "region": "Aragón", "muni_dist_km": 3.87}}, {"type": "Feature", "geometry": {"type": "Point", "coordinates": [-0.0495, 40.1237]}, "properties": {"id": "c1fb77cabfb7", "ine": "12128", "first_utc": "2026-07-18T13:10:00Z", "last_utc": "2026-07-18T13:10:00Z", "detections": 1, "frp_max_mw": 2.4, "frp_total_mw": 2.4, "pixel_area_ha": 14.1, "status": "out", "fire_class": "likely_agricultural", "municipality": "Vilafamés", "province": "Castelló/Castellón", "region": "Comunitat Valenciana", "muni_dist_km": 1.85}}, {"type": "Feature", "geometry": {"type": "Point", "coordinates": [-0.9731, 41.6464]}, "properties": {"id": "dc46479ec344", "ine": "50297", "first_utc": "2026-07-21T13:08:00Z", "last_utc": "2026-07-21T13:08:00Z", "detections": 1, "frp_max_mw": 2.4, "frp_total_mw": 2.4, "pixel_area_ha": 14.1, "status": "out", "fire_class": "likely_agricultural", "municipality": "Zaragoza", "province": "Zaragoza", "region": "Aragón", "muni_dist_km": 5.38}}, {"type": "Feature", "geometry": {"type": "Point", "coordinates": [1.2317, 41.1802]}, "properties": {"id": "995132596abd", "ine": "43103", "first_utc": "2026-06-01T01:28:00Z", "last_utc": "2026-06-01T02:21:00Z", "detections": 3, "frp_max_mw": 2.3, "frp_total_mw": 4.9, "pixel_area_ha": 42.2, "status": "out", "fire_class": "urban", "municipality": "Perafort", "province": "Tarragona", "region": "Cataluña", "muni_dist_km": 1.14}}, {"type": "Feature", "geometry": {"type": "Point", "coordinates": [-6.5186, 39.4547]}, "properties": {"id": "9d66baa837e6", "ine": "10115", "first_utc": "2026-06-10T12:36:00Z", "last_utc": "2026-06-10T12:36:00Z", "detections": 2, "frp_max_mw": 2.3, "frp_total_mw": 3.9, "pixel_area_ha": 28.1, "status": "out", "fire_class": "likely_agricultural", "municipality": "Malpartida de Cáceres", "province": "Cáceres", "region": "Extremadura", "muni_dist_km": 2.05}}, {"type": "Feature", "geometry": {"type": "Point", "coordinates": [-5.9264, 37.4183]}, "properties": {"id": "05f396792323", "ine": "41091", "first_utc": "2026-06-14T13:48:00Z", "last_utc": "2026-06-14T13:48:00Z", "detections": 1, "frp_max_mw": 2.3, "frp_total_mw": 2.3, "pixel_area_ha": 14.1, "status": "out", "fire_class": "likely_agricultural", "municipality": "Sevilla", "province": "Sevilla", "region": "Andalucía", "muni_dist_km": 3.94}}, {"type": "Feature", "geometry": {"type": "Point", "coordinates": [-1.8466, 42.0787]}, "properties": {"id": "addcd847af57", "ine": "31105", "first_utc": "2026-06-16T13:10:00Z", "last_utc": "2026-06-16T13:10:00Z", "detections": 1, "frp_max_mw": 2.3, "frp_total_mw": 2.3, "pixel_area_ha": 14.1, "status": "out", "fire_class": "likely_agricultural", "municipality": "Fitero", "province": "Navarra", "region": "Comunidad Foral de Navarra", "muni_dist_km": 4.09}}, {"type": "Feature", "geometry": {"type": "Point", "coordinates": [-5.7905, 36.5423]}, "properties": {"id": "100070431bf5", "ine": "11025", "first_utc": "2026-06-16T13:44:00Z", "last_utc": "2026-06-16T13:44:00Z", "detections": 1, "frp_max_mw": 2.3, "frp_total_mw": 2.3, "pixel_area_ha": 14.1, "status": "out", "fire_class": "likely_agricultural", "municipality": "Paterna de Rivera", "province": "Cádiz", "region": "Andalucía", "muni_dist_km": 5.99}}, {"type": "Feature", "geometry": {"type": "Point", "coordinates": [-1.4501, 38.2868]}, "properties": {"id": "254e421e382e", "ine": "30019", "first_utc": "2026-06-19T12:49:00Z", "last_utc": "2026-06-19T12:49:00Z", "detections": 1, "frp_max_mw": 2.3, "frp_total_mw": 2.3, "pixel_area_ha": 14.1, "status": "out", "fire_class": "likely_agricultural", "municipality": "Cieza", "province": "Murcia", "region": "Región de Murcia", "muni_dist_km": 2.25}}, {"type": "Feature", "geometry": {"type": "Point", "coordinates": [1.4656, 42.3593]}, "properties": {"id": "c26b28bad5d6", "ine": "25203", "first_utc": "2026-06-24T00:56:00Z", "last_utc": "2026-06-24T02:36:00Z", "detections": 4, "frp_max_mw": 2.3, "frp_total_mw": 6.9, "pixel_area_ha": 28.1, "status": "out", "fire_class": "urban", "municipality": "La Seu d'Urgell", "province": "Lleida", "region": "Cataluña", "muni_dist_km": 0.35}}, {"type": "Feature", "geometry": {"type": "Point", "coordinates": [-4.4841, 39.9489]}, "properties": {"id": "16eec57a003c", "ine": "45060", "first_utc": "2026-06-24T02:38:00Z", "last_utc": "2026-06-25T03:13:00Z", "detections": 4, "frp_max_mw": 2.3, "frp_total_mw": 5.8, "pixel_area_ha": 28.1, "status": "out", "fire_class": "forest", "municipality": "Erustes", "province": "Toledo", "region": "Castilla-La Mancha", "muni_dist_km": 1.22}}, {"type": "Feature", "geometry": {"type": "Point", "coordinates": [-6.8955, 37.1812]}, "properties": {"id": "a72aafc9cdfd", "ine": "21055", "first_utc": "2026-07-16T02:26:00Z", "last_utc": "2026-07-16T02:26:00Z", "detections": 1, "frp_max_mw": 2.3, "frp_total_mw": 2.3, "pixel_area_ha": 14.1, "status": "out", "fire_class": "forest", "municipality": "Palos de la Frontera", "province": "Huelva", "region": "Andalucía", "muni_dist_km": 1.44}}, {"type": "Feature", "geometry": {"type": "Point", "coordinates": [1.4116, 38.695]}, "properties": {"id": "3dfcf4947e4d", "ine": "07024", "first_utc": "2026-07-25T12:38:00Z", "last_utc": "2026-07-25T12:38:00Z", "detections": 1, "frp_max_mw": 2.3, "frp_total_mw": 2.3, "pixel_area_ha": 14.1, "status": "out", "fire_class": "likely_agricultural", "municipality": "Formentera", "province": "Illes Balears", "region": "Illes Balears", "muni_dist_km": 4.12}}, {"type": "Feature", "geometry": {"type": "Point", "coordinates": [2.0094, 41.2997]}, "properties": {"id": "4ebd3d81c5bc", "ine": "08301", "first_utc": "2026-07-27T12:55:00Z", "last_utc": "2026-07-27T12:55:00Z", "detections": 1, "frp_max_mw": 2.3, "frp_total_mw": 2.3, "pixel_area_ha": 14.1, "status": "dying_down", "fire_class": "likely_agricultural", "municipality": "Viladecans", "province": "Barcelona", "region": "Cataluña", "muni_dist_km": 1.92}}, {"type": "Feature", "geometry": {"type": "Point", "coordinates": [-4.8848, 37.7588]}, "properties": {"id": "90c14e355e42", "ine": "14065", "first_utc": "2026-06-04T13:33:00Z", "last_utc": "2026-06-04T13:33:00Z", "detections": 1, "frp_max_mw": 2.2, "frp_total_mw": 2.2, "pixel_area_ha": 14.1, "status": "out", "fire_class": "likely_agricultural", "municipality": "La Victoria", "province": "Córdoba", "region": "Andalucía", "muni_dist_km": 7.41}}, {"type": "Feature", "geometry": {"type": "Point", "coordinates": [1.2312, 41.1775]}, "properties": {"id": "8636c197a08b", "ine": "43103", "first_utc": "2026-06-10T02:51:00Z", "last_utc": "2026-06-10T02:51:00Z", "detections": 1, "frp_max_mw": 2.2, "frp_total_mw": 2.2, "pixel_area_ha": 14.1, "status": "out", "fire_class": "urban", "municipality": "Perafort", "province": "Tarragona", "region": "Cataluña", "muni_dist_km": 1.51}}, {"type": "Feature", "geometry": {"type": "Point", "coordinates": [2.1215, 41.5439]}, "properties": {"id": "3c2889c279a3", "ine": "08187", "first_utc": "2026-06-13T13:01:00Z", "last_utc": "2026-06-13T13:01:00Z", "detections": 1, "frp_max_mw": 2.2, "frp_total_mw": 2.2, "pixel_area_ha": 14.1, "status": "out", "fire_class": "urban", "municipality": "Sabadell", "province": "Barcelona", "region": "Cataluña", "muni_dist_km": 2.08}}, {"type": "Feature", "geometry": {"type": "Point", "coordinates": [-3.8055, 37.8381]}, "properties": {"id": "39a99a4777d8", "ine": "23050", "first_utc": "2026-06-18T13:25:00Z", "last_utc": "2026-06-18T13:25:00Z", "detections": 1, "frp_max_mw": 2.2, "frp_total_mw": 2.2, "pixel_area_ha": 14.1, "status": "out", "fire_class": "likely_agricultural", "municipality": "Jaén", "province": "Jaén", "region": "Andalucía", "muni_dist_km": 5.74}}, {"type": "Feature", "geometry": {"type": "Point", "coordinates": [2.1261, 41.3222]}, "properties": {"id": "d0f46ff5f1a4", "ine": "08169", "first_utc": "2026-06-21T01:54:00Z", "last_utc": "2026-06-21T02:28:00Z", "detections": 2, "frp_max_mw": 2.2, "frp_total_mw": 2.6, "pixel_area_ha": 28.1, "status": "out", "fire_class": "urban", "municipality": "El Prat de Llobregat", "province": "Barcelona", "region": "Cataluña", "muni_dist_km": 2.59}}, {"type": "Feature", "geometry": {"type": "Point", "coordinates": [-7.5771, 43.024]}, "properties": {"id": "15d7de5c3e2d", "ine": "27028", "first_utc": "2026-06-24T01:32:00Z", "last_utc": "2026-06-24T01:32:00Z", "detections": 2, "frp_max_mw": 2.2, "frp_total_mw": 4.3, "pixel_area_ha": 28.1, "status": "out", "fire_class": "forest", "municipality": "Lugo", "province": "Lugo", "region": "Galicia", "muni_dist_km": 2.47}}, {"type": "Feature", "geometry": {"type": "Point", "coordinates": [-1.9049, 36.9667]}, "properties": {"id": "99161e43f29e", "ine": "04032", "first_utc": "2026-06-24T01:34:00Z", "last_utc": "2026-06-27T02:36:00Z", "detections": 12, "frp_max_mw": 2.2, "frp_total_mw": 17.4, "pixel_area_ha": 56.2, "status": "out", "fire_class": "forest", "municipality": "Carboneras", "province": "Almería", "region": "Andalucía", "muni_dist_km": 4.89}}, {"type": "Feature", "geometry": {"type": "Point", "coordinates": [-5.8271, 37.0119]}, "properties": {"id": "ab51caa6a965", "ine": "41904", "first_utc": "2026-06-30T02:26:00Z", "last_utc": "2026-06-30T03:02:00Z", "detections": 3, "frp_max_mw": 2.2, "frp_total_mw": 5.9, "pixel_area_ha": 42.2, "status": "out", "fire_class": "forest", "municipality": "El Palmar de Troya", "province": "Sevilla", "region": "Andalucía", "muni_dist_km": 5.43}}, {"type": "Feature", "geometry": {"type": "Point", "coordinates": [0.2897, 42.3442]}, "properties": {"id": "b0b62fec46ff", "ine": "22113", "first_utc": "2026-07-02T01:00:00Z", "last_utc": "2026-07-02T02:41:00Z", "detections": 11, "frp_max_mw": 2.2, "frp_total_mw": 14.1, "pixel_area_ha": 84.4, "status": "out", "fire_class": "forest", "official_area_ha": 37.0, "perimeter_id": "549670", "municipality": "La Fueva", "province": "Huesca", "region": "Aragón", "muni_dist_km": 2.54}}, {"type": "Feature", "geometry": {"type": "Point", "coordinates": [-0.9167, 37.5695]}, "properties": {"id": "1b8cc45a101a", "ine": "30041", "first_utc": "2026-07-03T02:04:00Z", "last_utc": "2026-07-03T02:24:00Z", "detections": 3, "frp_max_mw": 2.2, "frp_total_mw": 5.6, "pixel_area_ha": 42.2, "status": "out", "fire_class": "forest", "municipality": "La Unión", "province": "Murcia", "region": "Región de Murcia", "muni_dist_km": 5.73}}, {"type": "Feature", "geometry": {"type": "Point", "coordinates": [-5.3671, 43.1396]}, "properties": {"id": "dbd84657f48d", "ine": "33015", "first_utc": "2026-07-12T01:13:00Z", "last_utc": "2026-07-12T01:13:00Z", "detections": 2, "frp_max_mw": 2.2, "frp_total_mw": 4.1, "pixel_area_ha": 14.1, "status": "out", "fire_class": "forest", "municipality": "Caso", "province": "Asturias", "region": "Principado de Asturias", "muni_dist_km": 3.68}}, {"type": "Feature", "geometry": {"type": "Point", "coordinates": [-6.4161, 38.9025]}, "properties": {"id": "48c1a873eb0b", "ine": "06025", "first_utc": "2026-07-20T12:32:00Z", "last_utc": "2026-07-20T12:32:00Z", "detections": 1, "frp_max_mw": 2.2, "frp_total_mw": 2.2, "pixel_area_ha": 14.1, "status": "out", "fire_class": "likely_agricultural", "municipality": "Calamonte", "province": "Badajoz", "region": "Extremadura", "muni_dist_km": 4.28}}, {"type": "Feature", "geometry": {"type": "Point", "coordinates": [2.7683, 41.9177]}, "properties": {"id": "44841041201a", "ine": "17002", "first_utc": "2026-07-20T13:08:00Z", "last_utc": "2026-07-20T13:08:00Z", "detections": 1, "frp_max_mw": 2.2, "frp_total_mw": 2.2, "pixel_area_ha": 14.1, "status": "out", "fire_class": "agricultural", "municipality": "Aiguaviva", "province": "Girona", "region": "Cataluña", "muni_dist_km": 1.21}}, {"type": "Feature", "geometry": {"type": "Point", "coordinates": [-1.2672, 38.2215]}, "properties": {"id": "1edb534093db", "ine": "30011", "first_utc": "2026-07-21T12:14:00Z", "last_utc": "2026-07-21T12:14:00Z", "detections": 1, "frp_max_mw": 2.2, "frp_total_mw": 2.2, "pixel_area_ha": 14.1, "status": "out", "fire_class": "likely_agricultural", "municipality": "Blanca", "province": "Murcia", "region": "Región de Murcia", "muni_dist_km": 2.8}}, {"type": "Feature", "geometry": {"type": "Point", "coordinates": [-4.0519, 38.6667]}, "properties": {"id": "8729b0eefc83", "ine": "13071", "first_utc": "2026-07-23T01:54:00Z", "last_utc": "2026-07-23T01:54:00Z", "detections": 2, "frp_max_mw": 2.2, "frp_total_mw": 3.9, "pixel_area_ha": 28.1, "status": "out", "fire_class": "forest", "municipality": "Puertollano", "province": "Ciudad Real", "region": "Castilla-La Mancha", "muni_dist_km": 1.92}}, {"type": "Feature", "geometry": {"type": "Point", "coordinates": [-6.5209, 39.459]}, "properties": {"id": "cda11f9f54de", "ine": "10115", "first_utc": "2026-07-23T12:29:00Z", "last_utc": "2026-07-23T12:32:00Z", "detections": 2, "frp_max_mw": 2.2, "frp_total_mw": 3.8, "pixel_area_ha": 14.1, "status": "out", "fire_class": "likely_agricultural", "municipality": "Malpartida de Cáceres", "province": "Cáceres", "region": "Extremadura", "muni_dist_km": 2.66}}, {"type": "Feature", "geometry": {"type": "Point", "coordinates": [-4.0509, 38.6709]}, "properties": {"id": "54b18e51ac5f", "ine": "13071", "first_utc": "2026-07-25T01:15:00Z", "last_utc": "2026-07-25T03:32:00Z", "detections": 6, "frp_max_mw": 2.2, "frp_total_mw": 9.4, "pixel_area_ha": 70.3, "status": "out", "fire_class": "forest", "municipality": "Puertollano", "province": "Ciudad Real", "region": "Castilla-La Mancha", "muni_dist_km": 1.87}}, {"type": "Feature", "geometry": {"type": "Point", "coordinates": [-3.7445, 39.9368]}, "properties": {"id": "c367f522fb1b", "ine": "45202", "first_utc": "2026-07-17T01:20:00Z", "last_utc": "2026-07-28T02:36:00Z", "detections": 39, "frp_max_mw": 2.2, "frp_total_mw": 49.0, "pixel_area_ha": 70.3, "status": "active", "fire_class": "forest", "municipality": "Yepes", "province": "Toledo", "region": "Castilla-La Mancha", "muni_dist_km": 5.11}}, {"type": "Feature", "geometry": {"type": "Point", "coordinates": [-3.8441, 43.4418]}, "properties": {"id": "97cd5047b0c3", "ine": "39075", "first_utc": "2026-07-28T02:00:00Z", "last_utc": "2026-07-28T02:53:00Z", "detections": 3, "frp_max_mw": 2.2, "frp_total_mw": 5.1, "pixel_area_ha": 28.1, "status": "active", "fire_class": "forest", "municipality": "Santander", "province": "Cantabria", "region": "Cantabria", "muni_dist_km": 2.5}}, {"type": "Feature", "geometry": {"type": "Point", "coordinates": [-1.8848, 38.3225]}, "properties": {"id": "8ca82662b032", "ine": "02072", "first_utc": "2026-06-10T12:34:00Z", "last_utc": "2026-06-10T12:34:00Z", "detections": 1, "frp_max_mw": 2.1, "frp_total_mw": 2.1, "pixel_area_ha": 14.1, "status": "out", "fire_class": "likely_agricultural", "municipality": "Socovos", "province": "Albacete", "region": "Castilla-La Mancha", "muni_dist_km": 2.79}}, {"type": "Feature", "geometry": {"type": "Point", "coordinates": [0.1814, 41.9241]}, "properties": {"id": "cec740acb89a", "ine": "22158", "first_utc": "2026-06-10T13:57:00Z", "last_utc": "2026-06-10T13:57:00Z", "detections": 1, "frp_max_mw": 2.1, "frp_total_mw": 2.1, "pixel_area_ha": 14.1, "status": "out", "fire_class": "likely_agricultural", "municipality": "Monzón", "province": "Huesca", "region": "Aragón", "muni_dist_km": 2.94}}, {"type": "Feature", "geometry": {"type": "Point", "coordinates": [-5.3069, 36.2959]}, "properties": {"id": "4e4d64750b79", "ine": "11033", "first_utc": "2026-06-11T03:21:00Z", "last_utc": "2026-06-11T03:21:00Z", "detections": 1, "frp_max_mw": 2.1, "frp_total_mw": 2.1, "pixel_area_ha": 14.1, "status": "out", "fire_class": "forest", "municipality": "San Roque", "province": "Cádiz", "region": "Andalucía", "muni_dist_km": 5.72}}, {"type": "Feature", "geometry": {"type": "Point", "coordinates": [-8.6378, 42.6484]}, "properties": {"id": "3c8b8f8280fe", "ine": "36005", "first_utc": "2026-06-13T02:43:00Z", "last_utc": "2026-06-13T03:17:00Z", "detections": 4, "frp_max_mw": 2.1, "frp_total_mw": 4.2, "pixel_area_ha": 28.1, "status": "out", "fire_class": "forest", "municipality": "Caldas de Reis", "province": "Pontevedra", "region": "Galicia", "muni_dist_km": 3.94}}, {"type": "Feature", "geometry": {"type": "Point", "coordinates": [-1.9046, 36.9666]}, "properties": {"id": "aee7bca13bf0", "ine": "04032", "first_utc": "2026-06-16T01:47:00Z", "last_utc": "2026-06-19T01:45:00Z", "detections": 12, "frp_max_mw": 2.1, "frp_total_mw": 17.1, "pixel_area_ha": 70.3, "status": "out", "fire_class": "forest", "municipality": "Carboneras", "province": "Almería", "region": "Andalucía", "muni_dist_km": 4.96}}, {"type": "Feature", "geometry": {"type": "Point", "coordinates": [-1.2416, 41.8222]}, "properties": {"id": "41c470c321eb", "ine": "50147", "first_utc": "2026-06-20T01:26:00Z", "last_utc": "2026-06-20T01:26:00Z", "detections": 1, "frp_max_mw": 2.1, "frp_total_mw": 2.1, "pixel_area_ha": 14.1, "status": "out", "fire_class": "forest", "municipality": "Luceni", "province": "Zaragoza", "region": "Aragón", "muni_dist_km": 1.57}}, {"type": "Feature", "geometry": {"type": "Point", "coordinates": [-5.7957, 36.4983]}, "properties": {"id": "9fabcb6939e0", "ine": "11025", "first_utc": "2026-06-22T12:55:00Z", "last_utc": "2026-06-22T12:55:00Z", "detections": 1, "frp_max_mw": 2.1, "frp_total_mw": 2.1, "pixel_area_ha": 14.1, "status": "out", "fire_class": "likely_agricultural", "municipality": "Paterna de Rivera", "province": "Cádiz", "region": "Andalucía", "muni_dist_km": 5.74}}, {"type": "Feature", "geometry": {"type": "Point", "coordinates": [-0.4798, 38.3459]}, "properties": {"id": "063763c25839", "ine": "03014", "first_utc": "2026-06-25T01:32:00Z", "last_utc": "2026-06-25T01:32:00Z", "detections": 1, "frp_max_mw": 2.1, "frp_total_mw": 2.1, "pixel_area_ha": 14.1, "status": "out", "fire_class": "forest", "municipality": "Alacant/Alicante", "province": "Alacant/Alicante", "region": "Comunitat Valenciana", "muni_dist_km": 6.45}}, {"type": "Feature", "geometry": {"type": "Point", "coordinates": [-0.676, 38.725]}, "properties": {"id": "ee1d54069b1b", "ine": "03021", "first_utc": "2026-06-26T12:36:00Z", "last_utc": "2026-06-26T12:36:00Z", "detections": 1, "frp_max_mw": 2.1, "frp_total_mw": 2.1, "pixel_area_ha": 14.1, "status": "out", "fire_class": "likely_agricultural", "municipality": "Banyeres de Mariola", "province": "Alacant/Alicante", "region": "Comunitat Valenciana", "muni_dist_km": 2.18}}, {"type": "Feature", "geometry": {"type": "Point", "coordinates": [-5.7641, 41.4926]}, "properties": {"id": "571b294d6a5d", "ine": "49275", "first_utc": "2026-07-06T01:26:00Z", "last_utc": "2026-07-06T01:26:00Z", "detections": 4, "frp_max_mw": 2.1, "frp_total_mw": 6.7, "pixel_area_ha": 28.1, "status": "out", "fire_class": "forest", "official_area_ha": 14.2, "municipality": "Zamora", "province": "Zamora", "region": "Castilla y León", "muni_dist_km": 4.07}}, {"type": "Feature", "geometry": {"type": "Point", "coordinates": [-0.0048, 39.9513]}, "properties": {"id": "fadc93c64791", "ine": "12009", "first_utc": "2026-07-06T03:06:00Z", "last_utc": "2026-07-06T03:06:00Z", "detections": 1, "frp_max_mw": 2.1, "frp_total_mw": 2.1, "pixel_area_ha": 14.1, "status": "out", "fire_class": "forest", "municipality": "Almassora", "province": "Castelló/Castellón", "region": "Comunitat Valenciana", "muni_dist_km": 5.39}}, {"type": "Feature", "geometry": {"type": "Point", "coordinates": [-5.7878, 36.4913]}, "properties": {"id": "5fae9103e7d4", "ine": "11025", "first_utc": "2026-07-06T12:29:00Z", "last_utc": "2026-07-06T12:29:00Z", "detections": 1, "frp_max_mw": 2.1, "frp_total_mw": 2.1, "pixel_area_ha": 14.1, "status": "out", "fire_class": "likely_agricultural", "municipality": "Paterna de Rivera", "province": "Cádiz", "region": "Andalucía", "muni_dist_km": 6.73}}, {"type": "Feature", "geometry": {"type": "Point", "coordinates": [1.9797, 41.4551]}, "properties": {"id": "503c11bb1505", "ine": "08196", "first_utc": "2026-07-09T01:15:00Z", "last_utc": "2026-07-09T02:11:00Z", "detections": 3, "frp_max_mw": 2.1, "frp_total_mw": 5.1, "pixel_area_ha": 42.2, "status": "out", "fire_class": "forest", "municipality": "Sant Andreu de la Barca", "province": "Barcelona", "region": "Cataluña", "muni_dist_km": 1.3}}, {"type": "Feature", "geometry": {"type": "Point", "coordinates": [-7.7522, 42.7561]}, "properties": {"id": "3e39ba7081c7", "ine": "27060", "first_utc": "2026-07-17T02:43:00Z", "last_utc": "2026-07-17T02:43:00Z", "detections": 1, "frp_max_mw": 2.1, "frp_total_mw": 2.1, "pixel_area_ha": 14.1, "status": "out", "fire_class": "forest", "municipality": "Taboada", "province": "Lugo", "region": "Galicia", "muni_dist_km": 4.25}}, {"type": "Feature", "geometry": {"type": "Point", "coordinates": [2.874, 42.0411]}, "properties": {"id": "ffb977a5efd4", "ine": "17169", "first_utc": "2026-07-18T00:41:00Z", "last_utc": "2026-07-18T01:00:00Z", "detections": 3, "frp_max_mw": 2.1, "frp_total_mw": 3.8, "pixel_area_ha": 42.2, "status": "out", "fire_class": "forest", "municipality": "Sant Julià de Ramis", "province": "Girona", "region": "Cataluña", "muni_dist_km": 1.98}}, {"type": "Feature", "geometry": {"type": "Point", "coordinates": [-2.8207, 36.7564]}, "properties": {"id": "bdd219817496", "ine": "04902", "first_utc": "2026-07-21T13:55:00Z", "last_utc": "2026-07-21T13:55:00Z", "detections": 1, "frp_max_mw": 2.1, "frp_total_mw": 2.1, "pixel_area_ha": 14.1, "status": "out", "fire_class": "likely_agricultural", "municipality": "El Ejido", "province": "Almería", "region": "Andalucía", "muni_dist_km": 3.62}}, {"type": "Feature", "geometry": {"type": "Point", "coordinates": [-4.6899, 43.3024]}, "properties": {"id": "e3ea6acc4d6c", "ine": "33046", "first_utc": "2026-07-23T13:18:00Z", "last_utc": "2026-07-23T13:18:00Z", "detections": 1, "frp_max_mw": 2.1, "frp_total_mw": 2.1, "pixel_area_ha": 14.1, "status": "out", "fire_class": "likely_agricultural", "municipality": "Peñamellera Alta", "province": "Asturias", "region": "Principado de Asturias", "muni_dist_km": 2.91}}, {"type": "Feature", "geometry": {"type": "Point", "coordinates": [-4.0602, 38.6784]}, "properties": {"id": "20239a0fc2b7", "ine": "13071", "first_utc": "2026-06-04T02:47:00Z", "last_utc": "2026-06-04T03:06:00Z", "detections": 2, "frp_max_mw": 2.0, "frp_total_mw": 3.3, "pixel_area_ha": 28.1, "status": "out", "fire_class": "forest", "municipality": "Puertollano", "province": "Ciudad Real", "region": "Castilla-La Mancha", "muni_dist_km": 3.23}}, {"type": "Feature", "geometry": {"type": "Point", "coordinates": [-3.8371, 43.4131]}, "properties": {"id": "0ab80c1005af", "ine": "39008", "first_utc": "2026-06-06T02:28:00Z", "last_utc": "2026-06-06T02:28:00Z", "detections": 1, "frp_max_mw": 2.0, "frp_total_mw": 2.0, "pixel_area_ha": 14.1, "status": "out", "fire_class": "forest", "municipality": "El Astillero", "province": "Cantabria", "region": "Cantabria", "muni_dist_km": 1.55}}, {"type": "Feature", "geometry": {"type": "Point", "coordinates": [-4.5326, 42.735]}, "properties": {"id": "448dccf7f842", "ine": "34124", "first_utc": "2026-06-06T13:31:00Z", "last_utc": "2026-06-06T13:31:00Z", "detections": 1, "frp_max_mw": 2.0, "frp_total_mw": 2.0, "pixel_area_ha": 14.1, "status": "out", "fire_class": "likely_agricultural", "municipality": "Payo de Ojeda", "province": "Palencia", "region": "Castilla y León", "muni_dist_km": 2.99}}, {"type": "Feature", "geometry": {"type": "Point", "coordinates": [-6.069, 40.0712]}, "properties": {"id": "f98873fc4e49", "ine": "10136", "first_utc": "2026-06-14T12:42:00Z", "last_utc": "2026-06-14T12:42:00Z", "detections": 1, "frp_max_mw": 2.0, "frp_total_mw": 2.0, "pixel_area_ha": 14.1, "status": "out", "fire_class": "likely_agricultural", "municipality": "Oliva de Plasencia", "province": "Cáceres", "region": "Extremadura", "muni_dist_km": 5.64}}, {"type": "Feature", "geometry": {"type": "Point", "coordinates": [-6.2493, 42.0089]}, "properties": {"id": "a064b49cf941", "ine": "49177", "first_utc": "2026-06-14T13:48:00Z", "last_utc": "2026-06-14T13:48:00Z", "detections": 1, "frp_max_mw": 2.0, "frp_total_mw": 2.0, "pixel_area_ha": 14.1, "status": "out", "fire_class": "forest", "official_area_ha": 0.04, "perimeter_id": "208551", "municipality": "Rionegro del Puente", "province": "Zamora", "region": "Castilla y León", "muni_dist_km": 1.33}}, {"type": "Feature", "geometry": {"type": "Point", "coordinates": [-0.6568, 41.9908]}, "properties": {"id": "c4bc7419d0f5", "ine": "22226", "first_utc": "2026-06-17T13:46:00Z", "last_utc": "2026-06-17T13:46:00Z", "detections": 1, "frp_max_mw": 2.0, "frp_total_mw": 2.0, "pixel_area_ha": 14.1, "status": "out", "fire_class": "likely_agricultural", "municipality": "Tardienta", "province": "Huesca", "region": "Aragón", "muni_dist_km": 8.34}}, {"type": "Feature", "geometry": {"type": "Point", "coordinates": [1.6621, 41.3128]}, "properties": {"id": "a97e74c53dc9", "ine": "08251", "first_utc": "2026-06-12T01:22:00Z", "last_utc": "2026-06-18T02:49:00Z", "detections": 23, "frp_max_mw": 2.0, "frp_total_mw": 33.1, "pixel_area_ha": 84.4, "status": "out", "fire_class": "forest", "municipality": "Santa Margarida i els Monjos", "province": "Barcelona", "region": "Cataluña", "muni_dist_km": 0.07}}, {"type": "Feature", "geometry": {"type": "Point", "coordinates": [-0.4692, 41.0353]}, "properties": {"id": "c9ef42bceacf", "ine": "44025", "first_utc": "2026-06-22T12:10:00Z", "last_utc": "2026-06-22T12:10:00Z", "detections": 1, "frp_max_mw": 2.0, "frp_total_mw": 2.0, "pixel_area_ha": 14.1, "status": "out", "fire_class": "likely_agricultural", "municipality": "Andorra", "province": "Teruel", "region": "Aragón", "muni_dist_km": 4.05}}, {"type": "Feature", "geometry": {"type": "Point", "coordinates": [-5.8119, 37.4294]}, "properties": {"id": "366de1b3e5ba", "ine": "41081", "first_utc": "2026-06-26T02:02:00Z", "last_utc": "2026-06-26T02:36:00Z", "detections": 2, "frp_max_mw": 2.0, "frp_total_mw": 2.3, "pixel_area_ha": 14.1, "status": "out", "fire_class": "forest", "municipality": "La Rinconada", "province": "Sevilla", "region": "Andalucía", "muni_dist_km": 8.69}}, {"type": "Feature", "geometry": {"type": "Point", "coordinates": [-5.6968, 37.441]}, "properties": {"id": "5541df8d4cfc", "ine": "41024", "first_utc": "2026-06-26T14:16:00Z", "last_utc": "2026-06-26T14:16:00Z", "detections": 1, "frp_max_mw": 2.0, "frp_total_mw": 2.0, "pixel_area_ha": 14.1, "status": "out", "fire_class": "likely_agricultural", "municipality": "Carmona", "province": "Sevilla", "region": "Andalucía", "muni_dist_km": 6.04}}, {"type": "Feature", "geometry": {"type": "Point", "coordinates": [1.662, 41.3131]}, "properties": {"id": "f7668a6d3e87", "ine": "08251", "first_utc": "2026-06-20T01:26:00Z", "last_utc": "2026-07-02T01:45:00Z", "detections": 35, "frp_max_mw": 2.0, "frp_total_mw": 45.6, "pixel_area_ha": 70.3, "status": "out", "fire_class": "urban", "municipality": "Santa Margarida i els Monjos", "province": "Barcelona", "region": "Cataluña", "muni_dist_km": 0.03}}, {"type": "Feature", "geometry": {"type": "Point", "coordinates": [-2.0814, 39.5942]}, "properties": {"id": "8157d41931cd", "ine": "16142", "first_utc": "2026-07-02T12:23:00Z", "last_utc": "2026-07-02T12:23:00Z", "detections": 2, "frp_max_mw": 2.0, "frp_total_mw": 4.0, "pixel_area_ha": 28.1, "status": "out", "fire_class": "likely_agricultural", "municipality": "Olmedilla de Alarcón", "province": "Cuenca", "region": "Castilla-La Mancha", "muni_dist_km": 3.58}}, {"type": "Feature", "geometry": {"type": "Point", "coordinates": [1.9799, 41.4554]}, "properties": {"id": "a5a2d1e3e7ce", "ine": "08196", "first_utc": "2026-07-04T01:43:00Z", "last_utc": "2026-07-06T01:26:00Z", "detections": 5, "frp_max_mw": 2.0, "frp_total_mw": 8.7, "pixel_area_ha": 42.2, "status": "out", "fire_class": "agricultural", "municipality": "Sant Andreu de la Barca", "province": "Barcelona", "region": "Cataluña", "muni_dist_km": 1.24}}, {"type": "Feature", "geometry": {"type": "Point", "coordinates": [-0.4509, 38.6944]}, "properties": {"id": "80627457e5ee", "ine": "03056", "first_utc": "2026-07-06T02:13:00Z", "last_utc": "2026-07-06T02:47:00Z", "detections": 4, "frp_max_mw": 2.0, "frp_total_mw": 6.2, "pixel_area_ha": 56.2, "status": "out", "fire_class": "forest", "municipality": "Cocentaina", "province": "Alacant/Alicante", "region": "Comunitat Valenciana", "muni_dist_km": 4.42}}, {"type": "Feature", "geometry": {"type": "Point", "coordinates": [-0.5799, 38.2106]}, "properties": {"id": "829f4e6f4e15", "ine": "03121", "first_utc": "2026-07-07T01:54:00Z", "last_utc": "2026-07-07T01:54:00Z", "detections": 1, "frp_max_mw": 2.0, "frp_total_mw": 2.0, "pixel_area_ha": 14.1, "status": "out", "fire_class": "forest", "municipality": "Santa Pola", "province": "Alacant/Alicante", "region": "Comunitat Valenciana", "muni_dist_km": 0.82}}, {"type": "Feature", "geometry": {"type": "Point", "coordinates": [1.2306, 41.1813]}, "properties": {"id": "9d27d662994a", "ine": "43103", "first_utc": "2026-07-08T02:11:00Z", "last_utc": "2026-07-08T02:28:00Z", "detections": 2, "frp_max_mw": 2.0, "frp_total_mw": 2.2, "pixel_area_ha": 14.1, "status": "out", "fire_class": "urban", "municipality": "Perafort", "province": "Tarragona", "region": "Cataluña", "muni_dist_km": 1.16}}, {"type": "Feature", "geometry": {"type": "Point", "coordinates": [-2.8799, 38.2539]}, "properties": {"id": "67e1becfe397", "ine": "23012", "first_utc": "2026-07-09T01:15:00Z", "last_utc": "2026-07-09T01:52:00Z", "detections": 3, "frp_max_mw": 2.0, "frp_total_mw": 4.5, "pixel_area_ha": 28.1, "status": "out", "fire_class": "forest", "official_area_ha": 45.0, "perimeter_id": "54278", "municipality": "Beas de Segura", "province": "Jaén", "region": "Andalucía", "muni_dist_km": 1.03}}, {"type": "Feature", "geometry": {"type": "Point", "coordinates": [-3.6322, 37.1958]}, "properties": {"id": "922b6ecf6d0c", "ine": "18127", "first_utc": "2026-07-11T01:34:00Z", "last_utc": "2026-07-11T01:34:00Z", "detections": 2, "frp_max_mw": 2.0, "frp_total_mw": 3.7, "pixel_area_ha": 28.1, "status": "out", "fire_class": "forest", "municipality": "Maracena", "province": "Granada", "region": "Andalucía", "muni_dist_km": 1.73}}, {"type": "Feature", "geometry": {"type": "Point", "coordinates": [-1.8963, 42.3142]}, "properties": {"id": "03c51708fd9f", "ine": "31042", "first_utc": "2026-07-12T01:13:00Z", "last_utc": "2026-07-12T02:00:00Z", "detections": 2, "frp_max_mw": 2.0, "frp_total_mw": 3.1, "pixel_area_ha": 14.1, "status": "out", "fire_class": "forest", "municipality": "Azagra", "province": "Navarra", "region": "Comunidad Foral de Navarra", "muni_dist_km": 2.41}}, {"type": "Feature", "geometry": {"type": "Point", "coordinates": [-3.7435, 39.9367]}, "properties": {"id": "5ff9c0620133", "ine": "45014", "first_utc": "2026-07-11T01:32:00Z", "last_utc": "2026-07-15T01:58:00Z", "detections": 8, "frp_max_mw": 2.0, "frp_total_mw": 12.1, "pixel_area_ha": 42.2, "status": "out", "fire_class": "forest", "municipality": "Añover de Tajo", "province": "Toledo", "region": "Castilla-La Mancha", "muni_dist_km": 5.32}}, {"type": "Feature", "geometry": {"type": "Point", "coordinates": [-0.0045, 39.9504]}, "properties": {"id": "30ec51b82fa7", "ine": "12009", "first_utc": "2026-07-15T02:43:00Z", "last_utc": "2026-07-16T01:41:00Z", "detections": 2, "frp_max_mw": 2.0, "frp_total_mw": 3.5, "pixel_area_ha": 14.1, "status": "out", "fire_class": "forest", "municipality": "Almassora", "province": "Castelló/Castellón", "region": "Comunitat Valenciana", "muni_dist_km": 5.29}}, {"type": "Feature", "geometry": {"type": "Point", "coordinates": [1.9973, 41.4068]}, "properties": {"id": "d5ae1b979731", "ine": "08157", "first_utc": "2026-07-18T01:47:00Z", "last_utc": "2026-07-18T02:21:00Z", "detections": 2, "frp_max_mw": 2.0, "frp_total_mw": 3.1, "pixel_area_ha": 28.1, "status": "out", "fire_class": "urban", "municipality": "Pallejà", "province": "Barcelona", "region": "Cataluña", "muni_dist_km": 1.79}}, {"type": "Feature", "geometry": {"type": "Point", "coordinates": [-6.3142, 38.4848]}, "properties": {"id": "4a918d1a923f", "ine": "06122", "first_utc": "2026-07-21T03:25:00Z", "last_utc": "2026-07-21T03:25:00Z", "detections": 1, "frp_max_mw": 2.0, "frp_total_mw": 2.0, "pixel_area_ha": 14.1, "status": "out", "fire_class": "forest", "municipality": "Los Santos de Maimona", "province": "Badajoz", "region": "Extremadura", "muni_dist_km": 2.61}}, {"type": "Feature", "geometry": {"type": "Point", "coordinates": [1.9783, 41.4549]}, "properties": {"id": "b698d2c39dc2", "ine": "08196", "first_utc": "2026-07-24T01:34:00Z", "last_utc": "2026-07-24T02:11:00Z", "detections": 2, "frp_max_mw": 2.0, "frp_total_mw": 3.7, "pixel_area_ha": 14.1, "status": "out", "fire_class": "forest", "municipality": "Sant Andreu de la Barca", "province": "Barcelona", "region": "Cataluña", "muni_dist_km": 1.16}}, {"type": "Feature", "geometry": {"type": "Point", "coordinates": [-3.4485, 37.6465]}, "properties": {"id": "ad6c3f9c7498", "ine": "23044", "first_utc": "2026-06-02T13:23:00Z", "last_utc": "2026-06-02T13:23:00Z", "detections": 1, "frp_max_mw": 1.9, "frp_total_mw": 1.9, "pixel_area_ha": 14.1, "status": "out", "fire_class": "likely_agricultural", "municipality": "Huelma", "province": "Jaén", "region": "Andalucía", "muni_dist_km": 4.52}}, {"type": "Feature", "geometry": {"type": "Point", "coordinates": [-3.626, 39.1867]}, "properties": {"id": "443a7ed18211", "ine": "13096", "first_utc": "2026-06-04T01:26:00Z", "last_utc": "2026-06-04T03:06:00Z", "detections": 4, "frp_max_mw": 1.9, "frp_total_mw": 3.7, "pixel_area_ha": 42.2, "status": "out", "fire_class": "forest", "municipality": "Villarrubia de los Ojos", "province": "Ciudad Real", "region": "Castilla-La Mancha", "muni_dist_km": 3.31}}, {"type": "Feature", "geometry": {"type": "Point", "coordinates": [-3.6228, 38.0996]}, "properties": {"id": "efdd4972ee42", "ine": "23055", "first_utc": "2026-06-04T14:10:00Z", "last_utc": "2026-06-04T14:10:00Z", "detections": 1, "frp_max_mw": 1.9, "frp_total_mw": 1.9, "pixel_area_ha": 14.1, "status": "out", "fire_class": "likely_agricultural", "municipality": "Linares", "province": "Jaén", "region": "Andalucía", "muni_dist_km": 1.29}}, {"type": "Feature", "geometry": {"type": "Point", "coordinates": [-3.7447, 39.9365]}, "properties": {"id": "a2ba8579ead4", "ine": "45202", "first_utc": "2026-06-01T01:28:00Z", "last_utc": "2026-06-06T02:28:00Z", "detections": 20, "frp_max_mw": 1.9, "frp_total_mw": 23.1, "pixel_area_ha": 70.3, "status": "out", "fire_class": "forest", "municipality": "Yepes", "province": "Toledo", "region": "Castilla-La Mancha", "muni_dist_km": 5.19}}, {"type": "Feature", "geometry": {"type": "Point", "coordinates": [1.6625, 41.3128]}, "properties": {"id": "86c6ddda93d0", "ine": "08251", "first_utc": "2026-06-07T02:56:00Z", "last_utc": "2026-06-09T02:17:00Z", "detections": 8, "frp_max_mw": 1.9, "frp_total_mw": 9.2, "pixel_area_ha": 42.2, "status": "out", "fire_class": "forest", "municipality": "Santa Margarida i els Monjos", "province": "Barcelona", "region": "Cataluña", "muni_dist_km": 0.17}}, {"type": "Feature", "geometry": {"type": "Point", "coordinates": [-8.2258, 43.4776]}, "properties": {"id": "ab7ae55fdf54", "ine": "15051", "first_utc": "2026-06-12T13:40:00Z", "last_utc": "2026-06-12T13:40:00Z", "detections": 1, "frp_max_mw": 1.9, "frp_total_mw": 1.9, "pixel_area_ha": 14.1, "status": "out", "fire_class": "likely_agricultural", "municipality": "Mugardos", "province": "A Coruña", "region": "Galicia", "muni_dist_km": 3.13}}, {"type": "Feature", "geometry": {"type": "Point", "coordinates": [-3.0076, 39.5913]}, "properties": {"id": "7b7d4c7c1680", "ine": "45142", "first_utc": "2026-06-13T01:37:00Z", "last_utc": "2026-06-13T01:58:00Z", "detections": 3, "frp_max_mw": 1.9, "frp_total_mw": 4.3, "pixel_area_ha": 42.2, "status": "out", "fire_class": "forest", "municipality": "Quintanar de la Orden", "province": "Toledo", "region": "Castilla-La Mancha", "muni_dist_km": 1.01}}, {"type": "Feature", "geometry": {"type": "Point", "coordinates": [-4.1306, 41.7619]}, "properties": {"id": "c10de9d9d44b", "ine": "47034", "first_utc": "2026-06-14T01:39:00Z", "last_utc": "2026-06-14T03:00:00Z", "detections": 3, "frp_max_mw": 1.9, "frp_total_mw": 4.3, "pixel_area_ha": 28.1, "status": "out", "fire_class": "forest", "municipality": "Canillas de Esgueva", "province": "Valladolid", "region": "Castilla y León", "muni_dist_km": 0.32}}, {"type": "Feature", "geometry": {"type": "Point", "coordinates": [-5.9854, 39.0333]}, "properties": {"id": "d3e7dbdcda08", "ine": "06120", "first_utc": "2026-06-14T12:42:00Z", "last_utc": "2026-06-14T12:42:00Z", "detections": 1, "frp_max_mw": 1.9, "frp_total_mw": 1.9, "pixel_area_ha": 14.1, "status": "out", "fire_class": "forest", "official_area_ha": 19.0, "perimeter_id": "510770", "municipality": "Santa Amalia", "province": "Badajoz", "region": "Extremadura", "muni_dist_km": 4.38}}, {"type": "Feature", "geometry": {"type": "Point", "coordinates": [-0.4254, 39.4726]}, "properties": {"id": "baec62eec74b", "ine": "46169", "first_utc": "2026-06-14T12:42:00Z", "last_utc": "2026-06-14T12:42:00Z", "detections": 1, "frp_max_mw": 1.9, "frp_total_mw": 1.9, "pixel_area_ha": 14.1, "status": "out", "fire_class": "likely_agricultural", "municipality": "Mislata", "province": "València/Valencia", "region": "Comunitat Valenciana", "muni_dist_km": 0.51}}, {"type": "Feature", "geometry": {"type": "Point", "coordinates": [-4.9012, 37.7745]}, "properties": {"id": "2ea01ffd4c35", "ine": "14033", "first_utc": "2026-06-15T13:27:00Z", "last_utc": "2026-06-15T13:27:00Z", "detections": 2, "frp_max_mw": 1.9, "frp_total_mw": 3.8, "pixel_area_ha": 28.1, "status": "out", "fire_class": "likely_agricultural", "municipality": "Guadalcázar", "province": "Córdoba", "region": "Andalucía", "muni_dist_km": 6.57}}, {"type": "Feature", "geometry": {"type": "Point", "coordinates": [-2.7767, 40.8776]}, "properties": {"id": "7f4c200e8322", "ine": "19020", "first_utc": "2026-06-16T12:23:00Z", "last_utc": "2026-06-16T12:23:00Z", "detections": 1, "frp_max_mw": 1.9, "frp_total_mw": 1.9, "pixel_area_ha": 14.1, "status": "out", "fire_class": "likely_agricultural", "municipality": "Almadrones", "province": "Guadalajara", "region": "Castilla-La Mancha", "muni_dist_km": 2.33}}, {"type": "Feature", "geometry": {"type": "Point", "coordinates": [-7.0072, 38.8659]}, "properties": {"id": "6b3eb28bbd84", "ine": "06015", "first_utc": "2026-06-17T03:45:00Z", "last_utc": "2026-06-17T03:45:00Z", "detections": 1, "frp_max_mw": 1.9, "frp_total_mw": 1.9, "pixel_area_ha": 14.1, "status": "out", "fire_class": "forest", "municipality": "Badajoz", "province": "Badajoz", "region": "Extremadura", "muni_dist_km": 13.22}}, {"type": "Feature", "geometry": {"type": "Point", "coordinates": [-0.5437, 38.3769]}, "properties": {"id": "cd93216eabe0", "ine": "03014", "first_utc": "2026-06-15T03:00:00Z", "last_utc": "2026-06-18T02:04:00Z", "detections": 5, "frp_max_mw": 1.9, "frp_total_mw": 4.3, "pixel_area_ha": 42.2, "status": "out", "fire_class": "forest", "municipality": "Alacant/Alicante", "province": "Alacant/Alicante", "region": "Comunitat Valenciana", "muni_dist_km": 0.69}}, {"type": "Feature", "geometry": {"type": "Point", "coordinates": [2.1707, 41.3424]}, "properties": {"id": "256a9f61690f", "ine": "08101", "first_utc": "2026-06-18T12:32:00Z", "last_utc": "2026-06-18T12:32:00Z", "detections": 1, "frp_max_mw": 1.9, "frp_total_mw": 1.9, "pixel_area_ha": 14.1, "status": "out", "fire_class": "urban", "municipality": "L'Hospitalet de Llobregat", "province": "Barcelona", "region": "Cataluña", "muni_dist_km": 5.19}}, {"type": "Feature", "geometry": {"type": "Point", "coordinates": [-2.537, 37.8122]}, "properties": {"id": "c5c042567a33", "ine": "18098", "first_utc": "2026-06-23T02:56:00Z", "last_utc": "2026-06-23T02:56:00Z", "detections": 2, "frp_max_mw": 1.9, "frp_total_mw": 3.4, "pixel_area_ha": 28.1, "status": "out", "fire_class": "forest", "municipality": "Huéscar", "province": "Granada", "region": "Andalucía", "muni_dist_km": 9.71}}, {"type": "Feature", "geometry": {"type": "Point", "coordinates": [0.0286, 39.9958]}, "properties": {"id": "0ed600ab9f5a", "ine": "12040", "first_utc": "2026-06-24T01:32:00Z", "last_utc": "2026-06-24T01:52:00Z", "detections": 2, "frp_max_mw": 1.9, "frp_total_mw": 3.6, "pixel_area_ha": 28.1, "status": "out", "fire_class": "forest", "municipality": "Castelló de la Plana", "province": "Castelló/Castellón", "region": "Comunitat Valenciana", "muni_dist_km": 6.07}}, {"type": "Feature", "geometry": {"type": "Point", "coordinates": [-4.5702, 39.8112]}, "properties": {"id": "4ca3eba10976", "ine": "45194", "first_utc": "2026-06-24T01:52:00Z", "last_utc": "2026-06-24T03:10:00Z", "detections": 3, "frp_max_mw": 1.9, "frp_total_mw": 4.5, "pixel_area_ha": 28.1, "status": "out", "fire_class": "mixed", "official_area_ha": 48.0, "perimeter_id": "534917", "municipality": "Villarejo de Montalbán", "province": "Toledo", "region": "Castilla-La Mancha", "muni_dist_km": 4.69}}, {"type": "Feature", "geometry": {"type": "Point", "coordinates": [-6.1366, 42.2735]}, "properties": {"id": "06fa87b08394", "ine": "24125", "first_utc": "2026-06-24T03:10:00Z", "last_utc": "2026-06-24T03:10:00Z", "detections": 2, "frp_max_mw": 1.9, "frp_total_mw": 3.1, "pixel_area_ha": 28.1, "status": "out", "fire_class": "forest", "official_area_ha": 3.9, "municipality": "Quintana y Congosto", "province": "León", "region": "Castilla y León", "muni_dist_km": 4.73}}, {"type": "Feature", "geometry": {"type": "Point", "coordinates": [-3.8404, 43.411]}, "properties": {"id": "0e64bfec236e", "ine": "39008", "first_utc": "2026-06-24T01:49:00Z", "last_utc": "2026-06-25T01:32:00Z", "detections": 3, "frp_max_mw": 1.9, "frp_total_mw": 4.5, "pixel_area_ha": 28.1, "status": "out", "fire_class": "forest", "municipality": "El Astillero", "province": "Cantabria", "region": "Cantabria", "muni_dist_km": 1.12}}, {"type": "Feature", "geometry": {"type": "Point", "coordinates": [-0.918, 37.5702]}, "properties": {"id": "d80ebe4a36c9", "ine": "30041", "first_utc": "2026-06-30T01:20:00Z", "last_utc": "2026-06-30T02:26:00Z", "detections": 3, "frp_max_mw": 1.9, "frp_total_mw": 4.1, "pixel_area_ha": 42.2, "status": "out", "fire_class": "forest", "municipality": "La Unión", "province": "Murcia", "region": "Región de Murcia", "muni_dist_km": 5.71}}, {"type": "Feature", "geometry": {"type": "Point", "coordinates": [-1.7428, 42.8145]}, "properties": {"id": "5193b541dec1", "ine": "31193", "first_utc": "2026-06-30T02:24:00Z", "last_utc": "2026-07-01T02:06:00Z", "detections": 3, "frp_max_mw": 1.9, "frp_total_mw": 4.1, "pixel_area_ha": 42.2, "status": "out", "fire_class": "forest", "municipality": "Cendea de Olza/Oltza Zendea", "province": "Navarra", "region": "Comunidad Foral de Navarra", "muni_dist_km": 1.86}}, {"type": "Feature", "geometry": {"type": "Point", "coordinates": [-6.9631, 38.8832]}, "properties": {"id": "54f319d6815d", "ine": "06015", "first_utc": "2026-07-03T01:28:00Z", "last_utc": "2026-07-03T01:28:00Z", "detections": 1, "frp_max_mw": 1.9, "frp_total_mw": 1.9, "pixel_area_ha": 14.1, "status": "out", "fire_class": "forest", "municipality": "Badajoz", "province": "Badajoz", "region": "Extremadura", "muni_dist_km": 9.53}}, {"type": "Feature", "geometry": {"type": "Point", "coordinates": [-2.5731, 42.4987]}, "properties": {"id": "e18137a414c4", "ine": "01033", "first_utc": "2026-07-05T03:06:00Z", "last_utc": "2026-07-05T03:23:00Z", "detections": 2, "frp_max_mw": 1.9, "frp_total_mw": 2.5, "pixel_area_ha": 28.1, "status": "out", "fire_class": "forest", "municipality": "Lapuebla de Labarca", "province": "Araba/Álava", "region": "País Vasco", "muni_dist_km": 0.54}}, {"type": "Feature", "geometry": {"type": "Point", "coordinates": [-0.432, 39.4467]}, "properties": {"id": "79b7e5ac4c73", "ine": "46110", "first_utc": "2026-07-05T12:14:00Z", "last_utc": "2026-07-05T12:14:00Z", "detections": 1, "frp_max_mw": 1.9, "frp_total_mw": 1.9, "pixel_area_ha": 14.1, "status": "out", "fire_class": "likely_agricultural", "municipality": "Xirivella", "province": "València/Valencia", "region": "Comunitat Valenciana", "muni_dist_km": 1.39}}, {"type": "Feature", "geometry": {"type": "Point", "coordinates": [-5.8652, 37.3599]}, "properties": {"id": "94fa34b8ded6", "ine": "41091", "first_utc": "2026-07-06T02:13:00Z", "last_utc": "2026-07-06T03:08:00Z", "detections": 2, "frp_max_mw": 1.9, "frp_total_mw": 3.0, "pixel_area_ha": 28.1, "status": "out", "fire_class": "forest", "municipality": "Sevilla", "province": "Sevilla", "region": "Andalucía", "muni_dist_km": 8.82}}, {"type": "Feature", "geometry": {"type": "Point", "coordinates": [-6.0785, 40.0435]}, "properties": {"id": "5a85239f7c3d", "ine": "10148", "first_utc": "2026-07-08T02:30:00Z", "last_utc": "2026-07-08T02:30:00Z", "detections": 1, "frp_max_mw": 1.9, "frp_total_mw": 1.9, "pixel_area_ha": 14.1, "status": "out", "fire_class": "forest", "municipality": "Plasencia", "province": "Cáceres", "region": "Extremadura", "muni_dist_km": 6.2}}, {"type": "Feature", "geometry": {"type": "Point", "coordinates": [-5.4919, 41.8989]}, "properties": {"id": "59b12bfa6807", "ine": "49046", "first_utc": "2026-07-08T01:34:00Z", "last_utc": "2026-07-08T03:13:00Z", "detections": 6, "frp_max_mw": 1.9, "frp_total_mw": 6.4, "pixel_area_ha": 56.2, "status": "out", "fire_class": "forest", "official_area_ha": 0.47, "municipality": "Cerecinos de Campos", "province": "Zamora", "region": "Castilla y León", "muni_dist_km": 0.14}}, {"type": "Feature", "geometry": {"type": "Point", "coordinates": [0.18, 41.9245]}, "properties": {"id": "487412772986", "ine": "22158", "first_utc": "2026-07-08T02:11:00Z", "last_utc": "2026-07-09T02:11:00Z", "detections": 3, "frp_max_mw": 1.9, "frp_total_mw": 4.5, "pixel_area_ha": 28.1, "status": "out", "fire_class": "forest", "municipality": "Monzón", "province": "Huesca", "region": "Aragón", "muni_dist_km": 2.81}}, {"type": "Feature", "geometry": {"type": "Point", "coordinates": [0.541, 40.5757]}, "properties": {"id": "d4100731e8c8", "ine": "43004", "first_utc": "2026-07-14T01:22:00Z", "last_utc": "2026-07-15T01:05:00Z", "detections": 2, "frp_max_mw": 1.9, "frp_total_mw": 3.5, "pixel_area_ha": 28.1, "status": "out", "fire_class": "forest", "municipality": "Alcanar", "province": "Tarragona", "region": "Cataluña", "muni_dist_km": 1.66}}, {"type": "Feature", "geometry": {"type": "Point", "coordinates": [0.5398, 40.579]}, "properties": {"id": "ea1a2935f92d", "ine": "43004", "first_utc": "2026-07-18T01:02:00Z", "last_utc": "2026-07-18T01:02:00Z", "detections": 1, "frp_max_mw": 1.9, "frp_total_mw": 1.9, "pixel_area_ha": 14.1, "status": "out", "fire_class": "forest", "municipality": "Alcanar", "province": "Tarragona", "region": "Cataluña", "muni_dist_km": 1.75}}, {"type": "Feature", "geometry": {"type": "Point", "coordinates": [-3.7612, 40.3171]}, "properties": {"id": "519a68538c64", "ine": "28074", "first_utc": "2026-07-22T12:29:00Z", "last_utc": "2026-07-22T12:29:00Z", "detections": 2, "frp_max_mw": 1.9, "frp_total_mw": 2.3, "pixel_area_ha": 28.1, "status": "out", "fire_class": "likely_agricultural", "municipality": "Leganés", "province": "Madrid", "region": "Comunidad de Madrid", "muni_dist_km": 1.45}}, {"type": "Feature", "geometry": {"type": "Point", "coordinates": [2.1653, 41.546]}, "properties": {"id": "d810a758bb97", "ine": "08260", "first_utc": "2026-07-27T12:55:00Z", "last_utc": "2026-07-27T12:55:00Z", "detections": 1, "frp_max_mw": 1.9, "frp_total_mw": 1.9, "pixel_area_ha": 14.1, "status": "dying_down", "fire_class": "likely_agricultural", "municipality": "Santa Perpètua de Mogoda", "province": "Barcelona", "region": "Cataluña", "muni_dist_km": 1.7}}, {"type": "Feature", "geometry": {"type": "Point", "coordinates": [-3.6139, 43.2098]}, "properties": {"id": "5453431d255d", "ine": "39083", "first_utc": "2026-06-01T01:28:00Z", "last_utc": "2026-06-01T03:08:00Z", "detections": 3, "frp_max_mw": 1.8, "frp_total_mw": 4.4, "pixel_area_ha": 28.1, "status": "out", "fire_class": "forest", "official_area_ha": 74.0, "perimeter_id": "493808", "municipality": "Soba", "province": "Cantabria", "region": "Cantabria", "muni_dist_km": 5.42}}, {"type": "Feature", "geometry": {"type": "Point", "coordinates": [-3.8407, 43.41]}, "properties": {"id": "24be0af51ee9", "ine": "39008", "first_utc": "2026-06-01T01:28:00Z", "last_utc": "2026-06-01T03:08:00Z", "detections": 4, "frp_max_mw": 1.8, "frp_total_mw": 4.6, "pixel_area_ha": 28.1, "status": "out", "fire_class": "forest", "municipality": "El Astillero", "province": "Cantabria", "region": "Cantabria", "muni_dist_km": 0.93}}, {"type": "Feature", "geometry": {"type": "Point", "coordinates": [-6.9026, 37.1862]}, "properties": {"id": "6b1d43ad8007", "ine": "21055", "first_utc": "2026-06-09T03:15:00Z", "last_utc": "2026-06-10T02:53:00Z", "detections": 3, "frp_max_mw": 1.8, "frp_total_mw": 3.5, "pixel_area_ha": 28.1, "status": "out", "fire_class": "forest", "municipality": "Palos de la Frontera", "province": "Huelva", "region": "Andalucía", "muni_dist_km": 1.07}}, {"type": "Feature", "geometry": {"type": "Point", "coordinates": [-1.9063, 36.9675]}, "properties": {"id": "5ee4db64e7ef", "ine": "04032", "first_utc": "2026-06-12T01:24:00Z", "last_utc": "2026-06-12T02:15:00Z", "detections": 4, "frp_max_mw": 1.8, "frp_total_mw": 5.3, "pixel_area_ha": 14.1, "status": "out", "fire_class": "forest", "municipality": "Carboneras", "province": "Almería", "region": "Andalucía", "muni_dist_km": 4.99}}, {"type": "Feature", "geometry": {"type": "Point", "coordinates": [-3.7455, 39.9363]}, "properties": {"id": "e9c9923a8ae4", "ine": "45014", "first_utc": "2026-06-08T01:32:00Z", "last_utc": "2026-06-14T02:26:00Z", "detections": 22, "frp_max_mw": 1.8, "frp_total_mw": 23.7, "pixel_area_ha": 98.4, "status": "out", "fire_class": "forest", "municipality": "Añover de Tajo", "province": "Toledo", "region": "Castilla-La Mancha", "muni_dist_km": 5.12}}, {"type": "Feature", "geometry": {"type": "Point", "coordinates": [-5.857, 36.5891]}, "properties": {"id": "9f3c349530fd", "ine": "11025", "first_utc": "2026-06-14T12:42:00Z", "last_utc": "2026-06-14T12:42:00Z", "detections": 1, "frp_max_mw": 1.8, "frp_total_mw": 1.8, "pixel_area_ha": 14.1, "status": "out", "fire_class": "likely_agricultural", "municipality": "Paterna de Rivera", "province": "Cádiz", "region": "Andalucía", "muni_dist_km": 7.46}}, {"type": "Feature", "geometry": {"type": "Point", "coordinates": [-1.5163, 38.3045]}, "properties": {"id": "344cc48ca972", "ine": "30019", "first_utc": "2026-06-16T13:10:00Z", "last_utc": "2026-06-16T13:10:00Z", "detections": 1, "frp_max_mw": 1.8, "frp_total_mw": 1.8, "pixel_area_ha": 14.1, "status": "out", "fire_class": "likely_agricultural", "municipality": "Cieza", "province": "Murcia", "region": "Región de Murcia", "muni_dist_km": 5.3}}, {"type": "Feature", "geometry": {"type": "Point", "coordinates": [-6.8975, 37.1829]}, "properties": {"id": "6bd9a7df3fcc", "ine": "21055", "first_utc": "2026-06-17T02:04:00Z", "last_utc": "2026-06-18T02:04:00Z", "detections": 3, "frp_max_mw": 1.8, "frp_total_mw": 4.6, "pixel_area_ha": 28.1, "status": "out", "fire_class": "forest", "municipality": "Palos de la Frontera", "province": "Huelva", "region": "Andalucía", "muni_dist_km": 1.3}}, {"type": "Feature", "geometry": {"type": "Point", "coordinates": [-1.4976, 37.7545]}, "properties": {"id": "82ad8160c257", "ine": "30039", "first_utc": "2026-06-18T13:25:00Z", "last_utc": "2026-06-18T13:25:00Z", "detections": 2, "frp_max_mw": 1.8, "frp_total_mw": 3.6, "pixel_area_ha": 28.1, "status": "out", "fire_class": "likely_agricultural", "municipality": "Totana", "province": "Murcia", "region": "Región de Murcia", "muni_dist_km": 3.48}}, {"type": "Feature", "geometry": {"type": "Point", "coordinates": [-6.1295, 37.3525]}, "properties": {"id": "d2dfe32c8591", "ine": "41040", "first_utc": "2026-06-19T12:49:00Z", "last_utc": "2026-06-19T12:49:00Z", "detections": 1, "frp_max_mw": 1.8, "frp_total_mw": 1.8, "pixel_area_ha": 14.1, "status": "out", "fire_class": "likely_agricultural", "municipality": "Espartinas", "province": "Sevilla", "region": "Andalucía", "muni_dist_km": 3.69}}, {"type": "Feature", "geometry": {"type": "Point", "coordinates": [-1.7419, 42.815]}, "properties": {"id": "55cd4f1dfd9d", "ine": "31193", "first_utc": "2026-06-22T02:11:00Z", "last_utc": "2026-06-23T02:11:00Z", "detections": 2, "frp_max_mw": 1.8, "frp_total_mw": 3.5, "pixel_area_ha": 14.1, "status": "out", "fire_class": "forest", "municipality": "Cendea de Olza/Oltza Zendea", "province": "Navarra", "region": "Comunidad Foral de Navarra", "muni_dist_km": 2.02}}, {"type": "Feature", "geometry": {"type": "Point", "coordinates": [0.5413, 40.5769]}, "properties": {"id": "5efe20d3bd8b", "ine": "43004", "first_utc": "2026-06-20T01:05:00Z", "last_utc": "2026-07-02T02:21:00Z", "detections": 35, "frp_max_mw": 1.8, "frp_total_mw": 37.4, "pixel_area_ha": 70.3, "status": "out", "fire_class": "urban", "municipality": "Alcanar", "province": "Tarragona", "region": "Cataluña", "muni_dist_km": 1.5}}, {"type": "Feature", "geometry": {"type": "Point", "coordinates": [-8.2257, 43.4767]}, "properties": {"id": "bcc296a6cf52", "ine": "15051", "first_utc": "2026-07-02T13:46:00Z", "last_utc": "2026-07-02T13:46:00Z", "detections": 1, "frp_max_mw": 1.8, "frp_total_mw": 1.8, "pixel_area_ha": 14.1, "status": "out", "fire_class": "likely_agricultural", "municipality": "Mugardos", "province": "A Coruña", "region": "Galicia", "muni_dist_km": 3.03}}, {"type": "Feature", "geometry": {"type": "Point", "coordinates": [-8.4367, 43.3459]}, "properties": {"id": "93bb71b51a55", "ine": "15030", "first_utc": "2026-07-05T02:32:00Z", "last_utc": "2026-07-05T02:32:00Z", "detections": 1, "frp_max_mw": 1.8, "frp_total_mw": 1.8, "pixel_area_ha": 14.1, "status": "out", "fire_class": "forest", "municipality": "A Coruña", "province": "A Coruña", "region": "Galicia", "muni_dist_km": 1.17}}, {"type": "Feature", "geometry": {"type": "Point", "coordinates": [-2.5575, 39.6041]}, "properties": {"id": "d01e9c5e33f0", "ine": "16058", "first_utc": "2026-07-06T02:47:00Z", "last_utc": "2026-07-06T03:06:00Z", "detections": 2, "frp_max_mw": 1.8, "frp_total_mw": 2.8, "pixel_area_ha": 14.1, "status": "out", "fire_class": "forest", "municipality": "Carrascosa de Haro", "province": "Cuenca", "region": "Castilla-La Mancha", "muni_dist_km": 1.43}}, {"type": "Feature", "geometry": {"type": "Point", "coordinates": [-1.4878, 41.4752]}, "properties": {"id": "736c7e6d5a0e", "ine": "50093", "first_utc": "2026-07-01T01:20:00Z", "last_utc": "2026-07-07T02:28:00Z", "detections": 19, "frp_max_mw": 1.8, "frp_total_mw": 18.4, "pixel_area_ha": 56.2, "status": "out", "fire_class": "forest", "municipality": "Chodes", "province": "Zaragoza", "region": "Aragón", "muni_dist_km": 0.69}}, {"type": "Feature", "geometry": {"type": "Point", "coordinates": [-0.5153, 39.3972]}, "properties": {"id": "e09eb2aeb058", "ine": "46244", "first_utc": "2026-07-07T13:53:00Z", "last_utc": "2026-07-07T13:53:00Z", "detections": 1, "frp_max_mw": 1.8, "frp_total_mw": 1.8, "pixel_area_ha": 14.1, "status": "out", "fire_class": "likely_agricultural", "municipality": "Torrent", "province": "València/Valencia", "region": "Comunitat Valenciana", "muni_dist_km": 2.35}}, {"type": "Feature", "geometry": {"type": "Point", "coordinates": [-5.6053, 38.3178]}, "properties": {"id": "b9265a29dd64", "ine": "06059", "first_utc": "2026-07-11T12:55:00Z", "last_utc": "2026-07-11T12:55:00Z", "detections": 2, "frp_max_mw": 1.8, "frp_total_mw": 3.5, "pixel_area_ha": 28.1, "status": "out", "fire_class": "likely_agricultural", "municipality": "Granja de Torrehermosa", "province": "Badajoz", "region": "Extremadura", "muni_dist_km": 1.65}}, {"type": "Feature", "geometry": {"type": "Point", "coordinates": [-3.7314, 40.4949]}, "properties": {"id": "904f77e441a1", "ine": "28079", "first_utc": "2026-07-12T02:00:00Z", "last_utc": "2026-07-12T02:00:00Z", "detections": 2, "frp_max_mw": 1.8, "frp_total_mw": 2.5, "pixel_area_ha": 28.1, "status": "out", "fire_class": "forest", "official_area_ha": 3.0, "perimeter_id": "561467", "municipality": "Madrid", "province": "Madrid", "region": "Comunidad de Madrid", "muni_dist_km": 4.37}}, {"type": "Feature", "geometry": {"type": "Point", "coordinates": [-5.2908, 37.2504]}, "properties": {"id": "09000f63868d", "ine": "41077", "first_utc": "2026-07-13T03:21:00Z", "last_utc": "2026-07-13T03:21:00Z", "detections": 2, "frp_max_mw": 1.8, "frp_total_mw": 3.4, "pixel_area_ha": 28.1, "status": "out", "fire_class": "forest", "municipality": "La Puebla de Cazalla", "province": "Sevilla", "region": "Andalucía", "muni_dist_km": 9.79}}, {"type": "Feature", "geometry": {"type": "Point", "coordinates": [-6.3227, 38.5027]}, "properties": {"id": "8366670e2cdc", "ine": "06122", "first_utc": "2026-07-21T03:08:00Z", "last_utc": "2026-07-21T03:25:00Z", "detections": 2, "frp_max_mw": 1.8, "frp_total_mw": 3.2, "pixel_area_ha": 28.1, "status": "out", "fire_class": "forest", "municipality": "Los Santos de Maimona", "province": "Badajoz", "region": "Extremadura", "muni_dist_km": 3.94}}, {"type": "Feature", "geometry": {"type": "Point", "coordinates": [-3.3579, 38.6427]}, "properties": {"id": "cdd78a596495", "ine": "13085", "first_utc": "2026-07-23T01:54:00Z", "last_utc": "2026-07-23T02:30:00Z", "detections": 3, "frp_max_mw": 1.8, "frp_total_mw": 4.8, "pixel_area_ha": 28.1, "status": "out", "fire_class": "forest", "municipality": "Torrenueva", "province": "Ciudad Real", "region": "Castilla-La Mancha", "muni_dist_km": 0.82}}, {"type": "Feature", "geometry": {"type": "Point", "coordinates": [-4.8096, 41.6362]}, "properties": {"id": "b73e24c8dbd3", "ine": "47010", "first_utc": "2026-07-23T12:12:00Z", "last_utc": "2026-07-23T12:12:00Z", "detections": 1, "frp_max_mw": 1.8, "frp_total_mw": 1.8, "pixel_area_ha": 14.1, "status": "out", "fire_class": "forest", "official_area_ha": 156.0, "municipality": "Arroyo de la Encomienda", "province": "Valladolid", "region": "Castilla y León", "muni_dist_km": 1.88}}, {"type": "Feature", "geometry": {"type": "Point", "coordinates": [-1.7412, 42.8153]}, "properties": {"id": "27f546f4cd0b", "ine": "31193", "first_utc": "2026-06-01T02:19:00Z", "last_utc": "2026-06-03T01:43:00Z", "detections": 4, "frp_max_mw": 1.7, "frp_total_mw": 3.9, "pixel_area_ha": 28.1, "status": "out", "fire_class": "forest", "municipality": "Cendea de Olza/Oltza Zendea", "province": "Navarra", "region": "Comunidad Foral de Navarra", "muni_dist_km": 1.92}}, {"type": "Feature", "geometry": {"type": "Point", "coordinates": [-2.3173, 40.3947]}, "properties": {"id": "765470af9dc4", "ine": "16242", "first_utc": "2026-06-03T12:49:00Z", "last_utc": "2026-06-03T12:49:00Z", "detections": 1, "frp_max_mw": 1.7, "frp_total_mw": 1.7, "pixel_area_ha": 14.1, "status": "out", "fire_class": "likely_agricultural", "municipality": "Villaconejos de Trabaque", "province": "Cuenca", "region": "Castilla-La Mancha", "muni_dist_km": 0.41}}, {"type": "Feature", "geometry": {"type": "Point", "coordinates": [-4.048, 38.6706]}, "properties": {"id": "63b1a1eccc0c", "ine": "13071", "first_utc": "2026-06-17T03:10:00Z", "last_utc": "2026-06-17T03:10:00Z", "detections": 1, "frp_max_mw": 1.7, "frp_total_mw": 1.7, "pixel_area_ha": 14.1, "status": "out", "fire_class": "forest", "municipality": "Puertollano", "province": "Ciudad Real", "region": "Castilla-La Mancha", "muni_dist_km": 2.62}}, {"type": "Feature", "geometry": {"type": "Point", "coordinates": [-3.3587, 38.8211]}, "properties": {"id": "7a0e591210dd", "ine": "13087", "first_utc": "2026-06-19T03:06:00Z", "last_utc": "2026-06-19T03:06:00Z", "detections": 3, "frp_max_mw": 1.7, "frp_total_mw": 4.3, "pixel_area_ha": 28.1, "status": "out", "fire_class": "forest", "municipality": "Valdepeñas", "province": "Ciudad Real", "region": "Castilla-La Mancha", "muni_dist_km": 5.37}}, {"type": "Feature", "geometry": {"type": "Point", "coordinates": [-5.4253, 36.1779]}, "properties": {"id": "31dd72e28b3d", "ine": "11022", "first_utc": "2026-06-22T02:13:00Z", "last_utc": "2026-06-23T02:13:00Z", "detections": 5, "frp_max_mw": 1.7, "frp_total_mw": 7.0, "pixel_area_ha": 42.2, "status": "out", "fire_class": "forest", "municipality": "La Línea de la Concepción", "province": "Cádiz", "region": "Andalucía", "muni_dist_km": 7.85}}, {"type": "Feature", "geometry": {"type": "Point", "coordinates": [-3.7378, 42.3491]}, "properties": {"id": "eccbb376d9a1", "ine": "09439", "first_utc": "2026-06-24T01:32:00Z", "last_utc": "2026-06-24T03:10:00Z", "detections": 7, "frp_max_mw": 1.7, "frp_total_mw": 6.5, "pixel_area_ha": 42.2, "status": "out", "fire_class": "forest", "official_area_ha": 0.05, "municipality": "Villalbilla de Burgos", "province": "Burgos", "region": "Castilla y León", "muni_dist_km": 3.11}}, {"type": "Feature", "geometry": {"type": "Point", "coordinates": [-3.7477, 37.491]}, "properties": {"id": "dcf95c60ad22", "ine": "18137", "first_utc": "2026-06-28T01:22:00Z", "last_utc": "2026-06-28T02:17:00Z", "detections": 3, "frp_max_mw": 1.7, "frp_total_mw": 3.9, "pixel_area_ha": 28.1, "status": "out", "fire_class": "forest", "municipality": "Montillana", "province": "Granada", "region": "Andalucía", "muni_dist_km": 3.14}}, {"type": "Feature", "geometry": {"type": "Point", "coordinates": [-8.7166, 41.991]}, "properties": {"id": "be12049c9189", "ine": "36054", "first_utc": "2026-07-01T14:03:00Z", "last_utc": "2026-07-01T14:03:00Z", "detections": 1, "frp_max_mw": 1.7, "frp_total_mw": 1.7, "pixel_area_ha": 14.1, "status": "out", "fire_class": "likely_agricultural", "municipality": "Tomiño", "province": "Pontevedra", "region": "Galicia", "muni_dist_km": 3.12}}, {"type": "Feature", "geometry": {"type": "Point", "coordinates": [-0.4062, 42.1375]}, "properties": {"id": "acd8f682e3ef", "ine": "22125", "first_utc": "2026-07-02T12:23:00Z", "last_utc": "2026-07-02T12:23:00Z", "detections": 1, "frp_max_mw": 1.7, "frp_total_mw": 1.7, "pixel_area_ha": 14.1, "status": "out", "fire_class": "likely_agricultural", "municipality": "Huesca", "province": "Huesca", "region": "Aragón", "muni_dist_km": 2.23}}, {"type": "Feature", "geometry": {"type": "Point", "coordinates": [-3.732, 40.4946]}, "properties": {"id": "160f06bcc029", "ine": "28079", "first_utc": "2026-07-03T02:21:00Z", "last_utc": "2026-07-03T02:21:00Z", "detections": 1, "frp_max_mw": 1.7, "frp_total_mw": 1.7, "pixel_area_ha": 14.1, "status": "out", "fire_class": "forest", "municipality": "Madrid", "province": "Madrid", "region": "Comunidad de Madrid", "muni_dist_km": 4.42}}, {"type": "Feature", "geometry": {"type": "Point", "coordinates": [-3.6752, 38.9022]}, "properties": {"id": "078f3f7e5858", "ine": "13023", "first_utc": "2026-07-03T13:25:00Z", "last_utc": "2026-07-03T13:25:00Z", "detections": 3, "frp_max_mw": 1.7, "frp_total_mw": 4.5, "pixel_area_ha": 42.2, "status": "out", "fire_class": "likely_agricultural", "municipality": "Bolaños de Calatrava", "province": "Ciudad Real", "region": "Castilla-La Mancha", "muni_dist_km": 4.5}}, {"type": "Feature", "geometry": {"type": "Point", "coordinates": [-6.5084, 39.3592]}, "properties": {"id": "c02d0bd2e22e", "ine": "10037", "first_utc": "2026-07-04T02:49:00Z", "last_utc": "2026-07-04T02:49:00Z", "detections": 4, "frp_max_mw": 1.7, "frp_total_mw": 6.4, "pixel_area_ha": 56.2, "status": "out", "fire_class": "agricultural", "official_area_ha": 3739.0, "perimeter_id": "278488", "municipality": "Cáceres", "province": "Cáceres", "region": "Extremadura", "muni_dist_km": 4.96}}, {"type": "Feature", "geometry": {"type": "Point", "coordinates": [-3.7435, 39.937]}, "properties": {"id": "87b92d4b9a3d", "ine": "45014", "first_utc": "2026-07-08T02:11:00Z", "last_utc": "2026-07-09T02:56:00Z", "detections": 6, "frp_max_mw": 1.7, "frp_total_mw": 6.6, "pixel_area_ha": 56.2, "status": "out", "fire_class": "forest", "municipality": "Añover de Tajo", "province": "Toledo", "region": "Castilla-La Mancha", "muni_dist_km": 5.25}}, {"type": "Feature", "geometry": {"type": "Point", "coordinates": [-6.6501, 39.4823]}, "properties": {"id": "66175f438547", "ine": "10021", "first_utc": "2026-07-11T01:34:00Z", "last_utc": "2026-07-11T03:15:00Z", "detections": 3, "frp_max_mw": 1.7, "frp_total_mw": 3.3, "pixel_area_ha": 14.1, "status": "out", "fire_class": "forest", "municipality": "Arroyo de la Luz", "province": "Cáceres", "region": "Extremadura", "muni_dist_km": 6.9}}, {"type": "Feature", "geometry": {"type": "Point", "coordinates": [-0.5455, 38.3772]}, "properties": {"id": "f82a70a4c94c", "ine": "03014", "first_utc": "2026-07-20T02:04:00Z", "last_utc": "2026-07-20T02:04:00Z", "detections": 1, "frp_max_mw": 1.7, "frp_total_mw": 1.7, "pixel_area_ha": 14.1, "status": "out", "fire_class": "forest", "municipality": "Alacant/Alicante", "province": "Alacant/Alicante", "region": "Comunitat Valenciana", "muni_dist_km": 0.89}}, {"type": "Feature", "geometry": {"type": "Point", "coordinates": [-2.2167, 43.0379]}, "properties": {"id": "9b5da67aa3d1", "ine": "20058", "first_utc": "2026-06-01T01:28:00Z", "last_utc": "2026-06-01T01:28:00Z", "detections": 1, "frp_max_mw": 1.6, "frp_total_mw": 1.6, "pixel_area_ha": 14.1, "status": "out", "fire_class": "forest", "municipality": "Olaberria", "province": "Gipuzkoa", "region": "País Vasco", "muni_dist_km": 1.72}}, {"type": "Feature", "geometry": {"type": "Point", "coordinates": [1.662, 41.3124]}, "properties": {"id": "13b42e5c3f2d", "ine": "08251", "first_utc": "2026-06-01T02:21:00Z", "last_utc": "2026-06-04T02:11:00Z", "detections": 7, "frp_max_mw": 1.6, "frp_total_mw": 8.1, "pixel_area_ha": 42.2, "status": "out", "fire_class": "forest", "municipality": "Santa Margarida i els Monjos", "province": "Barcelona", "region": "Cataluña", "muni_dist_km": 0.14}}, {"type": "Feature", "geometry": {"type": "Point", "coordinates": [-5.0458, 37.3656]}, "properties": {"id": "bbf4b77eecf7", "ine": "41084", "first_utc": "2026-06-04T02:13:00Z", "last_utc": "2026-06-04T02:13:00Z", "detections": 1, "frp_max_mw": 1.6, "frp_total_mw": 1.6, "pixel_area_ha": 14.1, "status": "out", "fire_class": "forest", "municipality": "El Rubio", "province": "Sevilla", "region": "Andalucía", "muni_dist_km": 3.84}}, {"type": "Feature", "geometry": {"type": "Point", "coordinates": [-6.1458, 38.8569]}, "properties": {"id": "ab6971bd0afe", "ine": "06041", "first_utc": "2026-06-06T01:37:00Z", "last_utc": "2026-06-06T02:28:00Z", "detections": 3, "frp_max_mw": 1.6, "frp_total_mw": 3.0, "pixel_area_ha": 42.2, "status": "out", "fire_class": "forest", "municipality": "Cristina", "province": "Badajoz", "region": "Extremadura", "muni_dist_km": 5.19}}, {"type": "Feature", "geometry": {"type": "Point", "coordinates": [-6.6697, 38.8454]}, "properties": {"id": "a256c71feab3", "ine": "06901", "first_utc": "2026-06-09T02:19:00Z", "last_utc": "2026-06-09T02:19:00Z", "detections": 1, "frp_max_mw": 1.6, "frp_total_mw": 1.6, "pixel_area_ha": 14.1, "status": "out", "fire_class": "forest", "municipality": "Valdelacalzada", "province": "Badajoz", "region": "Extremadura", "muni_dist_km": 5.12}}, {"type": "Feature", "geometry": {"type": "Point", "coordinates": [-3.365, 39.0123]}, "properties": {"id": "2cc9d11490b0", "ine": "13053", "first_utc": "2026-06-13T13:21:00Z", "last_utc": "2026-06-13T13:21:00Z", "detections": 1, "frp_max_mw": 1.6, "frp_total_mw": 1.6, "pixel_area_ha": 14.1, "status": "out", "fire_class": "likely_agricultural", "municipality": "Manzanares", "province": "Ciudad Real", "region": "Castilla-La Mancha", "muni_dist_km": 1.94}}, {"type": "Feature", "geometry": {"type": "Point", "coordinates": [1.9795, 41.4556]}, "properties": {"id": "0b3ccd07e396", "ine": "08196", "first_utc": "2026-06-13T01:37:00Z", "last_utc": "2026-06-14T02:24:00Z", "detections": 4, "frp_max_mw": 1.6, "frp_total_mw": 4.1, "pixel_area_ha": 28.1, "status": "out", "fire_class": "agricultural", "municipality": "Sant Andreu de la Barca", "province": "Barcelona", "region": "Cataluña", "muni_dist_km": 1.26}}, {"type": "Feature", "geometry": {"type": "Point", "coordinates": [-8.4503, 43.354]}, "properties": {"id": "fad4542e0c25", "ine": "15030", "first_utc": "2026-06-13T01:37:00Z", "last_utc": "2026-06-14T03:00:00Z", "detections": 6, "frp_max_mw": 1.6, "frp_total_mw": 5.6, "pixel_area_ha": 28.1, "status": "out", "fire_class": "forest", "municipality": "A Coruña", "province": "A Coruña", "region": "Galicia", "muni_dist_km": 2.21}}, {"type": "Feature", "geometry": {"type": "Point", "coordinates": [-6.641, 39.0481]}, "properties": {"id": "aa4b6aec3a53", "ine": "06115", "first_utc": "2026-06-15T12:42:00Z", "last_utc": "2026-06-15T12:42:00Z", "detections": 2, "frp_max_mw": 1.6, "frp_total_mw": 3.0, "pixel_area_ha": 28.1, "status": "out", "fire_class": "likely_agricultural", "municipality": "La Roca de la Sierra", "province": "Badajoz", "region": "Extremadura", "muni_dist_km": 5.36}}, {"type": "Feature", "geometry": {"type": "Point", "coordinates": [-4.201, 40.0463]}, "properties": {"id": "8fabf7201855", "ine": "45066", "first_utc": "2026-06-18T01:09:00Z", "last_utc": "2026-06-18T01:09:00Z", "detections": 1, "frp_max_mw": 1.6, "frp_total_mw": 1.6, "pixel_area_ha": 14.1, "status": "out", "fire_class": "forest", "municipality": "Fuensalida", "province": "Toledo", "region": "Castilla-La Mancha", "muni_dist_km": 2.88}}, {"type": "Feature", "geometry": {"type": "Point", "coordinates": [-6.4373, 36.7216]}, "properties": {"id": "eeb501ada332", "ine": "11016", "first_utc": "2026-06-19T03:08:00Z", "last_utc": "2026-06-19T03:08:00Z", "detections": 1, "frp_max_mw": 1.6, "frp_total_mw": 1.6, "pixel_area_ha": 14.1, "status": "out", "fire_class": "forest", "municipality": "Chipiona", "province": "Cádiz", "region": "Andalucía", "muni_dist_km": 2.78}}, {"type": "Feature", "geometry": {"type": "Point", "coordinates": [-2.3165, 40.3959]}, "properties": {"id": "a29801ffe556", "ine": "16242", "first_utc": "2026-06-19T12:49:00Z", "last_utc": "2026-06-19T12:49:00Z", "detections": 1, "frp_max_mw": 1.6, "frp_total_mw": 1.6, "pixel_area_ha": 14.1, "status": "out", "fire_class": "likely_agricultural", "municipality": "Villaconejos de Trabaque", "province": "Cuenca", "region": "Castilla-La Mancha", "muni_dist_km": 0.33}}, {"type": "Feature", "geometry": {"type": "Point", "coordinates": [-4.7213, 37.8163]}, "properties": {"id": "66f03a90a53b", "ine": "14021", "first_utc": "2026-06-20T02:13:00Z", "last_utc": "2026-06-20T02:13:00Z", "detections": 2, "frp_max_mw": 1.6, "frp_total_mw": 2.5, "pixel_area_ha": 28.1, "status": "out", "fire_class": "forest", "municipality": "Córdoba", "province": "Córdoba", "region": "Andalucía", "muni_dist_km": 3.88}}, {"type": "Feature", "geometry": {"type": "Point", "coordinates": [-3.746, 37.2528]}, "properties": {"id": "0dbaf2acffad", "ine": "18022", "first_utc": "2026-06-23T02:11:00Z", "last_utc": "2026-06-23T02:11:00Z", "detections": 1, "frp_max_mw": 1.6, "frp_total_mw": 1.6, "pixel_area_ha": 14.1, "status": "out", "fire_class": "forest", "municipality": "Atarfe", "province": "Granada", "region": "Andalucía", "muni_dist_km": 3.64}}, {"type": "Feature", "geometry": {"type": "Point", "coordinates": [-2.2213, 43.0378]}, "properties": {"id": "21d96c2b38c0", "ine": "20058", "first_utc": "2026-06-23T01:49:00Z", "last_utc": "2026-06-23T02:56:00Z", "detections": 5, "frp_max_mw": 1.6, "frp_total_mw": 4.8, "pixel_area_ha": 42.2, "status": "out", "fire_class": "forest", "municipality": "Olaberria", "province": "Gipuzkoa", "region": "País Vasco", "muni_dist_km": 1.51}}, {"type": "Feature", "geometry": {"type": "Point", "coordinates": [-1.2463, 38.0881]}, "properties": {"id": "19356484a9bd", "ine": "30025", "first_utc": "2026-06-24T00:58:00Z", "last_utc": "2026-06-24T02:38:00Z", "detections": 5, "frp_max_mw": 1.6, "frp_total_mw": 5.0, "pixel_area_ha": 42.2, "status": "out", "fire_class": "forest", "municipality": "Lorquí", "province": "Murcia", "region": "Región de Murcia", "muni_dist_km": 1.23}}, {"type": "Feature", "geometry": {"type": "Point", "coordinates": [-8.6473, 42.1713]}, "properties": {"id": "dd5935a889b8", "ine": "36033", "first_utc": "2026-06-24T01:49:00Z", "last_utc": "2026-06-24T02:38:00Z", "detections": 2, "frp_max_mw": 1.6, "frp_total_mw": 3.1, "pixel_area_ha": 28.1, "status": "out", "fire_class": "forest", "municipality": "Mos", "province": "Pontevedra", "region": "Galicia", "muni_dist_km": 3.44}}, {"type": "Feature", "geometry": {"type": "Point", "coordinates": [-6.6766, 42.6998]}, "properties": {"id": "021d430c2164", "ine": "24143", "first_utc": "2026-06-24T03:10:00Z", "last_utc": "2026-06-24T03:10:00Z", "detections": 2, "frp_max_mw": 1.6, "frp_total_mw": 2.5, "pixel_area_ha": 28.1, "status": "out", "fire_class": "forest", "official_area_ha": 22.4, "municipality": "Sancedo", "province": "León", "region": "Castilla y León", "muni_dist_km": 4.49}}, {"type": "Feature", "geometry": {"type": "Point", "coordinates": [-13.8179, 28.8767]}, "properties": {"id": "8e3cf3b61822", "ine": "35034", "first_utc": "2026-06-24T01:54:00Z", "last_utc": "2026-06-24T03:15:00Z", "detections": 5, "frp_max_mw": 1.6, "frp_total_mw": 5.6, "pixel_area_ha": 70.3, "status": "out", "fire_class": "forest", "municipality": "Yaiza", "province": "Las Palmas", "region": "Canarias", "muni_dist_km": 7.04}}, {"type": "Feature", "geometry": {"type": "Point", "coordinates": [-2.6896, 36.7593]}, "properties": {"id": "3a7d26f53a89", "ine": "04903", "first_utc": "2026-06-23T01:52:00Z", "last_utc": "2026-06-25T02:19:00Z", "detections": 9, "frp_max_mw": 1.6, "frp_total_mw": 9.5, "pixel_area_ha": 70.3, "status": "out", "fire_class": "forest", "municipality": "La Mojonera", "province": "Almería", "region": "Andalucía", "muni_dist_km": 1.41}}, {"type": "Feature", "geometry": {"type": "Point", "coordinates": [-6.0336, 42.4524]}, "properties": {"id": "d35dbc121df0", "ine": "24148", "first_utc": "2026-06-30T13:48:00Z", "last_utc": "2026-06-30T13:48:00Z", "detections": 1, "frp_max_mw": 1.6, "frp_total_mw": 1.6, "pixel_area_ha": 14.1, "status": "out", "fire_class": "likely_agricultural", "municipality": "San Justo de la Vega", "province": "León", "region": "Castilla y León", "muni_dist_km": 2.46}}, {"type": "Feature", "geometry": {"type": "Point", "coordinates": [-6.3091, 37.4035]}, "properties": {"id": "58f09e7c9207", "ine": "41030", "first_utc": "2026-07-01T02:41:00Z", "last_utc": "2026-07-01T03:02:00Z", "detections": 3, "frp_max_mw": 1.6, "frp_total_mw": 3.0, "pixel_area_ha": 42.2, "status": "out", "fire_class": "forest", "municipality": "Castilleja del Campo", "province": "Sevilla", "region": "Andalucía", "muni_dist_km": 2.48}}, {"type": "Feature", "geometry": {"type": "Point", "coordinates": [-2.738, 36.7861]}, "properties": {"id": "4cabb61b3140", "ine": "04903", "first_utc": "2026-07-02T02:24:00Z", "last_utc": "2026-07-02T02:24:00Z", "detections": 1, "frp_max_mw": 1.6, "frp_total_mw": 1.6, "pixel_area_ha": 14.1, "status": "out", "fire_class": "forest", "municipality": "La Mojonera", "province": "Almería", "region": "Andalucía", "muni_dist_km": 4.28}}, {"type": "Feature", "geometry": {"type": "Point", "coordinates": [-6.097, 36.5558]}, "properties": {"id": "2c96e63b9399", "ine": "11028", "first_utc": "2026-07-05T12:49:00Z", "last_utc": "2026-07-05T12:49:00Z", "detections": 1, "frp_max_mw": 1.6, "frp_total_mw": 1.6, "pixel_area_ha": 14.1, "status": "out", "fire_class": "likely_agricultural", "municipality": "Puerto Real", "province": "Cádiz", "region": "Andalucía", "muni_dist_km": 3.81}}, {"type": "Feature", "geometry": {"type": "Point", "coordinates": [-2.2192, 43.0378]}, "properties": {"id": "2aa216b3fa00", "ine": "20058", "first_utc": "2026-07-05T01:26:00Z", "last_utc": "2026-07-06T01:26:00Z", "detections": 6, "frp_max_mw": 1.6, "frp_total_mw": 5.4, "pixel_area_ha": 56.2, "status": "out", "fire_class": "forest", "municipality": "Olaberria", "province": "Gipuzkoa", "region": "País Vasco", "muni_dist_km": 1.39}}, {"type": "Feature", "geometry": {"type": "Point", "coordinates": [-15.4102, 27.9776]}, "properties": {"id": "f4641a1527ac", "ine": "35026", "first_utc": "2026-07-09T14:16:00Z", "last_utc": "2026-07-09T14:16:00Z", "detections": 1, "frp_max_mw": 1.6, "frp_total_mw": 1.6, "pixel_area_ha": 14.1, "status": "out", "fire_class": "likely_agricultural", "municipality": "Telde", "province": "Las Palmas", "region": "Canarias", "muni_dist_km": 1.97}}, {"type": "Feature", "geometry": {"type": "Point", "coordinates": [-1.4877, 41.4753]}, "properties": {"id": "23e051fc0af4", "ine": "50093", "first_utc": "2026-07-09T01:15:00Z", "last_utc": "2026-07-12T02:00:00Z", "detections": 7, "frp_max_mw": 1.6, "frp_total_mw": 8.0, "pixel_area_ha": 28.1, "status": "out", "fire_class": "forest", "municipality": "Chodes", "province": "Zaragoza", "region": "Aragón", "muni_dist_km": 0.79}}, {"type": "Feature", "geometry": {"type": "Point", "coordinates": [1.9978, 41.4074]}, "properties": {"id": "5245936ec551", "ine": "08157", "first_utc": "2026-07-12T02:00:00Z", "last_utc": "2026-07-12T02:00:00Z", "detections": 1, "frp_max_mw": 1.6, "frp_total_mw": 1.6, "pixel_area_ha": 14.1, "status": "out", "fire_class": "urban", "municipality": "Pallejà", "province": "Barcelona", "region": "Cataluña", "muni_dist_km": 1.88}}, {"type": "Feature", "geometry": {"type": "Point", "coordinates": [-4.714, 41.6068]}, "properties": {"id": "07789c86a187", "ine": "47076", "first_utc": "2026-07-18T14:05:00Z", "last_utc": "2026-07-18T14:05:00Z", "detections": 1, "frp_max_mw": 1.6, "frp_total_mw": 1.6, "pixel_area_ha": 14.1, "status": "out", "fire_class": "forest", "official_area_ha": 2.3, "municipality": "Laguna de Duero", "province": "Valladolid", "region": "Castilla y León", "muni_dist_km": 3.74}}, {"type": "Feature", "geometry": {"type": "Point", "coordinates": [-5.6094, 38.8665]}, "properties": {"id": "fed6ae60d306", "ine": "06028", "first_utc": "2026-07-25T02:58:00Z", "last_utc": "2026-07-25T03:32:00Z", "detections": 4, "frp_max_mw": 1.6, "frp_total_mw": 4.3, "pixel_area_ha": 42.2, "status": "out", "fire_class": "forest", "municipality": "Campanario", "province": "Badajoz", "region": "Extremadura", "muni_dist_km": 1.59}}, {"type": "Feature", "geometry": {"type": "Point", "coordinates": [-4.0877, 38.7182]}, "properties": {"id": "93fb03e8c9f3", "ine": "13020", "first_utc": "2026-07-25T13:33:00Z", "last_utc": "2026-07-25T13:33:00Z", "detections": 1, "frp_max_mw": 1.6, "frp_total_mw": 1.6, "pixel_area_ha": 14.1, "status": "out", "fire_class": "likely_agricultural", "municipality": "Argamasilla de Calatrava", "province": "Ciudad Real", "region": "Castilla-La Mancha", "muni_dist_km": 6.13}}, {"type": "Feature", "geometry": {"type": "Point", "coordinates": [1.9795, 41.4547]}, "properties": {"id": "484d5c25355e", "ine": "08196", "first_utc": "2026-07-26T01:52:00Z", "last_utc": "2026-07-27T02:17:00Z", "detections": 3, "frp_max_mw": 1.6, "frp_total_mw": 3.6, "pixel_area_ha": 28.1, "status": "dying_down", "fire_class": "forest", "municipality": "Sant Andreu de la Barca", "province": "Barcelona", "region": "Cataluña", "muni_dist_km": 1.14}}, {"type": "Feature", "geometry": {"type": "Point", "coordinates": [-4.0507, 38.059]}, "properties": {"id": "096d3bf7dada", "ine": "23007", "first_utc": "2026-07-28T02:02:00Z", "last_utc": "2026-07-28T02:36:00Z", "detections": 3, "frp_max_mw": 1.6, "frp_total_mw": 4.6, "pixel_area_ha": 28.1, "status": "active", "fire_class": "forest", "municipality": "Arjonilla", "province": "Jaén", "region": "Andalucía", "muni_dist_km": 10.27}}, {"type": "Feature", "geometry": {"type": "Point", "coordinates": [-5.8657, 37.3603]}, "properties": {"id": "2c08e469e85f", "ine": "41091", "first_utc": "2026-07-28T02:38:00Z", "last_utc": "2026-07-28T02:38:00Z", "detections": 1, "frp_max_mw": 1.6, "frp_total_mw": 1.6, "pixel_area_ha": 14.1, "status": "active", "fire_class": "forest", "municipality": "Sevilla", "province": "Sevilla", "region": "Andalucía", "muni_dist_km": 8.77}}, {"type": "Feature", "geometry": {"type": "Point", "coordinates": [-2.7788, 40.8783]}, "properties": {"id": "2adaba17afe8", "ine": "19020", "first_utc": "2026-06-08T12:19:00Z", "last_utc": "2026-06-08T12:19:00Z", "detections": 1, "frp_max_mw": 1.5, "frp_total_mw": 1.5, "pixel_area_ha": 14.1, "status": "out", "fire_class": "likely_agricultural", "municipality": "Almadrones", "province": "Guadalajara", "region": "Castilla-La Mancha", "muni_dist_km": 2.36}}, {"type": "Feature", "geometry": {"type": "Point", "coordinates": [-3.5866, 41.1133]}, "properties": {"id": "c360a8a53499", "ine": "28126", "first_utc": "2026-06-12T13:38:00Z", "last_utc": "2026-06-12T13:38:00Z", "detections": 1, "frp_max_mw": 1.5, "frp_total_mw": 1.5, "pixel_area_ha": 14.1, "status": "out", "fire_class": "likely_agricultural", "municipality": "Robregordo", "province": "Madrid", "region": "Comunidad de Madrid", "muni_dist_km": 1.84}}, {"type": "Feature", "geometry": {"type": "Point", "coordinates": [-1.7442, 42.8147]}, "properties": {"id": "fb2442674bba", "ine": "31193", "first_utc": "2026-06-16T02:21:00Z", "last_utc": "2026-06-16T02:21:00Z", "detections": 1, "frp_max_mw": 1.5, "frp_total_mw": 1.5, "pixel_area_ha": 14.1, "status": "out", "fire_class": "forest", "municipality": "Cendea de Olza/Oltza Zendea", "province": "Navarra", "region": "Comunidad Foral de Navarra", "muni_dist_km": 1.89}}, {"type": "Feature", "geometry": {"type": "Point", "coordinates": [1.9799, 41.4553]}, "properties": {"id": "db66a6fe7a28", "ine": "08196", "first_utc": "2026-06-17T01:28:00Z", "last_utc": "2026-06-18T02:02:00Z", "detections": 5, "frp_max_mw": 1.5, "frp_total_mw": 5.6, "pixel_area_ha": 28.1, "status": "out", "fire_class": "urban", "municipality": "Sant Andreu de la Barca", "province": "Barcelona", "region": "Cataluña", "muni_dist_km": 1.25}}, {"type": "Feature", "geometry": {"type": "Point", "coordinates": [-4.3316, 36.7148]}, "properties": {"id": "a5c84eaec609", "ine": "29082", "first_utc": "2026-06-14T02:26:00Z", "last_utc": "2026-06-18T02:51:00Z", "detections": 8, "frp_max_mw": 1.5, "frp_total_mw": 8.0, "pixel_area_ha": 42.2, "status": "out", "fire_class": "forest", "municipality": "Rincón de la Victoria", "province": "Málaga", "region": "Andalucía", "muni_dist_km": 5.48}}, {"type": "Feature", "geometry": {"type": "Point", "coordinates": [-0.9176, 37.6107]}, "properties": {"id": "f15485840669", "ine": "30041", "first_utc": "2026-06-24T01:32:00Z", "last_utc": "2026-06-24T01:32:00Z", "detections": 1, "frp_max_mw": 1.5, "frp_total_mw": 1.5, "pixel_area_ha": 14.1, "status": "out", "fire_class": "forest", "municipality": "La Unión", "province": "Murcia", "region": "Región de Murcia", "muni_dist_km": 3.32}}, {"type": "Feature", "geometry": {"type": "Point", "coordinates": [-5.7318, 43.3834]}, "properties": {"id": "24a2aafda98d", "ine": "33042", "first_utc": "2026-06-24T01:32:00Z", "last_utc": "2026-06-24T02:38:00Z", "detections": 4, "frp_max_mw": 1.5, "frp_total_mw": 3.6, "pixel_area_ha": 42.2, "status": "out", "fire_class": "forest", "municipality": "Noreña", "province": "Asturias", "region": "Principado de Asturias", "muni_dist_km": 2.94}}, {"type": "Feature", "geometry": {"type": "Point", "coordinates": [-4.0538, 38.0462]}, "properties": {"id": "48d6a12cc485", "ine": "23007", "first_utc": "2026-06-25T01:32:00Z", "last_utc": "2026-06-25T01:32:00Z", "detections": 1, "frp_max_mw": 1.5, "frp_total_mw": 1.5, "pixel_area_ha": 14.1, "status": "out", "fire_class": "forest", "municipality": "Arjonilla", "province": "Jaén", "region": "Andalucía", "muni_dist_km": 9.19}}, {"type": "Feature", "geometry": {"type": "Point", "coordinates": [-0.5034, 38.3442]}, "properties": {"id": "6aaaca6ae79e", "ine": "03014", "first_utc": "2026-06-25T01:32:00Z", "last_utc": "2026-06-25T01:32:00Z", "detections": 1, "frp_max_mw": 1.5, "frp_total_mw": 1.5, "pixel_area_ha": 14.1, "status": "out", "fire_class": "forest", "municipality": "Alacant/Alicante", "province": "Alacant/Alicante", "region": "Comunitat Valenciana", "muni_dist_km": 5.17}}, {"type": "Feature", "geometry": {"type": "Point", "coordinates": [-2.5062, 36.9312]}, "properties": {"id": "c4f621284e2d", "ine": "04047", "first_utc": "2026-06-25T12:36:00Z", "last_utc": "2026-06-25T12:36:00Z", "detections": 1, "frp_max_mw": 1.5, "frp_total_mw": 1.5, "pixel_area_ha": 14.1, "status": "out", "fire_class": "likely_agricultural", "municipality": "Gádor", "province": "Almería", "region": "Andalucía", "muni_dist_km": 2.75}}, {"type": "Feature", "geometry": {"type": "Point", "coordinates": [-3.3666, 40.5962]}, "properties": {"id": "ac45151b3a74", "ine": "28156", "first_utc": "2026-07-01T02:43:00Z", "last_utc": "2026-07-01T02:43:00Z", "detections": 1, "frp_max_mw": 1.5, "frp_total_mw": 1.5, "pixel_area_ha": 14.1, "status": "out", "fire_class": "forest", "municipality": "Valdeavero", "province": "Madrid", "region": "Comunidad de Madrid", "muni_dist_km": 3.26}}, {"type": "Feature", "geometry": {"type": "Point", "coordinates": [-2.7163, 36.718]}, "properties": {"id": "a7de524081d5", "ine": "04903", "first_utc": "2026-07-03T02:04:00Z", "last_utc": "2026-07-03T02:04:00Z", "detections": 1, "frp_max_mw": 1.5, "frp_total_mw": 1.5, "pixel_area_ha": 14.1, "status": "out", "fire_class": "forest", "municipality": "La Mojonera", "province": "Almería", "region": "Andalucía", "muni_dist_km": 6.66}}, {"type": "Feature", "geometry": {"type": "Point", "coordinates": [-3.8438, 43.444]}, "properties": {"id": "732d6fd5ea55", "ine": "39075", "first_utc": "2026-07-03T02:21:00Z", "last_utc": "2026-07-03T02:21:00Z", "detections": 1, "frp_max_mw": 1.5, "frp_total_mw": 1.5, "pixel_area_ha": 14.1, "status": "out", "fire_class": "forest", "municipality": "Santander", "province": "Cantabria", "region": "Cantabria", "muni_dist_km": 2.38}}, {"type": "Feature", "geometry": {"type": "Point", "coordinates": [1.6615, 41.3121]}, "properties": {"id": "581c8dbec8bd", "ine": "08251", "first_utc": "2026-07-10T02:38:00Z", "last_utc": "2026-07-11T02:17:00Z", "detections": 2, "frp_max_mw": 1.5, "frp_total_mw": 2.1, "pixel_area_ha": 28.1, "status": "out", "fire_class": "urban", "municipality": "Santa Margarida i els Monjos", "province": "Barcelona", "region": "Cataluña", "muni_dist_km": 0.24}}, {"type": "Feature", "geometry": {"type": "Point", "coordinates": [-4.435, 40.0664]}, "properties": {"id": "199222580a8d", "ine": "45076", "first_utc": "2026-07-12T02:00:00Z", "last_utc": "2026-07-12T02:00:00Z", "detections": 2, "frp_max_mw": 1.5, "frp_total_mw": 3.0, "pixel_area_ha": 28.1, "status": "out", "fire_class": "forest", "municipality": "Hormigos", "province": "Toledo", "region": "Castilla-La Mancha", "muni_dist_km": 3.76}}, {"type": "Feature", "geometry": {"type": "Point", "coordinates": [-0.5449, 38.3778]}, "properties": {"id": "f108b18985f3", "ine": "03014", "first_utc": "2026-07-13T02:36:00Z", "last_utc": "2026-07-14T02:17:00Z", "detections": 3, "frp_max_mw": 1.5, "frp_total_mw": 3.8, "pixel_area_ha": 28.1, "status": "out", "fire_class": "forest", "municipality": "Alacant/Alicante", "province": "Alacant/Alicante", "region": "Comunitat Valenciana", "muni_dist_km": 0.73}}, {"type": "Feature", "geometry": {"type": "Point", "coordinates": [-8.4363, 43.3458]}, "properties": {"id": "0edc2c8fd6b5", "ine": "15030", "first_utc": "2026-07-13T01:39:00Z", "last_utc": "2026-07-16T03:19:00Z", "detections": 8, "frp_max_mw": 1.5, "frp_total_mw": 8.4, "pixel_area_ha": 42.2, "status": "out", "fire_class": "forest", "municipality": "A Coruña", "province": "A Coruña", "region": "Galicia", "muni_dist_km": 0.97}}, {"type": "Feature", "geometry": {"type": "Point", "coordinates": [-5.7245, 43.5608]}, "properties": {"id": "9ac5f987ba0b", "ine": "33014", "first_utc": "2026-07-19T01:28:00Z", "last_utc": "2026-07-19T02:04:00Z", "detections": 2, "frp_max_mw": 1.5, "frp_total_mw": 2.0, "pixel_area_ha": 14.1, "status": "out", "fire_class": "forest", "municipality": "Carreño", "province": "Asturias", "region": "Principado de Asturias", "muni_dist_km": 5.38}}, {"type": "Feature", "geometry": {"type": "Point", "coordinates": [0.1788, 41.9248]}, "properties": {"id": "9423cef42347", "ine": "22158", "first_utc": "2026-07-18T02:21:00Z", "last_utc": "2026-07-20T02:04:00Z", "detections": 3, "frp_max_mw": 1.5, "frp_total_mw": 3.5, "pixel_area_ha": 28.1, "status": "out", "fire_class": "forest", "municipality": "Monzón", "province": "Huesca", "region": "Aragón", "muni_dist_km": 2.91}}, {"type": "Feature", "geometry": {"type": "Point", "coordinates": [-4.3306, 36.7137]}, "properties": {"id": "12a74913d4dd", "ine": "29082", "first_utc": "2026-07-22T02:13:00Z", "last_utc": "2026-07-22T02:13:00Z", "detections": 1, "frp_max_mw": 1.5, "frp_total_mw": 1.5, "pixel_area_ha": 14.1, "status": "out", "fire_class": "forest", "municipality": "Rincón de la Victoria", "province": "Málaga", "region": "Andalucía", "muni_dist_km": 5.7}}, {"type": "Feature", "geometry": {"type": "Point", "coordinates": [-4.3557, 40.2299]}, "properties": {"id": "594a9c205244", "ine": "45013", "first_utc": "2026-07-23T01:54:00Z", "last_utc": "2026-07-23T01:54:00Z", "detections": 1, "frp_max_mw": 1.5, "frp_total_mw": 1.5, "pixel_area_ha": 14.1, "status": "out", "fire_class": "forest", "municipality": "Almorox", "province": "Toledo", "region": "Castilla-La Mancha", "muni_dist_km": 3.03}}, {"type": "Feature", "geometry": {"type": "Point", "coordinates": [-5.8654, 37.3599]}, "properties": {"id": "c8c68a450afb", "ine": "41091", "first_utc": "2026-07-26T02:38:00Z", "last_utc": "2026-07-27T02:19:00Z", "detections": 3, "frp_max_mw": 1.5, "frp_total_mw": 3.3, "pixel_area_ha": 28.1, "status": "dying_down", "fire_class": "forest", "municipality": "Sevilla", "province": "Sevilla", "region": "Andalucía", "muni_dist_km": 8.78}}, {"type": "Feature", "geometry": {"type": "Point", "coordinates": [2.8231, 41.9067]}, "properties": {"id": "2935c36def37", "ine": "17038", "first_utc": "2026-07-27T01:32:00Z", "last_utc": "2026-07-28T01:13:00Z", "detections": 4, "frp_max_mw": 1.5, "frp_total_mw": 5.0, "pixel_area_ha": 42.2, "status": "active", "fire_class": "forest", "municipality": "Campllong", "province": "Girona", "region": "Cataluña", "muni_dist_km": 1.07}}, {"type": "Feature", "geometry": {"type": "Point", "coordinates": [-5.8134, 38.2866]}, "properties": {"id": "e164bc097258", "ine": "06019", "first_utc": "2026-06-01T02:21:00Z", "last_utc": "2026-06-01T02:21:00Z", "detections": 1, "frp_max_mw": 1.4, "frp_total_mw": 1.4, "pixel_area_ha": 14.1, "status": "out", "fire_class": "forest", "municipality": "Berlanga", "province": "Badajoz", "region": "Extremadura", "muni_dist_km": 2.57}}, {"type": "Feature", "geometry": {"type": "Point", "coordinates": [-1.4867, 41.4754]}, "properties": {"id": "ec99d53b8ad8", "ine": "50093", "first_utc": "2026-06-01T01:28:00Z", "last_utc": "2026-06-02T02:02:00Z", "detections": 4, "frp_max_mw": 1.4, "frp_total_mw": 3.8, "pixel_area_ha": 42.2, "status": "out", "fire_class": "forest", "municipality": "Chodes", "province": "Zaragoza", "region": "Aragón", "muni_dist_km": 0.76}}, {"type": "Feature", "geometry": {"type": "Point", "coordinates": [2.8322, 39.6807]}, "properties": {"id": "15c5791c545e", "ine": "07016", "first_utc": "2026-06-04T01:26:00Z", "last_utc": "2026-06-04T01:26:00Z", "detections": 1, "frp_max_mw": 1.4, "frp_total_mw": 1.4, "pixel_area_ha": 14.1, "status": "out", "fire_class": "forest", "municipality": "Consell", "province": "Illes Balears", "region": "Illes Balears", "muni_dist_km": 2.13}}, {"type": "Feature", "geometry": {"type": "Point", "coordinates": [-3.8439, 43.443]}, "properties": {"id": "8ddad2211748", "ine": "39075", "first_utc": "2026-06-06T02:09:00Z", "last_utc": "2026-06-07T01:49:00Z", "detections": 3, "frp_max_mw": 1.4, "frp_total_mw": 2.8, "pixel_area_ha": 28.1, "status": "out", "fire_class": "forest", "municipality": "Santander", "province": "Cantabria", "region": "Cantabria", "muni_dist_km": 2.47}}, {"type": "Feature", "geometry": {"type": "Point", "coordinates": [-2.2758, 42.4555]}, "properties": {"id": "d45f3d020690", "ine": "26002", "first_utc": "2026-06-07T13:14:00Z", "last_utc": "2026-06-07T13:14:00Z", "detections": 1, "frp_max_mw": 1.4, "frp_total_mw": 1.4, "pixel_area_ha": 14.1, "status": "out", "fire_class": "likely_agricultural", "municipality": "Agoncillo", "province": "La Rioja", "region": "La Rioja", "muni_dist_km": 2.59}}, {"type": "Feature", "geometry": {"type": "Point", "coordinates": [-6.0052, 37.2535]}, "properties": {"id": "8672e7a06014", "ine": "41034", "first_utc": "2026-06-09T01:32:00Z", "last_utc": "2026-06-09T02:19:00Z", "detections": 3, "frp_max_mw": 1.4, "frp_total_mw": 2.5, "pixel_area_ha": 28.1, "status": "out", "fire_class": "forest", "municipality": "Coria del Río", "province": "Sevilla", "region": "Andalucía", "muni_dist_km": 2.6}}, {"type": "Feature", "geometry": {"type": "Point", "coordinates": [-4.1986, 40.0479]}, "properties": {"id": "3e82693b3085", "ine": "45066", "first_utc": "2026-06-09T02:53:00Z", "last_utc": "2026-06-09T03:13:00Z", "detections": 4, "frp_max_mw": 1.4, "frp_total_mw": 4.7, "pixel_area_ha": 42.2, "status": "out", "fire_class": "forest", "municipality": "Fuensalida", "province": "Toledo", "region": "Castilla-La Mancha", "muni_dist_km": 2.53}}, {"type": "Feature", "geometry": {"type": "Point", "coordinates": [-6.7691, 42.5521]}, "properties": {"id": "131243c8d42a", "ine": "24206", "first_utc": "2026-06-07T01:15:00Z", "last_utc": "2026-06-12T01:56:00Z", "detections": 14, "frp_max_mw": 1.4, "frp_total_mw": 11.5, "pixel_area_ha": 84.4, "status": "out", "fire_class": "forest", "official_area_ha": 0.5, "municipality": "Toral de los Vados", "province": "León", "region": "Castilla y León", "muni_dist_km": 0.46}}, {"type": "Feature", "geometry": {"type": "Point", "coordinates": [-2.8784, 43.2232]}, "properties": {"id": "81faf1aee2fb", "ine": "48015", "first_utc": "2026-06-22T02:11:00Z", "last_utc": "2026-06-22T02:11:00Z", "detections": 1, "frp_max_mw": 1.4, "frp_total_mw": 1.4, "pixel_area_ha": 14.1, "status": "out", "fire_class": "forest", "municipality": "Basauri", "province": "Bizkaia", "region": "País Vasco", "muni_dist_km": 1.2}}, {"type": "Feature", "geometry": {"type": "Point", "coordinates": [-5.8658, 37.3605]}, "properties": {"id": "7d068e4d4d4c", "ine": "41091", "first_utc": "2026-06-21T02:30:00Z", "last_utc": "2026-06-23T02:11:00Z", "detections": 3, "frp_max_mw": 1.4, "frp_total_mw": 3.1, "pixel_area_ha": 14.1, "status": "out", "fire_class": "forest", "municipality": "Sevilla", "province": "Sevilla", "region": "Andalucía", "muni_dist_km": 8.75}}, {"type": "Feature", "geometry": {"type": "Point", "coordinates": [-13.6839, 28.9316]}, "properties": {"id": "a7a5dc746d5f", "ine": "35028", "first_utc": "2026-06-24T01:54:00Z", "last_utc": "2026-06-24T03:15:00Z", "detections": 4, "frp_max_mw": 1.4, "frp_total_mw": 3.1, "pixel_area_ha": 42.2, "status": "out", "fire_class": "forest", "municipality": "Tías", "province": "Las Palmas", "region": "Canarias", "muni_dist_km": 3.12}}, {"type": "Feature", "geometry": {"type": "Point", "coordinates": [-0.5442, 38.3765]}, "properties": {"id": "fc240174c8f5", "ine": "03014", "first_utc": "2026-06-22T01:37:00Z", "last_utc": "2026-06-26T01:13:00Z", "detections": 9, "frp_max_mw": 1.4, "frp_total_mw": 8.8, "pixel_area_ha": 56.2, "status": "out", "fire_class": "forest", "municipality": "Alacant/Alicante", "province": "Alacant/Alicante", "region": "Comunitat Valenciana", "muni_dist_km": 0.77}}, {"type": "Feature", "geometry": {"type": "Point", "coordinates": [1.9991, 41.4056]}, "properties": {"id": "305232a5892a", "ine": "08263", "first_utc": "2026-06-25T02:17:00Z", "last_utc": "2026-06-26T02:00:00Z", "detections": 2, "frp_max_mw": 1.4, "frp_total_mw": 2.4, "pixel_area_ha": 14.1, "status": "out", "fire_class": "forest", "municipality": "Sant Vicenç dels Horts", "province": "Barcelona", "region": "Cataluña", "muni_dist_km": 1.67}}, {"type": "Feature", "geometry": {"type": "Point", "coordinates": [-5.3975, 36.1835]}, "properties": {"id": "165e53aab6ee", "ine": "11022", "first_utc": "2026-06-28T02:17:00Z", "last_utc": "2026-06-28T02:17:00Z", "detections": 1, "frp_max_mw": 1.4, "frp_total_mw": 1.4, "pixel_area_ha": 14.1, "status": "out", "fire_class": "forest", "municipality": "La Línea de la Concepción", "province": "Cádiz", "region": "Andalucía", "muni_dist_km": 5.43}}, {"type": "Feature", "geometry": {"type": "Point", "coordinates": [-5.8652, 37.3608]}, "properties": {"id": "650619299fc5", "ine": "41091", "first_utc": "2026-07-01T02:41:00Z", "last_utc": "2026-07-01T03:02:00Z", "detections": 2, "frp_max_mw": 1.4, "frp_total_mw": 2.4, "pixel_area_ha": 28.1, "status": "out", "fire_class": "forest", "municipality": "Sevilla", "province": "Sevilla", "region": "Andalucía", "muni_dist_km": 8.71}}, {"type": "Feature", "geometry": {"type": "Point", "coordinates": [-1.5168, 38.3017]}, "properties": {"id": "238c0f5d4aa1", "ine": "30019", "first_utc": "2026-07-02T13:10:00Z", "last_utc": "2026-07-02T13:10:00Z", "detections": 1, "frp_max_mw": 1.4, "frp_total_mw": 1.4, "pixel_area_ha": 14.1, "status": "out", "fire_class": "likely_agricultural", "municipality": "Cieza", "province": "Murcia", "region": "Región de Murcia", "muni_dist_km": 5.14}}, {"type": "Feature", "geometry": {"type": "Point", "coordinates": [-4.3309, 36.7144]}, "properties": {"id": "211b7d0ff82c", "ine": "29082", "first_utc": "2026-06-29T02:43:00Z", "last_utc": "2026-07-03T02:24:00Z", "detections": 9, "frp_max_mw": 1.4, "frp_total_mw": 8.0, "pixel_area_ha": 56.2, "status": "out", "fire_class": "forest", "municipality": "Rincón de la Victoria", "province": "Málaga", "region": "Andalucía", "muni_dist_km": 5.59}}, {"type": "Feature", "geometry": {"type": "Point", "coordinates": [-6.4836, 38.3797]}, "properties": {"id": "07689caee720", "ine": "06008", "first_utc": "2026-07-03T02:24:00Z", "last_utc": "2026-07-03T02:24:00Z", "detections": 1, "frp_max_mw": 1.4, "frp_total_mw": 1.4, "pixel_area_ha": 14.1, "status": "out", "fire_class": "forest", "municipality": "Alconera", "province": "Badajoz", "region": "Extremadura", "muni_dist_km": 2.31}}, {"type": "Feature", "geometry": {"type": "Point", "coordinates": [-4.0479, 38.6717]}, "properties": {"id": "8423726b91a5", "ine": "13071", "first_utc": "2026-07-03T02:04:00Z", "last_utc": "2026-07-03T03:10:00Z", "detections": 3, "frp_max_mw": 1.4, "frp_total_mw": 3.7, "pixel_area_ha": 42.2, "status": "out", "fire_class": "forest", "municipality": "Puertollano", "province": "Ciudad Real", "region": "Castilla-La Mancha", "muni_dist_km": 2.29}}, {"type": "Feature", "geometry": {"type": "Point", "coordinates": [-2.6852, 36.7648]}, "properties": {"id": "e52ea0d3b7fd", "ine": "04903", "first_utc": "2026-07-04T01:45:00Z", "last_utc": "2026-07-04T02:04:00Z", "detections": 2, "frp_max_mw": 1.4, "frp_total_mw": 2.1, "pixel_area_ha": 28.1, "status": "out", "fire_class": "forest", "municipality": "La Mojonera", "province": "Almería", "region": "Andalucía", "muni_dist_km": 1.2}}, {"type": "Feature", "geometry": {"type": "Point", "coordinates": [-3.8446, 43.4419]}, "properties": {"id": "3a93359e1a7a", "ine": "39075", "first_utc": "2026-07-04T02:49:00Z", "last_utc": "2026-07-04T02:49:00Z", "detections": 1, "frp_max_mw": 1.4, "frp_total_mw": 1.4, "pixel_area_ha": 14.1, "status": "out", "fire_class": "forest", "municipality": "Santander", "province": "Cantabria", "region": "Cantabria", "muni_dist_km": 2.63}}, {"type": "Feature", "geometry": {"type": "Point", "coordinates": [-4.3307, 36.7137]}, "properties": {"id": "d4f1d26db79e", "ine": "29082", "first_utc": "2026-07-06T02:13:00Z", "last_utc": "2026-07-06T02:13:00Z", "detections": 1, "frp_max_mw": 1.4, "frp_total_mw": 1.4, "pixel_area_ha": 14.1, "status": "out", "fire_class": "forest", "municipality": "Rincón de la Victoria", "province": "Málaga", "region": "Andalucía", "muni_dist_km": 5.71}}, {"type": "Feature", "geometry": {"type": "Point", "coordinates": [1.98, 41.4543]}, "properties": {"id": "ff174a76a410", "ine": "08196", "first_utc": "2026-07-07T01:54:00Z", "last_utc": "2026-07-07T01:54:00Z", "detections": 1, "frp_max_mw": 1.4, "frp_total_mw": 1.4, "pixel_area_ha": 14.1, "status": "out", "fire_class": "urban", "municipality": "Sant Andreu de la Barca", "province": "Barcelona", "region": "Cataluña", "muni_dist_km": 1.4}}, {"type": "Feature", "geometry": {"type": "Point", "coordinates": [-0.2477, 39.6664]}, "properties": {"id": "dadf4ada0797", "ine": "46082", "first_utc": "2026-07-06T01:26:00Z", "last_utc": "2026-07-07T02:47:00Z", "detections": 3, "frp_max_mw": 1.4, "frp_total_mw": 2.7, "pixel_area_ha": 28.1, "status": "out", "fire_class": "forest", "municipality": "Canet d'En Berenguer", "province": "València/Valencia", "region": "Comunitat Valenciana", "muni_dist_km": 3.1}}, {"type": "Feature", "geometry": {"type": "Point", "coordinates": [-0.5445, 38.3765]}, "properties": {"id": "173a8f9de5e4", "ine": "03014", "first_utc": "2026-07-06T02:13:00Z", "last_utc": "2026-07-09T02:11:00Z", "detections": 6, "frp_max_mw": 1.4, "frp_total_mw": 6.3, "pixel_area_ha": 56.2, "status": "out", "fire_class": "forest", "municipality": "Alacant/Alicante", "province": "Alacant/Alicante", "region": "Comunitat Valenciana", "muni_dist_km": 0.8}}, {"type": "Feature", "geometry": {"type": "Point", "coordinates": [-4.3298, 36.714]}, "properties": {"id": "bd41307e5060", "ine": "29082", "first_utc": "2026-07-07T02:30:00Z", "last_utc": "2026-07-09T02:13:00Z", "detections": 3, "frp_max_mw": 1.4, "frp_total_mw": 3.5, "pixel_area_ha": 42.2, "status": "out", "fire_class": "forest", "municipality": "Rincón de la Victoria", "province": "Málaga", "region": "Andalucía", "muni_dist_km": 5.52}}, {"type": "Feature", "geometry": {"type": "Point", "coordinates": [-2.9851, 40.0317]}, "properties": {"id": "29b5c8e05990", "ine": "16203", "first_utc": "2026-07-18T01:47:00Z", "last_utc": "2026-07-18T01:47:00Z", "detections": 1, "frp_max_mw": 1.4, "frp_total_mw": 1.4, "pixel_area_ha": 14.1, "status": "out", "fire_class": "forest", "municipality": "Tarancón", "province": "Cuenca", "region": "Castilla-La Mancha", "muni_dist_km": 4.29}}, {"type": "Feature", "geometry": {"type": "Point", "coordinates": [-5.8652, 37.3602]}, "properties": {"id": "a17f2007826b", "ine": "41091", "first_utc": "2026-07-16T02:26:00Z", "last_utc": "2026-07-19T02:24:00Z", "detections": 6, "frp_max_mw": 1.4, "frp_total_mw": 5.4, "pixel_area_ha": 28.1, "status": "out", "fire_class": "forest", "municipality": "Sevilla", "province": "Sevilla", "region": "Andalucía", "muni_dist_km": 8.69}}, {"type": "Feature", "geometry": {"type": "Point", "coordinates": [-6.8943, 37.1804]}, "properties": {"id": "ba6abaabb959", "ine": "21055", "first_utc": "2026-07-23T02:49:00Z", "last_utc": "2026-07-23T02:49:00Z", "detections": 1, "frp_max_mw": 1.4, "frp_total_mw": 1.4, "pixel_area_ha": 14.1, "status": "out", "fire_class": "forest", "municipality": "Palos de la Frontera", "province": "Huelva", "region": "Andalucía", "muni_dist_km": 1.51}}, {"type": "Feature", "geometry": {"type": "Point", "coordinates": [-1.4885, 41.4754]}, "properties": {"id": "6638b0679f44", "ine": "50093", "first_utc": "2026-07-23T01:54:00Z", "last_utc": "2026-07-26T01:52:00Z", "detections": 8, "frp_max_mw": 1.4, "frp_total_mw": 7.6, "pixel_area_ha": 42.2, "status": "out", "fire_class": "forest", "municipality": "Chodes", "province": "Zaragoza", "region": "Aragón", "muni_dist_km": 0.83}}, {"type": "Feature", "geometry": {"type": "Point", "coordinates": [-5.1292, 37.2969]}, "properties": {"id": "8ab1da6a1250", "ine": "41068", "first_utc": "2026-07-26T12:55:00Z", "last_utc": "2026-07-26T12:55:00Z", "detections": 1, "frp_max_mw": 1.4, "frp_total_mw": 1.4, "pixel_area_ha": 14.1, "status": "out", "fire_class": "likely_agricultural", "municipality": "Osuna", "province": "Sevilla", "region": "Andalucía", "muni_dist_km": 5.3}}, {"type": "Feature", "geometry": {"type": "Point", "coordinates": [-4.0512, 38.6649]}, "properties": {"id": "c41818599e23", "ine": "13071", "first_utc": "2026-07-27T01:34:00Z", "last_utc": "2026-07-27T01:34:00Z", "detections": 1, "frp_max_mw": 1.4, "frp_total_mw": 1.4, "pixel_area_ha": 14.1, "status": "dying_down", "fire_class": "forest", "municipality": "Puertollano", "province": "Ciudad Real", "region": "Castilla-La Mancha", "muni_dist_km": 1.93}}, {"type": "Feature", "geometry": {"type": "Point", "coordinates": [1.2195, 41.1921]}, "properties": {"id": "84b71f4640a5", "ine": "43095", "first_utc": "2026-07-27T02:53:00Z", "last_utc": "2026-07-27T02:53:00Z", "detections": 2, "frp_max_mw": 1.4, "frp_total_mw": 2.5, "pixel_area_ha": 14.1, "status": "dying_down", "fire_class": "forest", "municipality": "El Morell", "province": "Tarragona", "region": "Cataluña", "muni_dist_km": 1.02}}, {"type": "Feature", "geometry": {"type": "Point", "coordinates": [-3.8406, 43.4111]}, "properties": {"id": "e4d2d9edafbf", "ine": "39008", "first_utc": "2026-07-28T01:13:00Z", "last_utc": "2026-07-28T02:00:00Z", "detections": 3, "frp_max_mw": 1.4, "frp_total_mw": 3.4, "pixel_area_ha": 42.2, "status": "active", "fire_class": "forest", "municipality": "El Astillero", "province": "Cantabria", "region": "Cantabria", "muni_dist_km": 1.29}}, {"type": "Feature", "geometry": {"type": "Point", "coordinates": [2.001, 41.4079]}, "properties": {"id": "53f1086dfded", "ine": "08263", "first_utc": "2026-06-02T02:02:00Z", "last_utc": "2026-06-02T02:02:00Z", "detections": 1, "frp_max_mw": 1.3, "frp_total_mw": 1.3, "pixel_area_ha": 14.1, "status": "out", "fire_class": "urban", "municipality": "Sant Vicenç dels Horts", "province": "Barcelona", "region": "Cataluña", "muni_dist_km": 1.94}}, {"type": "Feature", "geometry": {"type": "Point", "coordinates": [1.9973, 41.4079]}, "properties": {"id": "7a75def09a3c", "ine": "08157", "first_utc": "2026-06-03T02:32:00Z", "last_utc": "2026-06-03T02:32:00Z", "detections": 1, "frp_max_mw": 1.3, "frp_total_mw": 1.3, "pixel_area_ha": 14.1, "status": "out", "fire_class": "forest", "municipality": "Pallejà", "province": "Barcelona", "region": "Cataluña", "muni_dist_km": 1.8}}, {"type": "Feature", "geometry": {"type": "Point", "coordinates": [-6.7685, 42.5519]}, "properties": {"id": "13c5bab56a1e", "ine": "24206", "first_utc": "2026-06-04T02:11:00Z", "last_utc": "2026-06-05T02:28:00Z", "detections": 3, "frp_max_mw": 1.3, "frp_total_mw": 3.1, "pixel_area_ha": 28.1, "status": "out", "fire_class": "forest", "municipality": "Toral de los Vados", "province": "León", "region": "Castilla y León", "muni_dist_km": 0.5}}, {"type": "Feature", "geometry": {"type": "Point", "coordinates": [-6.0562, 37.3747]}, "properties": {"id": "d3af3f5a7be5", "ine": "41093", "first_utc": "2026-06-07T01:15:00Z", "last_utc": "2026-06-07T01:15:00Z", "detections": 1, "frp_max_mw": 1.3, "frp_total_mw": 1.3, "pixel_area_ha": 14.1, "status": "out", "fire_class": "forest", "municipality": "Tomares", "province": "Sevilla", "region": "Andalucía", "muni_dist_km": 0.85}}, {"type": "Feature", "geometry": {"type": "Point", "coordinates": [-5.8657, 37.3612]}, "properties": {"id": "e03ea724d2b1", "ine": "41091", "first_utc": "2026-06-09T02:53:00Z", "last_utc": "2026-06-12T02:15:00Z", "detections": 6, "frp_max_mw": 1.3, "frp_total_mw": 5.2, "pixel_area_ha": 28.1, "status": "out", "fire_class": "forest", "municipality": "Sevilla", "province": "Sevilla", "region": "Andalucía", "muni_dist_km": 8.65}}, {"type": "Feature", "geometry": {"type": "Point", "coordinates": [1.1794, 41.1083]}, "properties": {"id": "36227ba4a161", "ine": "43907", "first_utc": "2026-06-12T02:15:00Z", "last_utc": "2026-06-12T02:15:00Z", "detections": 1, "frp_max_mw": 1.3, "frp_total_mw": 1.3, "pixel_area_ha": 14.1, "status": "out", "fire_class": "urban", "municipality": "La Canonja", "province": "Tarragona", "region": "Cataluña", "muni_dist_km": 0.74}}, {"type": "Feature", "geometry": {"type": "Point", "coordinates": [-3.8442, 43.4432]}, "properties": {"id": "d7b618142094", "ine": "39075", "first_utc": "2026-06-11T02:15:00Z", "last_utc": "2026-06-13T01:56:00Z", "detections": 6, "frp_max_mw": 1.3, "frp_total_mw": 5.2, "pixel_area_ha": 42.2, "status": "out", "fire_class": "forest", "municipality": "Santander", "province": "Cantabria", "region": "Cantabria", "muni_dist_km": 2.4}}, {"type": "Feature", "geometry": {"type": "Point", "coordinates": [-4.2212, 39.7595]}, "properties": {"id": "0d6dabb23a01", "ine": "45133", "first_utc": "2026-06-13T01:58:00Z", "last_utc": "2026-06-13T01:58:00Z", "detections": 1, "frp_max_mw": 1.3, "frp_total_mw": 1.3, "pixel_area_ha": 14.1, "status": "out", "fire_class": "forest", "municipality": "Polán", "province": "Toledo", "region": "Castilla-La Mancha", "muni_dist_km": 4.84}}, {"type": "Feature", "geometry": {"type": "Point", "coordinates": [-5.8602, 43.5536]}, "properties": {"id": "cb078b5bdbfa", "ine": "33020", "first_utc": "2026-06-13T01:56:00Z", "last_utc": "2026-06-13T03:19:00Z", "detections": 4, "frp_max_mw": 1.3, "frp_total_mw": 3.7, "pixel_area_ha": 28.1, "status": "out", "fire_class": "forest", "municipality": "Corvera de Asturias", "province": "Asturias", "region": "Principado de Asturias", "muni_dist_km": 4.42}}, {"type": "Feature", "geometry": {"type": "Point", "coordinates": [-5.8655, 37.3585]}, "properties": {"id": "27df982569c9", "ine": "41091", "first_utc": "2026-06-14T02:26:00Z", "last_utc": "2026-06-14T02:26:00Z", "detections": 1, "frp_max_mw": 1.3, "frp_total_mw": 1.3, "pixel_area_ha": 14.1, "status": "out", "fire_class": "forest", "municipality": "Sevilla", "province": "Sevilla", "region": "Andalucía", "muni_dist_km": 8.87}}, {"type": "Feature", "geometry": {"type": "Point", "coordinates": [-8.1811, 42.5039]}, "properties": {"id": "6681f1d8c699", "ine": "32035", "first_utc": "2026-06-16T01:45:00Z", "last_utc": "2026-06-16T01:45:00Z", "detections": 2, "frp_max_mw": 1.3, "frp_total_mw": 2.4, "pixel_area_ha": 14.1, "status": "out", "fire_class": "forest", "municipality": "O Irixo", "province": "Ourense", "region": "Galicia", "muni_dist_km": 3.45}}, {"type": "Feature", "geometry": {"type": "Point", "coordinates": [-5.8649, 37.3594]}, "properties": {"id": "2b97a44887d3", "ine": "41091", "first_utc": "2026-06-16T02:41:00Z", "last_utc": "2026-06-17T03:10:00Z", "detections": 3, "frp_max_mw": 1.3, "frp_total_mw": 2.5, "pixel_area_ha": 42.2, "status": "out", "fire_class": "forest", "municipality": "Sevilla", "province": "Sevilla", "region": "Andalucía", "muni_dist_km": 8.82}}, {"type": "Feature", "geometry": {"type": "Point", "coordinates": [0.5407, 40.5767]}, "properties": {"id": "18a227dbec32", "ine": "43004", "first_utc": "2026-06-17T01:28:00Z", "last_utc": "2026-06-18T02:04:00Z", "detections": 5, "frp_max_mw": 1.3, "frp_total_mw": 5.3, "pixel_area_ha": 56.2, "status": "out", "fire_class": "agricultural", "municipality": "Alcanar", "province": "Tarragona", "region": "Cataluña", "muni_dist_km": 1.61}}, {"type": "Feature", "geometry": {"type": "Point", "coordinates": [-5.4228, 36.1769]}, "properties": {"id": "a0bb63cf9c78", "ine": "11022", "first_utc": "2026-06-18T02:51:00Z", "last_utc": "2026-06-18T02:51:00Z", "detections": 1, "frp_max_mw": 1.3, "frp_total_mw": 1.3, "pixel_area_ha": 14.1, "status": "out", "fire_class": "forest", "municipality": "La Línea de la Concepción", "province": "Cádiz", "region": "Andalucía", "muni_dist_km": 7.81}}, {"type": "Feature", "geometry": {"type": "Point", "coordinates": [-2.9946, 43.0786]}, "properties": {"id": "289858d2f86a", "ine": "01002", "first_utc": "2026-06-22T02:28:00Z", "last_utc": "2026-06-22T03:13:00Z", "detections": 2, "frp_max_mw": 1.3, "frp_total_mw": 2.3, "pixel_area_ha": 28.1, "status": "out", "fire_class": "forest", "municipality": "Amurrio", "province": "Araba/Álava", "region": "País Vasco", "muni_dist_km": 5.79}}, {"type": "Feature", "geometry": {"type": "Point", "coordinates": [-2.6746, 38.4072]}, "properties": {"id": "e10d126c03c9", "ine": "23091", "first_utc": "2026-06-23T01:15:00Z", "last_utc": "2026-06-23T01:15:00Z", "detections": 1, "frp_max_mw": 1.3, "frp_total_mw": 1.3, "pixel_area_ha": 14.1, "status": "out", "fire_class": "forest", "municipality": "Torres de Albánchez", "province": "Jaén", "region": "Andalucía", "muni_dist_km": 1.14}}, {"type": "Feature", "geometry": {"type": "Point", "coordinates": [1.9981, 41.4061]}, "properties": {"id": "79231193996a", "ine": "08263", "first_utc": "2026-06-20T02:11:00Z", "last_utc": "2026-06-24T01:49:00Z", "detections": 7, "frp_max_mw": 1.3, "frp_total_mw": 6.9, "pixel_area_ha": 42.2, "status": "out", "fire_class": "urban", "municipality": "Sant Vicenç dels Horts", "province": "Barcelona", "region": "Cataluña", "muni_dist_km": 1.65}}, {"type": "Feature", "geometry": {"type": "Point", "coordinates": [-1.5718, 37.4131]}, "properties": {"id": "bdfa83d32c38", "ine": "30003", "first_utc": "2026-06-24T01:34:00Z", "last_utc": "2026-06-24T01:52:00Z", "detections": 3, "frp_max_mw": 1.3, "frp_total_mw": 3.2, "pixel_area_ha": 42.2, "status": "out", "fire_class": "forest", "municipality": "Águilas", "province": "Murcia", "region": "Región de Murcia", "muni_dist_km": 6.11}}, {"type": "Feature", "geometry": {"type": "Point", "coordinates": [-5.3975, 36.1857]}, "properties": {"id": "4f6082e31fd0", "ine": "11022", "first_utc": "2026-06-25T01:34:00Z", "last_utc": "2026-06-25T01:34:00Z", "detections": 1, "frp_max_mw": 1.3, "frp_total_mw": 1.3, "pixel_area_ha": 14.1, "status": "out", "fire_class": "forest", "municipality": "La Línea de la Concepción", "province": "Cádiz", "region": "Andalucía", "muni_dist_km": 5.34}}, {"type": "Feature", "geometry": {"type": "Point", "coordinates": [-5.4389, 37.1277]}, "properties": {"id": "15b5cb407f73", "ine": "41065", "first_utc": "2026-06-27T01:41:00Z", "last_utc": "2026-06-27T01:41:00Z", "detections": 1, "frp_max_mw": 1.3, "frp_total_mw": 1.3, "pixel_area_ha": 14.1, "status": "out", "fire_class": "forest", "municipality": "Morón de la Frontera", "province": "Sevilla", "region": "Andalucía", "muni_dist_km": 1.83}}, {"type": "Feature", "geometry": {"type": "Point", "coordinates": [-5.6784, 38.7512]}, "properties": {"id": "e6b397bdf04e", "ine": "06109", "first_utc": "2026-06-30T01:20:00Z", "last_utc": "2026-06-30T01:20:00Z", "detections": 2, "frp_max_mw": 1.3, "frp_total_mw": 2.5, "pixel_area_ha": 14.1, "status": "out", "fire_class": "forest", "municipality": "Quintana de la Serena", "province": "Badajoz", "region": "Extremadura", "muni_dist_km": 3.71}}, {"type": "Feature", "geometry": {"type": "Point", "coordinates": [-1.2898, 38.2879]}, "properties": {"id": "778eaf09406d", "ine": "30002", "first_utc": "2026-06-30T01:20:00Z", "last_utc": "2026-06-30T02:26:00Z", "detections": 5, "frp_max_mw": 1.3, "frp_total_mw": 5.1, "pixel_area_ha": 42.2, "status": "out", "fire_class": "forest", "municipality": "Abarán", "province": "Murcia", "region": "Región de Murcia", "muni_dist_km": 4.44}}, {"type": "Feature", "geometry": {"type": "Point", "coordinates": [0.5439, 40.5782]}, "properties": {"id": "9f71dc4b893b", "ine": "43004", "first_utc": "2026-07-06T01:26:00Z", "last_utc": "2026-07-06T01:26:00Z", "detections": 1, "frp_max_mw": 1.3, "frp_total_mw": 1.3, "pixel_area_ha": 14.1, "status": "out", "fire_class": "forest", "municipality": "Alcanar", "province": "Tarragona", "region": "Cataluña", "muni_dist_km": 2.05}}, {"type": "Feature", "geometry": {"type": "Point", "coordinates": [1.663, 41.3123]}, "properties": {"id": "978a04ee0b90", "ine": "08251", "first_utc": "2026-07-05T01:43:00Z", "last_utc": "2026-07-06T02:11:00Z", "detections": 3, "frp_max_mw": 1.3, "frp_total_mw": 3.4, "pixel_area_ha": 28.1, "status": "out", "fire_class": "urban", "municipality": "Santa Margarida i els Monjos", "province": "Barcelona", "region": "Cataluña", "muni_dist_km": 0.09}}, {"type": "Feature", "geometry": {"type": "Point", "coordinates": [-5.222, 38.3313]}, "properties": {"id": "0180ec0aff19", "ine": "14052", "first_utc": "2026-07-06T01:26:00Z", "last_utc": "2026-07-06T03:08:00Z", "detections": 4, "frp_max_mw": 1.3, "frp_total_mw": 3.9, "pixel_area_ha": 28.1, "status": "out", "fire_class": "forest", "municipality": "Peñarroya-Pueblonuevo", "province": "Córdoba", "region": "Andalucía", "muni_dist_km": 2.35}}, {"type": "Feature", "geometry": {"type": "Point", "coordinates": [0.5426, 40.5765]}, "properties": {"id": "eb5a3d0c0b96", "ine": "43004", "first_utc": "2026-07-07T01:54:00Z", "last_utc": "2026-07-08T01:34:00Z", "detections": 2, "frp_max_mw": 1.3, "frp_total_mw": 2.0, "pixel_area_ha": 14.1, "status": "out", "fire_class": "agricultural", "municipality": "Alcanar", "province": "Tarragona", "region": "Cataluña", "muni_dist_km": 1.88}}, {"type": "Feature", "geometry": {"type": "Point", "coordinates": [-5.8636, 37.3588]}, "properties": {"id": "8b173b60c9c0", "ine": "41091", "first_utc": "2026-07-08T02:30:00Z", "last_utc": "2026-07-08T02:30:00Z", "detections": 1, "frp_max_mw": 1.3, "frp_total_mw": 1.3, "pixel_area_ha": 14.1, "status": "out", "fire_class": "forest", "municipality": "Sevilla", "province": "Sevilla", "region": "Andalucía", "muni_dist_km": 9.01}}, {"type": "Feature", "geometry": {"type": "Point", "coordinates": [1.6619, 41.3123]}, "properties": {"id": "d41f704fc12a", "ine": "08251", "first_utc": "2026-07-08T01:34:00Z", "last_utc": "2026-07-09T02:11:00Z", "detections": 5, "frp_max_mw": 1.3, "frp_total_mw": 5.4, "pixel_area_ha": 42.2, "status": "out", "fire_class": "urban", "municipality": "Santa Margarida i els Monjos", "province": "Barcelona", "region": "Cataluña", "muni_dist_km": 0.07}}, {"type": "Feature", "geometry": {"type": "Point", "coordinates": [-5.4269, 36.1812]}, "properties": {"id": "a0cd9c498cb9", "ine": "11022", "first_utc": "2026-07-12T01:15:00Z", "last_utc": "2026-07-12T01:15:00Z", "detections": 1, "frp_max_mw": 1.3, "frp_total_mw": 1.3, "pixel_area_ha": 14.1, "status": "out", "fire_class": "forest", "municipality": "La Línea de la Concepción", "province": "Cádiz", "region": "Andalucía", "muni_dist_km": 8.01}}, {"type": "Feature", "geometry": {"type": "Point", "coordinates": [1.9787, 41.4536]}, "properties": {"id": "12772fb9e017", "ine": "08196", "first_utc": "2026-07-12T02:00:00Z", "last_utc": "2026-07-12T02:00:00Z", "detections": 2, "frp_max_mw": 1.3, "frp_total_mw": 2.3, "pixel_area_ha": 28.1, "status": "out", "fire_class": "urban", "municipality": "Sant Andreu de la Barca", "province": "Barcelona", "region": "Cataluña", "muni_dist_km": 1.11}}, {"type": "Feature", "geometry": {"type": "Point", "coordinates": [1.9978, 41.4059]}, "properties": {"id": "6250971e2bd8", "ine": "08263", "first_utc": "2026-07-15T01:58:00Z", "last_utc": "2026-07-15T01:58:00Z", "detections": 1, "frp_max_mw": 1.3, "frp_total_mw": 1.3, "pixel_area_ha": 14.1, "status": "out", "fire_class": "forest", "municipality": "Sant Vicenç dels Horts", "province": "Barcelona", "region": "Cataluña", "muni_dist_km": 1.76}}, {"type": "Feature", "geometry": {"type": "Point", "coordinates": [-6.4652, 37.1473]}, "properties": {"id": "124b5c5550a2", "ine": "21040", "first_utc": "2026-07-16T02:26:00Z", "last_utc": "2026-07-16T02:26:00Z", "detections": 1, "frp_max_mw": 1.3, "frp_total_mw": 1.3, "pixel_area_ha": 14.1, "status": "out", "fire_class": "forest", "municipality": "Hinojos", "province": "Huelva", "region": "Andalucía", "muni_dist_km": 6.13}}, {"type": "Feature", "geometry": {"type": "Point", "coordinates": [-4.3301, 36.7131]}, "properties": {"id": "28ac51572033", "ine": "29082", "first_utc": "2026-07-17T02:09:00Z", "last_utc": "2026-07-17T02:09:00Z", "detections": 1, "frp_max_mw": 1.3, "frp_total_mw": 1.3, "pixel_area_ha": 14.1, "status": "out", "fire_class": "forest", "municipality": "Rincón de la Victoria", "province": "Málaga", "region": "Andalucía", "muni_dist_km": 5.69}}, {"type": "Feature", "geometry": {"type": "Point", "coordinates": [-1.9025, 36.9664]}, "properties": {"id": "74581c86e233", "ine": "04032", "first_utc": "2026-07-19T13:25:00Z", "last_utc": "2026-07-19T13:25:00Z", "detections": 1, "frp_max_mw": 1.3, "frp_total_mw": 1.3, "pixel_area_ha": 14.1, "status": "out", "fire_class": "likely_agricultural", "municipality": "Carboneras", "province": "Almería", "region": "Andalucía", "muni_dist_km": 5.32}}, {"type": "Feature", "geometry": {"type": "Point", "coordinates": [-6.7664, 42.5531]}, "properties": {"id": "ab62bd8e1e26", "ine": "24206", "first_utc": "2026-07-21T01:45:00Z", "last_utc": "2026-07-21T01:45:00Z", "detections": 1, "frp_max_mw": 1.3, "frp_total_mw": 1.3, "pixel_area_ha": 14.1, "status": "out", "fire_class": "forest", "municipality": "Toral de los Vados", "province": "León", "region": "Castilla y León", "muni_dist_km": 0.75}}, {"type": "Feature", "geometry": {"type": "Point", "coordinates": [-2.8845, 43.2276]}, "properties": {"id": "27664f5a511f", "ine": "48015", "first_utc": "2026-07-21T01:26:00Z", "last_utc": "2026-07-22T01:26:00Z", "detections": 4, "frp_max_mw": 1.3, "frp_total_mw": 3.5, "pixel_area_ha": 42.2, "status": "out", "fire_class": "forest", "municipality": "Basauri", "province": "Bizkaia", "region": "País Vasco", "muni_dist_km": 0.31}}, {"type": "Feature", "geometry": {"type": "Point", "coordinates": [1.9785, 41.4563]}, "properties": {"id": "9d9fe24b61a0", "ine": "08196", "first_utc": "2026-07-22T01:26:00Z", "last_utc": "2026-07-22T02:47:00Z", "detections": 2, "frp_max_mw": 1.3, "frp_total_mw": 1.9, "pixel_area_ha": 14.1, "status": "out", "fire_class": "forest", "municipality": "Sant Andreu de la Barca", "province": "Barcelona", "region": "Cataluña", "muni_dist_km": 1.27}}, {"type": "Feature", "geometry": {"type": "Point", "coordinates": [-1.3639, 39.5871]}, "properties": {"id": "9a4a82c2137f", "ine": "46129", "first_utc": "2026-07-23T01:54:00Z", "last_utc": "2026-07-23T01:54:00Z", "detections": 1, "frp_max_mw": 1.3, "frp_total_mw": 1.3, "pixel_area_ha": 14.1, "status": "out", "fire_class": "forest", "municipality": "Fuenterrobles", "province": "València/Valencia", "region": "Comunitat Valenciana", "muni_dist_km": 1.05}}, {"type": "Feature", "geometry": {"type": "Point", "coordinates": [-6.32, 37.2686]}, "properties": {"id": "8dd855a61331", "ine": "41075", "first_utc": "2026-07-23T02:30:00Z", "last_utc": "2026-07-23T02:49:00Z", "detections": 2, "frp_max_mw": 1.3, "frp_total_mw": 1.7, "pixel_area_ha": 28.1, "status": "out", "fire_class": "forest", "municipality": "Pilas", "province": "Sevilla", "region": "Andalucía", "muni_dist_km": 4.13}}, {"type": "Feature", "geometry": {"type": "Point", "coordinates": [-4.9099, 37.7041]}, "properties": {"id": "776515479e26", "ine": "14017", "first_utc": "2026-07-25T03:32:00Z", "last_utc": "2026-07-25T03:32:00Z", "detections": 1, "frp_max_mw": 1.3, "frp_total_mw": 1.3, "pixel_area_ha": 14.1, "status": "out", "fire_class": "forest", "municipality": "La Carlota", "province": "Córdoba", "region": "Andalucía", "muni_dist_km": 3.47}}, {"type": "Feature", "geometry": {"type": "Point", "coordinates": [0.1778, 41.9256]}, "properties": {"id": "2bfc1a51a0a7", "ine": "22158", "first_utc": "2026-07-26T01:52:00Z", "last_utc": "2026-07-26T01:52:00Z", "detections": 1, "frp_max_mw": 1.3, "frp_total_mw": 1.3, "pixel_area_ha": 14.1, "status": "out", "fire_class": "forest", "municipality": "Monzón", "province": "Huesca", "region": "Aragón", "muni_dist_km": 3.0}}, {"type": "Feature", "geometry": {"type": "Point", "coordinates": [-5.8603, 43.552]}, "properties": {"id": "c168d2ec233e", "ine": "33020", "first_utc": "2026-07-26T02:38:00Z", "last_utc": "2026-07-26T02:38:00Z", "detections": 1, "frp_max_mw": 1.3, "frp_total_mw": 1.3, "pixel_area_ha": 14.1, "status": "out", "fire_class": "forest", "municipality": "Corvera de Asturias", "province": "Asturias", "region": "Principado de Asturias", "muni_dist_km": 4.32}}, {"type": "Feature", "geometry": {"type": "Point", "coordinates": [-3.7795, 37.7949]}, "properties": {"id": "ab0850953165", "ine": "23050", "first_utc": "2026-06-03T02:32:00Z", "last_utc": "2026-06-03T02:32:00Z", "detections": 2, "frp_max_mw": 1.2, "frp_total_mw": 1.9, "pixel_area_ha": 14.1, "status": "out", "fire_class": "forest", "municipality": "Jaén", "province": "Jaén", "region": "Andalucía", "muni_dist_km": 2.92}}, {"type": "Feature", "geometry": {"type": "Point", "coordinates": [-3.8145, 40.2626]}, "properties": {"id": "c045a3caf76f", "ine": "28073", "first_utc": "2026-06-03T12:49:00Z", "last_utc": "2026-06-03T12:49:00Z", "detections": 1, "frp_max_mw": 1.2, "frp_total_mw": 1.2, "pixel_area_ha": 14.1, "status": "out", "fire_class": "likely_agricultural", "municipality": "Humanes de Madrid", "province": "Madrid", "region": "Comunidad de Madrid", "muni_dist_km": 1.58}}, {"type": "Feature", "geometry": {"type": "Point", "coordinates": [-5.2283, 37.3561]}, "properties": {"id": "0bf761d2d56a", "ine": "41052", "first_utc": "2026-06-05T01:56:00Z", "last_utc": "2026-06-05T01:56:00Z", "detections": 1, "frp_max_mw": 1.2, "frp_total_mw": 1.2, "pixel_area_ha": 14.1, "status": "out", "fire_class": "forest", "municipality": "Lantejuela", "province": "Sevilla", "region": "Andalucía", "muni_dist_km": 0.9}}, {"type": "Feature", "geometry": {"type": "Point", "coordinates": [-1.4872, 41.4745]}, "properties": {"id": "ca0cfd15f499", "ine": "50093", "first_utc": "2026-06-04T01:05:00Z", "last_utc": "2026-06-05T02:28:00Z", "detections": 4, "frp_max_mw": 1.2, "frp_total_mw": 3.1, "pixel_area_ha": 42.2, "status": "out", "fire_class": "forest", "municipality": "Chodes", "province": "Zaragoza", "region": "Aragón", "muni_dist_km": 0.84}}, {"type": "Feature", "geometry": {"type": "Point", "coordinates": [-5.4244, 36.1773]}, "properties": {"id": "7b5ed66e8a61", "ine": "11022", "first_utc": "2026-06-05T02:30:00Z", "last_utc": "2026-06-05T02:30:00Z", "detections": 1, "frp_max_mw": 1.2, "frp_total_mw": 1.2, "pixel_area_ha": 14.1, "status": "out", "fire_class": "forest", "municipality": "La Línea de la Concepción", "province": "Cádiz", "region": "Andalucía", "muni_dist_km": 7.93}}, {"type": "Feature", "geometry": {"type": "Point", "coordinates": [1.226, 41.1966]}, "properties": {"id": "43c54c3114fd", "ine": "43095", "first_utc": "2026-06-12T01:56:00Z", "last_utc": "2026-06-12T01:56:00Z", "detections": 1, "frp_max_mw": 1.2, "frp_total_mw": 1.2, "pixel_area_ha": 14.1, "status": "out", "fire_class": "agricultural", "municipality": "El Morell", "province": "Tarragona", "region": "Cataluña", "muni_dist_km": 0.98}}, {"type": "Feature", "geometry": {"type": "Point", "coordinates": [-0.9148, 37.5711]}, "properties": {"id": "4241e2d224f5", "ine": "30041", "first_utc": "2026-06-16T02:43:00Z", "last_utc": "2026-06-16T02:43:00Z", "detections": 1, "frp_max_mw": 1.2, "frp_total_mw": 1.2, "pixel_area_ha": 14.1, "status": "out", "fire_class": "forest", "municipality": "La Unión", "province": "Murcia", "region": "Región de Murcia", "muni_dist_km": 5.6}}, {"type": "Feature", "geometry": {"type": "Point", "coordinates": [-0.9371, 37.8469]}, "properties": {"id": "4fe5baf7d707", "ine": "30037", "first_utc": "2026-06-16T12:21:00Z", "last_utc": "2026-06-16T12:21:00Z", "detections": 1, "frp_max_mw": 1.2, "frp_total_mw": 1.2, "pixel_area_ha": 14.1, "status": "out", "fire_class": "likely_agricultural", "municipality": "Torre-Pacheco", "province": "Murcia", "region": "Región de Murcia", "muni_dist_km": 8.16}}, {"type": "Feature", "geometry": {"type": "Point", "coordinates": [-6.7336, 38.7341]}, "properties": {"id": "e618ee4d82ec", "ine": "06045", "first_utc": "2026-06-17T01:28:00Z", "last_utc": "2026-06-17T01:28:00Z", "detections": 1, "frp_max_mw": 1.2, "frp_total_mw": 1.2, "pixel_area_ha": 14.1, "status": "out", "fire_class": "forest", "municipality": "Entrín Bajo", "province": "Badajoz", "region": "Extremadura", "muni_dist_km": 3.52}}, {"type": "Feature", "geometry": {"type": "Point", "coordinates": [-1.3594, 37.8853]}, "properties": {"id": "d4209d39d279", "ine": "30023", "first_utc": "2026-06-24T01:52:00Z", "last_utc": "2026-06-24T01:52:00Z", "detections": 1, "frp_max_mw": 1.2, "frp_total_mw": 1.2, "pixel_area_ha": 14.1, "status": "out", "fire_class": "forest", "municipality": "Librilla", "province": "Murcia", "region": "Región de Murcia", "muni_dist_km": 2.74}}, {"type": "Feature", "geometry": {"type": "Point", "coordinates": [-1.7427, 42.814]}, "properties": {"id": "5517b4d901e4", "ine": "31193", "first_utc": "2026-06-28T01:56:00Z", "last_utc": "2026-06-29T01:56:00Z", "detections": 3, "frp_max_mw": 1.2, "frp_total_mw": 2.7, "pixel_area_ha": 28.1, "status": "out", "fire_class": "forest", "municipality": "Cendea de Olza/Oltza Zendea", "province": "Navarra", "region": "Comunidad Foral de Navarra", "muni_dist_km": 1.95}}, {"type": "Feature", "geometry": {"type": "Point", "coordinates": [-0.5455, 38.3765]}, "properties": {"id": "8f85fe0c57bb", "ine": "03014", "first_utc": "2026-06-28T01:58:00Z", "last_utc": "2026-07-02T02:41:00Z", "detections": 10, "frp_max_mw": 1.2, "frp_total_mw": 9.6, "pixel_area_ha": 56.2, "status": "out", "fire_class": "forest", "municipality": "Alacant/Alicante", "province": "Alacant/Alicante", "region": "Comunitat Valenciana", "muni_dist_km": 0.71}}, {"type": "Feature", "geometry": {"type": "Point", "coordinates": [1.2298, 41.1804]}, "properties": {"id": "c5ca6bfaee38", "ine": "43103", "first_utc": "2026-07-02T01:45:00Z", "last_utc": "2026-07-02T02:41:00Z", "detections": 3, "frp_max_mw": 1.2, "frp_total_mw": 2.4, "pixel_area_ha": 28.1, "status": "out", "fire_class": "urban", "municipality": "Perafort", "province": "Tarragona", "region": "Cataluña", "muni_dist_km": 1.05}}, {"type": "Feature", "geometry": {"type": "Point", "coordinates": [-8.4351, 43.3472]}, "properties": {"id": "8a6403d09a9e", "ine": "15030", "first_utc": "2026-07-02T01:45:00Z", "last_utc": "2026-07-03T02:21:00Z", "detections": 3, "frp_max_mw": 1.2, "frp_total_mw": 2.5, "pixel_area_ha": 14.1, "status": "out", "fire_class": "forest", "municipality": "A Coruña", "province": "A Coruña", "region": "Galicia", "muni_dist_km": 1.0}}, {"type": "Feature", "geometry": {"type": "Point", "coordinates": [-1.3543, 41.5311]}, "properties": {"id": "123c474c716e", "ine": "50231", "first_utc": "2026-07-04T01:09:00Z", "last_utc": "2026-07-04T02:49:00Z", "detections": 5, "frp_max_mw": 1.2, "frp_total_mw": 4.0, "pixel_area_ha": 28.1, "status": "out", "fire_class": "forest", "municipality": "Salillas de Jalón", "province": "Zaragoza", "region": "Aragón", "muni_dist_km": 4.1}}, {"type": "Feature", "geometry": {"type": "Point", "coordinates": [-6.4788, 38.6752]}, "properties": {"id": "93c3d3622a3d", "ine": "06002", "first_utc": "2026-07-04T02:49:00Z", "last_utc": "2026-07-04T02:49:00Z", "detections": 1, "frp_max_mw": 1.2, "frp_total_mw": 1.2, "pixel_area_ha": 14.1, "status": "out", "fire_class": "forest", "official_area_ha": 47.0, "perimeter_id": "234622", "municipality": "Aceuchal", "province": "Badajoz", "region": "Extremadura", "muni_dist_km": 1.65}}, {"type": "Feature", "geometry": {"type": "Point", "coordinates": [-2.8848, 43.2278]}, "properties": {"id": "4e46f544032c", "ine": "48015", "first_utc": "2026-07-06T01:26:00Z", "last_utc": "2026-07-06T01:26:00Z", "detections": 1, "frp_max_mw": 1.2, "frp_total_mw": 1.2, "pixel_area_ha": 14.1, "status": "out", "fire_class": "forest", "municipality": "Basauri", "province": "Bizkaia", "region": "País Vasco", "muni_dist_km": 0.47}}, {"type": "Feature", "geometry": {"type": "Point", "coordinates": [-5.7596, 41.4881]}, "properties": {"id": "07d3969fcce8", "ine": "49275", "first_utc": "2026-07-07T01:54:00Z", "last_utc": "2026-07-07T01:54:00Z", "detections": 1, "frp_max_mw": 1.2, "frp_total_mw": 1.2, "pixel_area_ha": 14.1, "status": "out", "fire_class": "forest", "municipality": "Zamora", "province": "Zamora", "region": "Castilla y León", "muni_dist_km": 4.95}}, {"type": "Feature", "geometry": {"type": "Point", "coordinates": [2.2008, 41.4231]}, "properties": {"id": "6892f8e2058f", "ine": "08194", "first_utc": "2026-07-07T02:28:00Z", "last_utc": "2026-07-07T02:28:00Z", "detections": 1, "frp_max_mw": 1.2, "frp_total_mw": 1.2, "pixel_area_ha": 14.1, "status": "out", "fire_class": "urban", "municipality": "Sant Adrià de Besòs", "province": "Barcelona", "region": "Cataluña", "muni_dist_km": 1.75}}, {"type": "Feature", "geometry": {"type": "Point", "coordinates": [0.5416, 40.5775]}, "properties": {"id": "270c5d6d8666", "ine": "43004", "first_utc": "2026-07-09T01:52:00Z", "last_utc": "2026-07-10T01:52:00Z", "detections": 4, "frp_max_mw": 1.2, "frp_total_mw": 4.3, "pixel_area_ha": 28.1, "status": "out", "fire_class": "forest", "municipality": "Alcanar", "province": "Tarragona", "region": "Cataluña", "muni_dist_km": 1.74}}, {"type": "Feature", "geometry": {"type": "Point", "coordinates": [1.9969, 41.4068]}, "properties": {"id": "87e1d10946b1", "ine": "08157", "first_utc": "2026-07-10T01:52:00Z", "last_utc": "2026-07-10T02:38:00Z", "detections": 2, "frp_max_mw": 1.2, "frp_total_mw": 2.3, "pixel_area_ha": 14.1, "status": "out", "fire_class": "urban", "municipality": "Pallejà", "province": "Barcelona", "region": "Cataluña", "muni_dist_km": 1.87}}, {"type": "Feature", "geometry": {"type": "Point", "coordinates": [-0.5439, 38.3775]}, "properties": {"id": "1ef17a4de079", "ine": "03014", "first_utc": "2026-07-10T02:38:00Z", "last_utc": "2026-07-11T01:34:00Z", "detections": 2, "frp_max_mw": 1.2, "frp_total_mw": 2.4, "pixel_area_ha": 14.1, "status": "out", "fire_class": "forest", "municipality": "Alacant/Alicante", "province": "Alacant/Alicante", "region": "Comunitat Valenciana", "muni_dist_km": 0.67}}, {"type": "Feature", "geometry": {"type": "Point", "coordinates": [1.7073, 41.2081]}, "properties": {"id": "541f4e958064", "ine": "08307", "first_utc": "2026-07-11T12:55:00Z", "last_utc": "2026-07-11T12:55:00Z", "detections": 1, "frp_max_mw": 1.2, "frp_total_mw": 1.2, "pixel_area_ha": 14.1, "status": "out", "fire_class": "forest", "municipality": "Vilanova i la Geltrú", "province": "Barcelona", "region": "Cataluña", "muni_dist_km": 3.23}}, {"type": "Feature", "geometry": {"type": "Point", "coordinates": [-0.5431, 38.3765]}, "properties": {"id": "85f624d329f9", "ine": "03014", "first_utc": "2026-07-12T02:00:00Z", "last_utc": "2026-07-12T02:00:00Z", "detections": 1, "frp_max_mw": 1.2, "frp_total_mw": 1.2, "pixel_area_ha": 14.1, "status": "out", "fire_class": "forest", "municipality": "Alacant/Alicante", "province": "Alacant/Alicante", "region": "Comunitat Valenciana", "muni_dist_km": 0.8}}, {"type": "Feature", "geometry": {"type": "Point", "coordinates": [-0.0869, 39.8836]}, "properties": {"id": "e062f8913c2c", "ine": "12032", "first_utc": "2026-07-15T01:05:00Z", "last_utc": "2026-07-15T01:05:00Z", "detections": 1, "frp_max_mw": 1.2, "frp_total_mw": 1.2, "pixel_area_ha": 14.1, "status": "out", "fire_class": "forest", "municipality": "Borriana/Burriana", "province": "Castelló/Castellón", "region": "Comunitat Valenciana", "muni_dist_km": 1.29}}, {"type": "Feature", "geometry": {"type": "Point", "coordinates": [-5.2253, 37.345]}, "properties": {"id": "9a066b830853", "ine": "41052", "first_utc": "2026-07-15T01:58:00Z", "last_utc": "2026-07-15T01:58:00Z", "detections": 1, "frp_max_mw": 1.2, "frp_total_mw": 1.2, "pixel_area_ha": 14.1, "status": "out", "fire_class": "forest", "municipality": "Lantejuela", "province": "Sevilla", "region": "Andalucía", "muni_dist_km": 1.87}}, {"type": "Feature", "geometry": {"type": "Point", "coordinates": [1.6623, 41.3143]}, "properties": {"id": "b47a1bd05cf0", "ine": "08251", "first_utc": "2026-07-15T02:43:00Z", "last_utc": "2026-07-15T02:43:00Z", "detections": 1, "frp_max_mw": 1.2, "frp_total_mw": 1.2, "pixel_area_ha": 14.1, "status": "out", "fire_class": "forest", "municipality": "Santa Margarida i els Monjos", "province": "Barcelona", "region": "Cataluña", "muni_dist_km": 0.33}}, {"type": "Feature", "geometry": {"type": "Point", "coordinates": [-5.8588, 43.5511]}, "properties": {"id": "ab0e152af6bd", "ine": "33020", "first_utc": "2026-07-20T02:49:00Z", "last_utc": "2026-07-20T02:49:00Z", "detections": 1, "frp_max_mw": 1.2, "frp_total_mw": 1.2, "pixel_area_ha": 14.1, "status": "out", "fire_class": "forest", "municipality": "Corvera de Asturias", "province": "Asturias", "region": "Principado de Asturias", "muni_dist_km": 4.26}}, {"type": "Feature", "geometry": {"type": "Point", "coordinates": [-6.7157, 38.6532]}, "properties": {"id": "18c9d9945c05", "ine": "06131", "first_utc": "2026-07-23T01:54:00Z", "last_utc": "2026-07-23T02:49:00Z", "detections": 3, "frp_max_mw": 1.2, "frp_total_mw": 2.7, "pixel_area_ha": 28.1, "status": "out", "fire_class": "forest", "municipality": "Torre de Miguel Sesmero", "province": "Badajoz", "region": "Extremadura", "muni_dist_km": 4.45}}, {"type": "Feature", "geometry": {"type": "Point", "coordinates": [1.9993, 41.4062]}, "properties": {"id": "a7b9b502894b", "ine": "08263", "first_utc": "2026-07-24T02:11:00Z", "last_utc": "2026-07-24T02:11:00Z", "detections": 1, "frp_max_mw": 1.2, "frp_total_mw": 1.2, "pixel_area_ha": 14.1, "status": "out", "fire_class": "forest", "municipality": "Sant Vicenç dels Horts", "province": "Barcelona", "region": "Cataluña", "muni_dist_km": 1.77}}, {"type": "Feature", "geometry": {"type": "Point", "coordinates": [-5.1928, 37.5234]}, "properties": {"id": "1f82e3794028", "ine": "41056", "first_utc": "2026-07-27T02:19:00Z", "last_utc": "2026-07-27T02:56:00Z", "detections": 2, "frp_max_mw": 1.2, "frp_total_mw": 1.5, "pixel_area_ha": 28.1, "status": "dying_down", "fire_class": "forest", "municipality": "La Luisiana", "province": "Sevilla", "region": "Andalucía", "muni_dist_km": 3.58}}, {"type": "Feature", "geometry": {"type": "Point", "coordinates": [-6.9357, 38.861]}, "properties": {"id": "09e7de0bff08", "ine": "06015", "first_utc": "2026-06-01T02:21:00Z", "last_utc": "2026-06-01T02:21:00Z", "detections": 1, "frp_max_mw": 1.1, "frp_total_mw": 1.1, "pixel_area_ha": 14.1, "status": "out", "fire_class": "forest", "municipality": "Badajoz", "province": "Badajoz", "region": "Extremadura", "muni_dist_km": 7.09}}, {"type": "Feature", "geometry": {"type": "Point", "coordinates": [-6.9709, 43.3775]}, "properties": {"id": "44adec8b967b", "ine": "33075", "first_utc": "2026-06-01T02:21:00Z", "last_utc": "2026-06-01T02:21:00Z", "detections": 1, "frp_max_mw": 1.1, "frp_total_mw": 1.1, "pixel_area_ha": 14.1, "status": "out", "fire_class": "forest", "official_area_ha": 42.0, "perimeter_id": "502495", "municipality": "Villanueva de Oscos", "province": "Asturias", "region": "Principado de Asturias", "muni_dist_km": 6.07}}, {"type": "Feature", "geometry": {"type": "Point", "coordinates": [1.98, 41.4548]}, "properties": {"id": "b38d8ca40376", "ine": "08196", "first_utc": "2026-06-01T01:28:00Z", "last_utc": "2026-06-02T02:02:00Z", "detections": 3, "frp_max_mw": 1.1, "frp_total_mw": 2.4, "pixel_area_ha": 28.1, "status": "out", "fire_class": "forest", "municipality": "Sant Andreu de la Barca", "province": "Barcelona", "region": "Cataluña", "muni_dist_km": 1.4}}, {"type": "Feature", "geometry": {"type": "Point", "coordinates": [-4.4848, 39.9485]}, "properties": {"id": "a114d6239fc4", "ine": "45060", "first_utc": "2026-06-02T02:04:00Z", "last_utc": "2026-06-02T02:04:00Z", "detections": 1, "frp_max_mw": 1.1, "frp_total_mw": 1.1, "pixel_area_ha": 14.1, "status": "out", "fire_class": "forest", "municipality": "Erustes", "province": "Toledo", "region": "Castilla-La Mancha", "muni_dist_km": 1.33}}, {"type": "Feature", "geometry": {"type": "Point", "coordinates": [-6.7225, 38.3194]}, "properties": {"id": "1429238fc02b", "ine": "06070", "first_utc": "2026-06-02T02:51:00Z", "last_utc": "2026-06-02T02:51:00Z", "detections": 1, "frp_max_mw": 1.1, "frp_total_mw": 1.1, "pixel_area_ha": 14.1, "status": "out", "fire_class": "forest", "municipality": "Jerez de los Caballeros", "province": "Badajoz", "region": "Extremadura", "muni_dist_km": 6.78}}, {"type": "Feature", "geometry": {"type": "Point", "coordinates": [1.2225, 41.1924]}, "properties": {"id": "3cc1932e7d46", "ine": "43095", "first_utc": "2026-06-03T03:04:00Z", "last_utc": "2026-06-03T03:04:00Z", "detections": 1, "frp_max_mw": 1.1, "frp_total_mw": 1.1, "pixel_area_ha": 14.1, "status": "out", "fire_class": "forest", "municipality": "El Morell", "province": "Tarragona", "region": "Cataluña", "muni_dist_km": 1.09}}, {"type": "Feature", "geometry": {"type": "Point", "coordinates": [-0.85, 41.6129]}, "properties": {"id": "0051eddf8b7b", "ine": "50203", "first_utc": "2026-06-05T01:54:00Z", "last_utc": "2026-06-05T02:28:00Z", "detections": 4, "frp_max_mw": 1.1, "frp_total_mw": 2.6, "pixel_area_ha": 42.2, "status": "out", "fire_class": "forest", "municipality": "Pastriz", "province": "Zaragoza", "region": "Aragón", "muni_dist_km": 6.88}}, {"type": "Feature", "geometry": {"type": "Point", "coordinates": [-5.8591, 43.553]}, "properties": {"id": "c3866dfa635d", "ine": "33020", "first_utc": "2026-06-05T02:28:00Z", "last_utc": "2026-06-06T01:34:00Z", "detections": 2, "frp_max_mw": 1.1, "frp_total_mw": 1.7, "pixel_area_ha": 14.1, "status": "out", "fire_class": "forest", "municipality": "Corvera de Asturias", "province": "Asturias", "region": "Principado de Asturias", "muni_dist_km": 4.41}}, {"type": "Feature", "geometry": {"type": "Point", "coordinates": [1.2816, 42.0236]}, "properties": {"id": "1fa575a66035", "ine": "25044", "first_utc": "2026-06-08T01:32:00Z", "last_utc": "2026-06-08T01:32:00Z", "detections": 1, "frp_max_mw": 1.1, "frp_total_mw": 1.1, "pixel_area_ha": 14.1, "status": "out", "fire_class": "forest", "municipality": "Bassella", "province": "Lleida", "region": "Cataluña", "muni_dist_km": 2.26}}, {"type": "Feature", "geometry": {"type": "Point", "coordinates": [1.9988, 41.4061]}, "properties": {"id": "8602effbad6e", "ine": "08263", "first_utc": "2026-06-07T02:09:00Z", "last_utc": "2026-06-09T02:17:00Z", "detections": 4, "frp_max_mw": 1.1, "frp_total_mw": 3.9, "pixel_area_ha": 42.2, "status": "out", "fire_class": "urban", "municipality": "Sant Vicenç dels Horts", "province": "Barcelona", "region": "Cataluña", "muni_dist_km": 1.64}}, {"type": "Feature", "geometry": {"type": "Point", "coordinates": [-3.9712, 37.921]}, "properties": {"id": "1ddc26699be4", "ine": "23040", "first_utc": "2026-06-09T02:19:00Z", "last_utc": "2026-06-09T02:19:00Z", "detections": 1, "frp_max_mw": 1.1, "frp_total_mw": 1.1, "pixel_area_ha": 14.1, "status": "out", "fire_class": "forest", "municipality": "Lahiguera", "province": "Jaén", "region": "Andalucía", "muni_dist_km": 5.15}}, {"type": "Feature", "geometry": {"type": "Point", "coordinates": [-0.3629, 41.5384]}, "properties": {"id": "09f6f4fb36d1", "ine": "50208", "first_utc": "2026-06-09T13:42:00Z", "last_utc": "2026-06-09T13:42:00Z", "detections": 1, "frp_max_mw": 1.1, "frp_total_mw": 1.1, "pixel_area_ha": 14.1, "status": "out", "fire_class": "likely_agricultural", "municipality": "Pina de Ebro", "province": "Zaragoza", "region": "Aragón", "muni_dist_km": 4.23}}, {"type": "Feature", "geometry": {"type": "Point", "coordinates": [-1.9055, 36.9677]}, "properties": {"id": "16b70902edea", "ine": "04032", "first_utc": "2026-06-14T01:41:00Z", "last_utc": "2026-06-14T01:41:00Z", "detections": 1, "frp_max_mw": 1.1, "frp_total_mw": 1.1, "pixel_area_ha": 14.1, "status": "out", "fire_class": "forest", "municipality": "Carboneras", "province": "Almería", "region": "Andalucía", "muni_dist_km": 5.04}}, {"type": "Feature", "geometry": {"type": "Point", "coordinates": [-1.7416, 42.8143]}, "properties": {"id": "d2361c3cb81e", "ine": "31193", "first_utc": "2026-06-15T02:06:00Z", "last_utc": "2026-06-15T02:06:00Z", "detections": 1, "frp_max_mw": 1.1, "frp_total_mw": 1.1, "pixel_area_ha": 14.1, "status": "out", "fire_class": "forest", "municipality": "Cendea de Olza/Oltza Zendea", "province": "Navarra", "region": "Comunidad Foral de Navarra", "muni_dist_km": 2.1}}, {"type": "Feature", "geometry": {"type": "Point", "coordinates": [1.9982, 41.4068]}, "properties": {"id": "7fa251e998e8", "ine": "08157", "first_utc": "2026-06-12T01:56:00Z", "last_utc": "2026-06-17T02:21:00Z", "detections": 12, "frp_max_mw": 1.1, "frp_total_mw": 10.7, "pixel_area_ha": 56.2, "status": "out", "fire_class": "urban", "municipality": "Pallejà", "province": "Barcelona", "region": "Cataluña", "muni_dist_km": 1.62}}, {"type": "Feature", "geometry": {"type": "Point", "coordinates": [-3.4772, 40.2454]}, "properties": {"id": "78ff09eb806a", "ine": "28091", "first_utc": "2026-06-15T03:00:00Z", "last_utc": "2026-06-17T02:21:00Z", "detections": 3, "frp_max_mw": 1.1, "frp_total_mw": 2.7, "pixel_area_ha": 28.1, "status": "out", "fire_class": "forest", "municipality": "Morata de Tajuña", "province": "Madrid", "region": "Comunidad de Madrid", "muni_dist_km": 2.86}}, {"type": "Feature", "geometry": {"type": "Point", "coordinates": [-2.8441, 36.724]}, "properties": {"id": "0a98cbe9bdb8", "ine": "04902", "first_utc": "2026-06-19T02:32:00Z", "last_utc": "2026-06-19T02:32:00Z", "detections": 2, "frp_max_mw": 1.1, "frp_total_mw": 2.2, "pixel_area_ha": 28.1, "status": "out", "fire_class": "forest", "municipality": "El Ejido", "province": "Almería", "region": "Andalucía", "muni_dist_km": 6.04}}, {"type": "Feature", "geometry": {"type": "Point", "coordinates": [-6.8952, 37.1808]}, "properties": {"id": "f01dee7fa34a", "ine": "21055", "first_utc": "2026-06-19T02:32:00Z", "last_utc": "2026-06-19T02:32:00Z", "detections": 1, "frp_max_mw": 1.1, "frp_total_mw": 1.1, "pixel_area_ha": 14.1, "status": "out", "fire_class": "forest", "municipality": "Palos de la Frontera", "province": "Huelva", "region": "Andalucía", "muni_dist_km": 1.48}}, {"type": "Feature", "geometry": {"type": "Point", "coordinates": [-5.2678, 38.9925]}, "properties": {"id": "3ebfe45925df", "ine": "06048", "first_utc": "2026-06-20T01:26:00Z", "last_utc": "2026-06-20T02:13:00Z", "detections": 2, "frp_max_mw": 1.1, "frp_total_mw": 1.8, "pixel_area_ha": 14.1, "status": "out", "fire_class": "forest", "municipality": "Esparragosa de Lares", "province": "Badajoz", "region": "Extremadura", "muni_dist_km": 9.55}}, {"type": "Feature", "geometry": {"type": "Point", "coordinates": [-5.2826, 38.3044]}, "properties": {"id": "b6bce0fbb43c", "ine": "14052", "first_utc": "2026-06-21T01:54:00Z", "last_utc": "2026-06-21T01:54:00Z", "detections": 1, "frp_max_mw": 1.1, "frp_total_mw": 1.1, "pixel_area_ha": 14.1, "status": "out", "fire_class": "forest", "municipality": "Peñarroya-Pueblonuevo", "province": "Córdoba", "region": "Andalucía", "muni_dist_km": 3.65}}, {"type": "Feature", "geometry": {"type": "Point", "coordinates": [-6.8048, 38.8598]}, "properties": {"id": "40975bf7ec01", "ine": "06015", "first_utc": "2026-06-21T02:30:00Z", "last_utc": "2026-06-21T02:30:00Z", "detections": 1, "frp_max_mw": 1.1, "frp_total_mw": 1.1, "pixel_area_ha": 14.1, "status": "out", "fire_class": "forest", "municipality": "Badajoz", "province": "Badajoz", "region": "Extremadura", "muni_dist_km": 4.43}}, {"type": "Feature", "geometry": {"type": "Point", "coordinates": [-3.0057, 43.3171]}, "properties": {"id": "3043e7305b01", "ine": "48084", "first_utc": "2026-06-24T01:32:00Z", "last_utc": "2026-06-24T01:32:00Z", "detections": 1, "frp_max_mw": 1.1, "frp_total_mw": 1.1, "pixel_area_ha": 14.1, "status": "out", "fire_class": "forest", "municipality": "Sestao", "province": "Bizkaia", "region": "País Vasco", "muni_dist_km": 1.12}}, {"type": "Feature", "geometry": {"type": "Point", "coordinates": [0.6257, 41.6409]}, "properties": {"id": "bb7bff645ea1", "ine": "25120", "first_utc": "2026-06-24T01:32:00Z", "last_utc": "2026-06-24T01:49:00Z", "detections": 2, "frp_max_mw": 1.1, "frp_total_mw": 1.9, "pixel_area_ha": 14.1, "status": "out", "fire_class": "urban", "municipality": "Lleida", "province": "Lleida", "region": "Cataluña", "muni_dist_km": 3.8}}, {"type": "Feature", "geometry": {"type": "Point", "coordinates": [-0.1575, 38.9998]}, "properties": {"id": "2f74a161b496", "ine": "46113", "first_utc": "2026-06-24T01:52:00Z", "last_utc": "2026-06-24T01:52:00Z", "detections": 1, "frp_max_mw": 1.1, "frp_total_mw": 1.1, "pixel_area_ha": 14.1, "status": "out", "fire_class": "forest", "municipality": "Daimús", "province": "València/Valencia", "region": "Comunitat Valenciana", "muni_dist_km": 3.14}}, {"type": "Feature", "geometry": {"type": "Point", "coordinates": [-0.2472, 39.664]}, "properties": {"id": "9e94d38ffc4b", "ine": "46082", "first_utc": "2026-06-24T00:58:00Z", "last_utc": "2026-06-25T01:32:00Z", "detections": 3, "frp_max_mw": 1.1, "frp_total_mw": 2.9, "pixel_area_ha": 42.2, "status": "out", "fire_class": "forest", "municipality": "Canet d'En Berenguer", "province": "València/Valencia", "region": "Comunitat Valenciana", "muni_dist_km": 3.05}}, {"type": "Feature", "geometry": {"type": "Point", "coordinates": [-4.3308, 36.7146]}, "properties": {"id": "1b38fe05a213", "ine": "29082", "first_utc": "2026-06-24T02:38:00Z", "last_utc": "2026-06-25T02:19:00Z", "detections": 2, "frp_max_mw": 1.1, "frp_total_mw": 1.8, "pixel_area_ha": 28.1, "status": "out", "fire_class": "forest", "municipality": "Rincón de la Victoria", "province": "Málaga", "region": "Andalucía", "muni_dist_km": 5.61}}, {"type": "Feature", "geometry": {"type": "Point", "coordinates": [-3.8421, 43.4096]}, "properties": {"id": "36bc493fbeb7", "ine": "39008", "first_utc": "2026-06-26T02:34:00Z", "last_utc": "2026-06-26T02:34:00Z", "detections": 1, "frp_max_mw": 1.1, "frp_total_mw": 1.1, "pixel_area_ha": 14.1, "status": "out", "fire_class": "forest", "municipality": "El Astillero", "province": "Cantabria", "region": "Cantabria", "muni_dist_km": 1.23}}, {"type": "Feature", "geometry": {"type": "Point", "coordinates": [-3.4771, 40.2442]}, "properties": {"id": "b6b0442038f9", "ine": "28091", "first_utc": "2026-07-01T02:06:00Z", "last_utc": "2026-07-01T02:06:00Z", "detections": 1, "frp_max_mw": 1.1, "frp_total_mw": 1.1, "pixel_area_ha": 14.1, "status": "out", "fire_class": "forest", "municipality": "Morata de Tajuña", "province": "Madrid", "region": "Comunidad de Madrid", "muni_dist_km": 2.86}}, {"type": "Feature", "geometry": {"type": "Point", "coordinates": [-3.8446, 43.4425]}, "properties": {"id": "46adc07f1743", "ine": "39075", "first_utc": "2026-07-02T01:45:00Z", "last_utc": "2026-07-02T01:45:00Z", "detections": 1, "frp_max_mw": 1.1, "frp_total_mw": 1.1, "pixel_area_ha": 14.1, "status": "out", "fire_class": "forest", "municipality": "Santander", "province": "Cantabria", "region": "Cantabria", "muni_dist_km": 2.57}}, {"type": "Feature", "geometry": {"type": "Point", "coordinates": [-3.3347, 39.1014]}, "properties": {"id": "d291e5cdcd99", "ine": "13904", "first_utc": "2026-07-02T01:47:00Z", "last_utc": "2026-07-02T01:47:00Z", "detections": 1, "frp_max_mw": 1.1, "frp_total_mw": 1.1, "pixel_area_ha": 14.1, "status": "out", "fire_class": "forest", "municipality": "Llanos del Caudillo", "province": "Ciudad Real", "region": "Castilla-La Mancha", "muni_dist_km": 1.92}}, {"type": "Feature", "geometry": {"type": "Point", "coordinates": [-4.2145, 37.9176]}, "properties": {"id": "69b3077b6ca5", "ine": "23056", "first_utc": "2026-07-02T02:24:00Z", "last_utc": "2026-07-02T02:41:00Z", "detections": 2, "frp_max_mw": 1.1, "frp_total_mw": 2.2, "pixel_area_ha": 14.1, "status": "out", "fire_class": "forest", "municipality": "Lopera", "province": "Jaén", "region": "Andalucía", "muni_dist_km": 5.06}}, {"type": "Feature", "geometry": {"type": "Point", "coordinates": [-2.99, 36.7583]}, "properties": {"id": "4b05440f67ca", "ine": "04003", "first_utc": "2026-07-04T02:04:00Z", "last_utc": "2026-07-04T02:04:00Z", "detections": 1, "frp_max_mw": 1.1, "frp_total_mw": 1.1, "pixel_area_ha": 14.1, "status": "out", "fire_class": "forest", "municipality": "Adra", "province": "Almería", "region": "Andalucía", "muni_dist_km": 5.62}}, {"type": "Feature", "geometry": {"type": "Point", "coordinates": [-0.545, 38.3772]}, "properties": {"id": "55e1cf6e9533", "ine": "03014", "first_utc": "2026-07-04T01:09:00Z", "last_utc": "2026-07-04T02:49:00Z", "detections": 5, "frp_max_mw": 1.1, "frp_total_mw": 5.0, "pixel_area_ha": 42.2, "status": "out", "fire_class": "forest", "municipality": "Alacant/Alicante", "province": "Alacant/Alicante", "region": "Comunitat Valenciana", "muni_dist_km": 0.7}}, {"type": "Feature", "geometry": {"type": "Point", "coordinates": [-5.8588, 43.552]}, "properties": {"id": "5ae23c351512", "ine": "33020", "first_utc": "2026-07-05T02:30:00Z", "last_utc": "2026-07-05T02:30:00Z", "detections": 1, "frp_max_mw": 1.1, "frp_total_mw": 1.1, "pixel_area_ha": 14.1, "status": "out", "fire_class": "forest", "municipality": "Corvera de Asturias", "province": "Asturias", "region": "Principado de Asturias", "muni_dist_km": 4.37}}, {"type": "Feature", "geometry": {"type": "Point", "coordinates": [-5.456, 37.3119]}, "properties": {"id": "5591620505aa", "ine": "41071", "first_utc": "2026-07-07T02:49:00Z", "last_utc": "2026-07-07T02:49:00Z", "detections": 1, "frp_max_mw": 1.1, "frp_total_mw": 1.1, "pixel_area_ha": 14.1, "status": "out", "fire_class": "forest", "municipality": "Paradas", "province": "Sevilla", "region": "Andalucía", "muni_dist_km": 4.36}}, {"type": "Feature", "geometry": {"type": "Point", "coordinates": [-5.9134, 43.1695]}, "properties": {"id": "bb58d52323a1", "ine": "33058", "first_utc": "2026-07-08T02:11:00Z", "last_utc": "2026-07-09T02:11:00Z", "detections": 6, "frp_max_mw": 1.1, "frp_total_mw": 3.9, "pixel_area_ha": 70.3, "status": "out", "fire_class": "forest", "municipality": "Riosa", "province": "Asturias", "region": "Principado de Asturias", "muni_dist_km": 4.54}}, {"type": "Feature", "geometry": {"type": "Point", "coordinates": [-4.2142, 37.8762]}, "properties": {"id": "11aedaa08905", "ine": "23069", "first_utc": "2026-07-09T02:13:00Z", "last_utc": "2026-07-09T02:13:00Z", "detections": 1, "frp_max_mw": 1.1, "frp_total_mw": 1.1, "pixel_area_ha": 14.1, "status": "out", "fire_class": "forest", "municipality": "Porcuna", "province": "Jaén", "region": "Andalucía", "muni_dist_km": 2.28}}, {"type": "Feature", "geometry": {"type": "Point", "coordinates": [-3.074, 38.0378]}, "properties": {"id": "73876c59266b", "ine": "23095", "first_utc": "2026-07-14T01:22:00Z", "last_utc": "2026-07-14T02:17:00Z", "detections": 3, "frp_max_mw": 1.1, "frp_total_mw": 2.6, "pixel_area_ha": 42.2, "status": "out", "fire_class": "forest", "municipality": "Villacarrillo", "province": "Jaén", "region": "Andalucía", "muni_dist_km": 5.91}}, {"type": "Feature", "geometry": {"type": "Point", "coordinates": [-2.7752, 43.2073]}, "properties": {"id": "9ba10e4dfc9c", "ine": "48055", "first_utc": "2026-07-16T02:24:00Z", "last_utc": "2026-07-16T02:24:00Z", "detections": 1, "frp_max_mw": 1.1, "frp_total_mw": 1.1, "pixel_area_ha": 14.1, "status": "out", "fire_class": "forest", "municipality": "Lemoa", "province": "Bizkaia", "region": "País Vasco", "muni_dist_km": 0.49}}, {"type": "Feature", "geometry": {"type": "Point", "coordinates": [-0.5624, 38.3662]}, "properties": {"id": "f922c120dc3f", "ine": "03014", "first_utc": "2026-07-22T02:13:00Z", "last_utc": "2026-07-22T02:13:00Z", "detections": 1, "frp_max_mw": 1.1, "frp_total_mw": 1.1, "pixel_area_ha": 14.1, "status": "out", "fire_class": "forest", "municipality": "Alacant/Alicante", "province": "Alacant/Alicante", "region": "Comunitat Valenciana", "muni_dist_km": 2.81}}, {"type": "Feature", "geometry": {"type": "Point", "coordinates": [-2.2209, 43.0403]}, "properties": {"id": "42e1e36cca9d", "ine": "20062", "first_utc": "2026-07-21T01:26:00Z", "last_utc": "2026-07-22T02:47:00Z", "detections": 5, "frp_max_mw": 1.1, "frp_total_mw": 3.8, "pixel_area_ha": 56.2, "status": "out", "fire_class": "forest", "municipality": "Ormaiztegi", "province": "Gipuzkoa", "region": "País Vasco", "muni_dist_km": 1.96}}, {"type": "Feature", "geometry": {"type": "Point", "coordinates": [-5.4451, 37.1275]}, "properties": {"id": "152a39c5501a", "ine": "41065", "first_utc": "2026-07-25T02:11:00Z", "last_utc": "2026-07-25T02:11:00Z", "detections": 1, "frp_max_mw": 1.1, "frp_total_mw": 1.1, "pixel_area_ha": 14.1, "status": "out", "fire_class": "forest", "municipality": "Morón de la Frontera", "province": "Sevilla", "region": "Andalucía", "muni_dist_km": 2.18}}, {"type": "Feature", "geometry": {"type": "Point", "coordinates": [-4.0934, 38.6825]}, "properties": {"id": "7622020510fd", "ine": "13071", "first_utc": "2026-07-26T03:13:00Z", "last_utc": "2026-07-26T03:13:00Z", "detections": 1, "frp_max_mw": 1.1, "frp_total_mw": 1.1, "pixel_area_ha": 14.1, "status": "out", "fire_class": "forest", "municipality": "Puertollano", "province": "Ciudad Real", "region": "Castilla-La Mancha", "muni_dist_km": 4.66}}, {"type": "Feature", "geometry": {"type": "Point", "coordinates": [-5.8588, 43.5527]}, "properties": {"id": "d953b9bdbe67", "ine": "33020", "first_utc": "2026-07-28T02:00:00Z", "last_utc": "2026-07-28T02:00:00Z", "detections": 1, "frp_max_mw": 1.1, "frp_total_mw": 1.1, "pixel_area_ha": 14.1, "status": "active", "fire_class": "forest", "municipality": "Corvera de Asturias", "province": "Asturias", "region": "Principado de Asturias", "muni_dist_km": 4.43}}, {"type": "Feature", "geometry": {"type": "Point", "coordinates": [-6.1464, 37.4009]}, "properties": {"id": "9e6299fa9431", "ine": "41098", "first_utc": "2026-06-02T02:04:00Z", "last_utc": "2026-06-02T02:04:00Z", "detections": 2, "frp_max_mw": 1.0, "frp_total_mw": 1.9, "pixel_area_ha": 14.1, "status": "out", "fire_class": "forest", "municipality": "Villanueva del Ariscal", "province": "Sevilla", "region": "Andalucía", "muni_dist_km": 0.3}}, {"type": "Feature", "geometry": {"type": "Point", "coordinates": [-5.8601, 43.5532]}, "properties": {"id": "16461dcfeff8", "ine": "33020", "first_utc": "2026-06-07T01:49:00Z", "last_utc": "2026-06-07T02:56:00Z", "detections": 3, "frp_max_mw": 1.0, "frp_total_mw": 2.8, "pixel_area_ha": 14.1, "status": "out", "fire_class": "forest", "municipality": "Corvera de Asturias", "province": "Asturias", "region": "Principado de Asturias", "muni_dist_km": 4.35}}, {"type": "Feature", "geometry": {"type": "Point", "coordinates": [-0.0048, 39.952]}, "properties": {"id": "1634751c2817", "ine": "12009", "first_utc": "2026-06-08T01:32:00Z", "last_utc": "2026-06-08T01:32:00Z", "detections": 1, "frp_max_mw": 1.0, "frp_total_mw": 1.0, "pixel_area_ha": 14.1, "status": "out", "fire_class": "forest", "municipality": "Almassora", "province": "Castelló/Castellón", "region": "Comunitat Valenciana", "muni_dist_km": 5.39}}, {"type": "Feature", "geometry": {"type": "Point", "coordinates": [-1.7427, 42.8146]}, "properties": {"id": "8fdd9495cf6d", "ine": "31193", "first_utc": "2026-06-04T02:45:00Z", "last_utc": "2026-06-08T01:49:00Z", "detections": 5, "frp_max_mw": 1.0, "frp_total_mw": 4.3, "pixel_area_ha": 42.2, "status": "out", "fire_class": "forest", "municipality": "Cendea de Olza/Oltza Zendea", "province": "Navarra", "region": "Comunidad Foral de Navarra", "muni_dist_km": 1.9}}, {"type": "Feature", "geometry": {"type": "Point", "coordinates": [0.542, 40.5777]}, "properties": {"id": "470f39e34892", "ine": "43004", "first_utc": "2026-06-08T00:58:00Z", "last_utc": "2026-06-08T01:49:00Z", "detections": 3, "frp_max_mw": 1.0, "frp_total_mw": 2.2, "pixel_area_ha": 28.1, "status": "out", "fire_class": "forest", "municipality": "Alcanar", "province": "Tarragona", "region": "Cataluña", "muni_dist_km": 1.76}}, {"type": "Feature", "geometry": {"type": "Point", "coordinates": [1.9804, 41.4564]}, "properties": {"id": "9f070886df24", "ine": "08196", "first_utc": "2026-06-08T01:32:00Z", "last_utc": "2026-06-08T01:49:00Z", "detections": 2, "frp_max_mw": 1.0, "frp_total_mw": 1.4, "pixel_area_ha": 14.1, "status": "out", "fire_class": "urban", "municipality": "Sant Andreu de la Barca", "province": "Barcelona", "region": "Cataluña", "muni_dist_km": 1.5}}, {"type": "Feature", "geometry": {"type": "Point", "coordinates": [-6.4289, 38.6398]}, "properties": {"id": "79b1b72799ef", "ine": "06002", "first_utc": "2026-06-11T02:36:00Z", "last_utc": "2026-06-11T02:36:00Z", "detections": 1, "frp_max_mw": 1.0, "frp_total_mw": 1.0, "pixel_area_ha": 14.1, "status": "out", "fire_class": "forest", "municipality": "Aceuchal", "province": "Badajoz", "region": "Extremadura", "muni_dist_km": 5.99}}, {"type": "Feature", "geometry": {"type": "Point", "coordinates": [-1.7403, 42.8146]}, "properties": {"id": "1b1ce6657e32", "ine": "31193", "first_utc": "2026-06-12T02:15:00Z", "last_utc": "2026-06-12T02:15:00Z", "detections": 1, "frp_max_mw": 1.0, "frp_total_mw": 1.0, "pixel_area_ha": 14.1, "status": "out", "fire_class": "forest", "municipality": "Cendea de Olza/Oltza Zendea", "province": "Navarra", "region": "Comunidad Foral de Navarra", "muni_dist_km": 2.19}}, {"type": "Feature", "geometry": {"type": "Point", "coordinates": [-5.4258, 36.1801]}, "properties": {"id": "0424471a964c", "ine": "11022", "first_utc": "2026-06-13T01:39:00Z", "last_utc": "2026-06-13T02:45:00Z", "detections": 4, "frp_max_mw": 1.0, "frp_total_mw": 2.8, "pixel_area_ha": 42.2, "status": "out", "fire_class": "forest", "municipality": "La Línea de la Concepción", "province": "Cádiz", "region": "Andalucía", "muni_dist_km": 7.86}}, {"type": "Feature", "geometry": {"type": "Point", "coordinates": [-3.5061, 39.4607]}, "properties": {"id": "ed11911dccee", "ine": "45087", "first_utc": "2026-06-15T02:06:00Z", "last_utc": "2026-06-15T03:00:00Z", "detections": 3, "frp_max_mw": 1.0, "frp_total_mw": 1.9, "pixel_area_ha": 28.1, "status": "out", "fire_class": "forest", "municipality": "Madridejos", "province": "Toledo", "region": "Castilla-La Mancha", "muni_dist_km": 2.76}}, {"type": "Feature", "geometry": {"type": "Point", "coordinates": [-1.1368, 37.9772]}, "properties": {"id": "081bf58031cc", "ine": "30030", "first_utc": "2026-06-16T12:21:00Z", "last_utc": "2026-06-16T12:21:00Z", "detections": 1, "frp_max_mw": 1.0, "frp_total_mw": 1.0, "pixel_area_ha": 14.1, "status": "out", "fire_class": "likely_agricultural", "municipality": "Murcia", "province": "Murcia", "region": "Región de Murcia", "muni_dist_km": 6.7}}, {"type": "Feature", "geometry": {"type": "Point", "coordinates": [-1.4987, 38.2877]}, "properties": {"id": "6d79fbe0b97c", "ine": "30019", "first_utc": "2026-06-20T12:29:00Z", "last_utc": "2026-06-20T12:29:00Z", "detections": 1, "frp_max_mw": 1.0, "frp_total_mw": 1.0, "pixel_area_ha": 14.1, "status": "out", "fire_class": "likely_agricultural", "municipality": "Cieza", "province": "Murcia", "region": "Región de Murcia", "muni_dist_km": 2.95}}, {"type": "Feature", "geometry": {"type": "Point", "coordinates": [-4.3318, 36.7147]}, "properties": {"id": "57675a0f4bff", "ine": "29082", "first_utc": "2026-06-21T02:30:00Z", "last_utc": "2026-06-23T02:11:00Z", "detections": 4, "frp_max_mw": 1.0, "frp_total_mw": 3.5, "pixel_area_ha": 28.1, "status": "out", "fire_class": "forest", "municipality": "Rincón de la Victoria", "province": "Málaga", "region": "Andalucía", "muni_dist_km": 5.7}}, {"type": "Feature", "geometry": {"type": "Point", "coordinates": [1.1883, 41.1228]}, "properties": {"id": "86d3b03b6e8e", "ine": "43907", "first_utc": "2026-06-24T01:32:00Z", "last_utc": "2026-06-24T01:49:00Z", "detections": 2, "frp_max_mw": 1.0, "frp_total_mw": 1.8, "pixel_area_ha": 14.1, "status": "out", "fire_class": "urban", "municipality": "La Canonja", "province": "Tarragona", "region": "Cataluña", "muni_dist_km": 1.03}}, {"type": "Feature", "geometry": {"type": "Point", "coordinates": [-1.1136, 38.1631]}, "properties": {"id": "13e5e373fad4", "ine": "30020", "first_utc": "2026-06-24T01:52:00Z", "last_utc": "2026-06-24T01:52:00Z", "detections": 1, "frp_max_mw": 1.0, "frp_total_mw": 1.0, "pixel_area_ha": 14.1, "status": "out", "fire_class": "forest", "municipality": "Fortuna", "province": "Murcia", "region": "Región de Murcia", "muni_dist_km": 4.87}}, {"type": "Feature", "geometry": {"type": "Point", "coordinates": [2.0938, 41.9876]}, "properties": {"id": "0fe1846335be", "ine": "08149", "first_utc": "2026-06-24T01:32:00Z", "last_utc": "2026-06-24T02:36:00Z", "detections": 3, "frp_max_mw": 1.0, "frp_total_mw": 2.6, "pixel_area_ha": 28.1, "status": "out", "fire_class": "agricultural", "municipality": "Olost", "province": "Barcelona", "region": "Cataluña", "muni_dist_km": 1.39}}, {"type": "Feature", "geometry": {"type": "Point", "coordinates": [-0.9231, 37.8041]}, "properties": {"id": "c40f71f41311", "ine": "30037", "first_utc": "2026-06-24T02:38:00Z", "last_utc": "2026-06-24T02:38:00Z", "detections": 1, "frp_max_mw": 1.0, "frp_total_mw": 1.0, "pixel_area_ha": 14.1, "status": "out", "fire_class": "forest", "municipality": "Torre-Pacheco", "province": "Murcia", "region": "Región de Murcia", "muni_dist_km": 4.86}}, {"type": "Feature", "geometry": {"type": "Point", "coordinates": [-13.857, 28.886]}, "properties": {"id": "179c92638f32", "ine": "35034", "first_utc": "2026-06-24T02:43:00Z", "last_utc": "2026-06-24T03:15:00Z", "detections": 2, "frp_max_mw": 1.0, "frp_total_mw": 1.3, "pixel_area_ha": 14.1, "status": "out", "fire_class": "forest", "municipality": "Yaiza", "province": "Las Palmas", "region": "Canarias", "muni_dist_km": 8.86}}, {"type": "Feature", "geometry": {"type": "Point", "coordinates": [-5.4255, 36.1819]}, "properties": {"id": "b3aabb89737a", "ine": "11022", "first_utc": "2026-06-25T01:34:00Z", "last_utc": "2026-06-25T02:56:00Z", "detections": 2, "frp_max_mw": 1.0, "frp_total_mw": 1.9, "pixel_area_ha": 14.1, "status": "out", "fire_class": "forest", "municipality": "La Línea de la Concepción", "province": "Cádiz", "region": "Andalucía", "muni_dist_km": 7.84}}, {"type": "Feature", "geometry": {"type": "Point", "coordinates": [-6.7166, 38.322]}, "properties": {"id": "da0a99da8d4c", "ine": "06070", "first_utc": "2026-06-25T03:15:00Z", "last_utc": "2026-06-25T03:15:00Z", "detections": 1, "frp_max_mw": 1.0, "frp_total_mw": 1.0, "pixel_area_ha": 14.1, "status": "out", "fire_class": "forest", "municipality": "Jerez de los Caballeros", "province": "Badajoz", "region": "Extremadura", "muni_dist_km": 7.25}}, {"type": "Feature", "geometry": {"type": "Point", "coordinates": [-5.7513, 42.3594]}, "properties": {"id": "7504372e6ca8", "ine": "24157", "first_utc": "2026-06-26T02:00:00Z", "last_utc": "2026-06-26T02:34:00Z", "detections": 2, "frp_max_mw": 1.0, "frp_total_mw": 1.8, "pixel_area_ha": 28.1, "status": "out", "fire_class": "forest", "municipality": "Santa María del Páramo", "province": "León", "region": "Castilla y León", "muni_dist_km": 0.32}}, {"type": "Feature", "geometry": {"type": "Point", "coordinates": [-5.8567, 43.5555]}, "properties": {"id": "f07d8afc103b", "ine": "33020", "first_utc": "2026-06-26T02:34:00Z", "last_utc": "2026-06-26T02:34:00Z", "detections": 1, "frp_max_mw": 1.0, "frp_total_mw": 1.0, "pixel_area_ha": 14.1, "status": "out", "fire_class": "forest", "municipality": "Corvera de Asturias", "province": "Asturias", "region": "Principado de Asturias", "muni_dist_km": 4.79}}, {"type": "Feature", "geometry": {"type": "Point", "coordinates": [-4.2747, 39.9855]}, "properties": {"id": "98f7f9617a6f", "ine": "45173", "first_utc": "2026-06-27T01:41:00Z", "last_utc": "2026-06-27T01:41:00Z", "detections": 1, "frp_max_mw": 1.0, "frp_total_mw": 1.0, "pixel_area_ha": 14.1, "status": "out", "fire_class": "forest", "municipality": "Torrijos", "province": "Toledo", "region": "Castilla-La Mancha", "muni_dist_km": 0.86}}, {"type": "Feature", "geometry": {"type": "Point", "coordinates": [-8.4343, 43.3471]}, "properties": {"id": "4e03403e998d", "ine": "15030", "first_utc": "2026-06-27T02:34:00Z", "last_utc": "2026-06-27T02:34:00Z", "detections": 1, "frp_max_mw": 1.0, "frp_total_mw": 1.0, "pixel_area_ha": 14.1, "status": "out", "fire_class": "forest", "municipality": "A Coruña", "province": "A Coruña", "region": "Galicia", "muni_dist_km": 0.98}}, {"type": "Feature", "geometry": {"type": "Point", "coordinates": [-4.3301, 36.715]}, "properties": {"id": "e573f198a705", "ine": "29082", "first_utc": "2026-06-26T02:36:00Z", "last_utc": "2026-06-27T02:36:00Z", "detections": 5, "frp_max_mw": 1.0, "frp_total_mw": 3.5, "pixel_area_ha": 42.2, "status": "out", "fire_class": "forest", "municipality": "Rincón de la Victoria", "province": "Málaga", "region": "Andalucía", "muni_dist_km": 5.5}}, {"type": "Feature", "geometry": {"type": "Point", "coordinates": [-5.5566, 38.4756]}, "properties": {"id": "94ac652245dc", "ine": "06101", "first_utc": "2026-06-28T03:04:00Z", "last_utc": "2026-06-28T03:04:00Z", "detections": 1, "frp_max_mw": 1.0, "frp_total_mw": 1.0, "pixel_area_ha": 14.1, "status": "out", "fire_class": "forest", "municipality": "Peraleda del Zaucejo", "province": "Badajoz", "region": "Extremadura", "muni_dist_km": 3.62}}, {"type": "Feature", "geometry": {"type": "Point", "coordinates": [-6.6381, 38.9042]}, "properties": {"id": "cbe2f179024b", "ine": "06103", "first_utc": "2026-07-02T02:41:00Z", "last_utc": "2026-07-02T02:41:00Z", "detections": 1, "frp_max_mw": 1.0, "frp_total_mw": 1.0, "pixel_area_ha": 14.1, "status": "out", "fire_class": "forest", "municipality": "Puebla de la Calzada", "province": "Badajoz", "region": "Extremadura", "muni_dist_km": 2.93}}, {"type": "Feature", "geometry": {"type": "Point", "coordinates": [-7.8238, 43.326]}, "properties": {"id": "fcf47a5cd98c", "ine": "27021", "first_utc": "2026-07-04T03:45:00Z", "last_utc": "2026-07-04T03:45:00Z", "detections": 1, "frp_max_mw": 1.0, "frp_total_mw": 1.0, "pixel_area_ha": 14.1, "status": "out", "fire_class": "forest", "municipality": "Xermade", "province": "Lugo", "region": "Galicia", "muni_dist_km": 5.76}}, {"type": "Feature", "geometry": {"type": "Point", "coordinates": [-8.6269, 42.4822]}, "properties": {"id": "5f624c54dacc", "ine": "36002", "first_utc": "2026-07-06T01:26:00Z", "last_utc": "2026-07-06T01:26:00Z", "detections": 2, "frp_max_mw": 1.0, "frp_total_mw": 1.9, "pixel_area_ha": 14.1, "status": "out", "fire_class": "forest", "municipality": "Barro", "province": "Pontevedra", "region": "Galicia", "muni_dist_km": 4.96}}, {"type": "Feature", "geometry": {"type": "Point", "coordinates": [-3.476, 40.2432]}, "properties": {"id": "879478631086", "ine": "28091", "first_utc": "2026-07-06T02:11:00Z", "last_utc": "2026-07-06T02:11:00Z", "detections": 1, "frp_max_mw": 1.0, "frp_total_mw": 1.0, "pixel_area_ha": 14.1, "status": "out", "fire_class": "forest", "municipality": "Morata de Tajuña", "province": "Madrid", "region": "Comunidad de Madrid", "muni_dist_km": 2.73}}, {"type": "Feature", "geometry": {"type": "Point", "coordinates": [-6.3172, 39.9695]}, "properties": {"id": "f837edf942fc", "ine": "10903", "first_utc": "2026-07-07T01:54:00Z", "last_utc": "2026-07-07T02:47:00Z", "detections": 3, "frp_max_mw": 1.0, "frp_total_mw": 2.6, "pixel_area_ha": 28.1, "status": "out", "fire_class": "forest", "municipality": "Alagón del Río", "province": "Cáceres", "region": "Extremadura", "muni_dist_km": 0.33}}, {"type": "Feature", "geometry": {"type": "Point", "coordinates": [-4.3316, 36.7137]}, "properties": {"id": "bef6c5647f8b", "ine": "29082", "first_utc": "2026-07-10T02:38:00Z", "last_utc": "2026-07-11T02:19:00Z", "detections": 2, "frp_max_mw": 1.0, "frp_total_mw": 1.9, "pixel_area_ha": 28.1, "status": "out", "fire_class": "forest", "municipality": "Rincón de la Victoria", "province": "Málaga", "region": "Andalucía", "muni_dist_km": 5.79}}, {"type": "Feature", "geometry": {"type": "Point", "coordinates": [-4.6991, 37.0982]}, "properties": {"id": "bea116afee91", "ine": "29059", "first_utc": "2026-07-11T02:19:00Z", "last_utc": "2026-07-11T02:19:00Z", "detections": 1, "frp_max_mw": 1.0, "frp_total_mw": 1.0, "pixel_area_ha": 14.1, "status": "out", "fire_class": "forest", "municipality": "Humilladero", "province": "Málaga", "region": "Andalucía", "muni_dist_km": 4.18}}, {"type": "Feature", "geometry": {"type": "Point", "coordinates": [-5.0559, 43.1816]}, "properties": {"id": "840bd66dc786", "ine": "24106", "first_utc": "2026-07-12T02:00:00Z", "last_utc": "2026-07-12T02:00:00Z", "detections": 1, "frp_max_mw": 1.0, "frp_total_mw": 1.0, "pixel_area_ha": 14.1, "status": "out", "fire_class": "forest", "municipality": "Oseja de Sajambre", "province": "León", "region": "Castilla y León", "muni_dist_km": 5.15}}, {"type": "Feature", "geometry": {"type": "Point", "coordinates": [-3.0055, 43.3158]}, "properties": {"id": "d741e340e368", "ine": "48084", "first_utc": "2026-07-17T02:06:00Z", "last_utc": "2026-07-17T02:06:00Z", "detections": 1, "frp_max_mw": 1.0, "frp_total_mw": 1.0, "pixel_area_ha": 14.1, "status": "out", "fire_class": "forest", "municipality": "Sestao", "province": "Bizkaia", "region": "País Vasco", "muni_dist_km": 0.99}}, {"type": "Feature", "geometry": {"type": "Point", "coordinates": [-5.8615, 43.5545]}, "properties": {"id": "833a18830c2b", "ine": "33020", "first_utc": "2026-07-19T02:04:00Z", "last_utc": "2026-07-19T02:04:00Z", "detections": 1, "frp_max_mw": 1.0, "frp_total_mw": 1.0, "pixel_area_ha": 14.1, "status": "out", "fire_class": "forest", "municipality": "Corvera de Asturias", "province": "Asturias", "region": "Principado de Asturias", "muni_dist_km": 4.54}}, {"type": "Feature", "geometry": {"type": "Point", "coordinates": [1.9799, 41.4552]}, "properties": {"id": "9de1119a0a91", "ine": "08196", "first_utc": "2026-07-19T02:04:00Z", "last_utc": "2026-07-20T02:04:00Z", "detections": 2, "frp_max_mw": 1.0, "frp_total_mw": 1.8, "pixel_area_ha": 14.1, "status": "out", "fire_class": "forest", "municipality": "Sant Andreu de la Barca", "province": "Barcelona", "region": "Cataluña", "muni_dist_km": 1.38}}, {"type": "Feature", "geometry": {"type": "Point", "coordinates": [2.0005, 41.4067]}, "properties": {"id": "ab5ece133725", "ine": "08263", "first_utc": "2026-07-23T01:54:00Z", "last_utc": "2026-07-23T01:54:00Z", "detections": 1, "frp_max_mw": 1.0, "frp_total_mw": 1.0, "pixel_area_ha": 14.1, "status": "out", "fire_class": "forest", "municipality": "Sant Vicenç dels Horts", "province": "Barcelona", "region": "Cataluña", "muni_dist_km": 1.81}}, {"type": "Feature", "geometry": {"type": "Point", "coordinates": [-2.9982, 43.0817]}, "properties": {"id": "f0a7fb5e1e02", "ine": "01036", "first_utc": "2026-07-23T02:28:00Z", "last_utc": "2026-07-23T02:28:00Z", "detections": 1, "frp_max_mw": 1.0, "frp_total_mw": 1.0, "pixel_area_ha": 14.1, "status": "out", "fire_class": "forest", "municipality": "Laudio/Llodio", "province": "Araba/Álava", "region": "País Vasco", "muni_dist_km": 6.53}}, {"type": "Feature", "geometry": {"type": "Point", "coordinates": [-3.7275, 39.9351]}, "properties": {"id": "3c652f8d7f13", "ine": "45202", "first_utc": "2026-07-27T01:13:00Z", "last_utc": "2026-07-27T01:13:00Z", "detections": 1, "frp_max_mw": 1.0, "frp_total_mw": 1.0, "pixel_area_ha": 14.1, "status": "dying_down", "fire_class": "forest", "municipality": "Yepes", "province": "Toledo", "region": "Castilla-La Mancha", "muni_dist_km": 4.2}}, {"type": "Feature", "geometry": {"type": "Point", "coordinates": [-1.4875, 41.4751]}, "properties": {"id": "596932e76d40", "ine": "50093", "first_utc": "2026-07-27T02:17:00Z", "last_utc": "2026-07-28T02:36:00Z", "detections": 4, "frp_max_mw": 1.0, "frp_total_mw": 2.4, "pixel_area_ha": 42.2, "status": "active", "fire_class": "forest", "municipality": "Chodes", "province": "Zaragoza", "region": "Aragón", "muni_dist_km": 0.83}}, {"type": "Feature", "geometry": {"type": "Point", "coordinates": [-6.7698, 42.5527]}, "properties": {"id": "ad95c93431c8", "ine": "24206", "first_utc": "2026-06-01T01:28:00Z", "last_utc": "2026-06-01T02:21:00Z", "detections": 2, "frp_max_mw": 0.9, "frp_total_mw": 1.6, "pixel_area_ha": 28.1, "status": "out", "fire_class": "forest", "municipality": "Toral de los Vados", "province": "León", "region": "Castilla y León", "muni_dist_km": 0.41}}, {"type": "Feature", "geometry": {"type": "Point", "coordinates": [-4.8696, 37.3343]}, "properties": {"id": "de2f3e51126c", "ine": "41041", "first_utc": "2026-06-01T02:21:00Z", "last_utc": "2026-06-01T02:21:00Z", "detections": 1, "frp_max_mw": 0.9, "frp_total_mw": 0.9, "pixel_area_ha": 14.1, "status": "out", "fire_class": "forest", "municipality": "Estepa", "province": "Sevilla", "region": "Andalucía", "muni_dist_km": 3.55}}, {"type": "Feature", "geometry": {"type": "Point", "coordinates": [-3.8428, 43.4421]}, "properties": {"id": "bc9a7a63062a", "ine": "39075", "first_utc": "2026-06-01T02:19:00Z", "last_utc": "2026-06-01T03:08:00Z", "detections": 2, "frp_max_mw": 0.9, "frp_total_mw": 1.6, "pixel_area_ha": 14.1, "status": "out", "fire_class": "forest", "municipality": "Santander", "province": "Cantabria", "region": "Cantabria", "muni_dist_km": 2.54}}, {"type": "Feature", "geometry": {"type": "Point", "coordinates": [-8.4471, 43.3529]}, "properties": {"id": "cafa5d1e5cfc", "ine": "15030", "first_utc": "2026-06-01T02:21:00Z", "last_utc": "2026-06-01T03:08:00Z", "detections": 2, "frp_max_mw": 0.9, "frp_total_mw": 1.6, "pixel_area_ha": 28.1, "status": "out", "fire_class": "forest", "municipality": "A Coruña", "province": "A Coruña", "region": "Galicia", "muni_dist_km": 2.13}}, {"type": "Feature", "geometry": {"type": "Point", "coordinates": [-0.2488, 39.6631]}, "properties": {"id": "33e06b0a49df", "ine": "46082", "first_utc": "2026-06-01T01:28:00Z", "last_utc": "2026-06-02T01:09:00Z", "detections": 2, "frp_max_mw": 0.9, "frp_total_mw": 1.7, "pixel_area_ha": 14.1, "status": "out", "fire_class": "forest", "municipality": "Canet d'En Berenguer", "province": "València/Valencia", "region": "Comunitat Valenciana", "muni_dist_km": 3.36}}, {"type": "Feature", "geometry": {"type": "Point", "coordinates": [-5.5117, 36.8862]}, "properties": {"id": "a8bb223b7021", "ine": "11005", "first_utc": "2026-06-03T01:26:00Z", "last_utc": "2026-06-03T03:06:00Z", "detections": 2, "frp_max_mw": 0.9, "frp_total_mw": 1.5, "pixel_area_ha": 14.1, "status": "out", "fire_class": "forest", "municipality": "Algodonales", "province": "Cádiz", "region": "Andalucía", "muni_dist_km": 6.89}}, {"type": "Feature", "geometry": {"type": "Point", "coordinates": [-4.1222, 38.6827]}, "properties": {"id": "d46be280f718", "ine": "13071", "first_utc": "2026-06-04T01:26:00Z", "last_utc": "2026-06-04T01:26:00Z", "detections": 1, "frp_max_mw": 0.9, "frp_total_mw": 0.9, "pixel_area_ha": 14.1, "status": "out", "fire_class": "forest", "municipality": "Puertollano", "province": "Ciudad Real", "region": "Castilla-La Mancha", "muni_dist_km": 6.51}}, {"type": "Feature", "geometry": {"type": "Point", "coordinates": [-6.6727, 37.3595]}, "properties": {"id": "f1f2d88ef8db", "ine": "21077", "first_utc": "2026-06-05T01:56:00Z", "last_utc": "2026-06-05T01:56:00Z", "detections": 1, "frp_max_mw": 0.9, "frp_total_mw": 0.9, "pixel_area_ha": 14.1, "status": "out", "fire_class": "forest", "municipality": "Villarrasa", "province": "Huelva", "region": "Andalucía", "muni_dist_km": 6.04}}, {"type": "Feature", "geometry": {"type": "Point", "coordinates": [-6.74, 37.2819]}, "properties": {"id": "e24a170f8dd1", "ine": "21046", "first_utc": "2026-06-06T02:11:00Z", "last_utc": "2026-06-06T02:11:00Z", "detections": 2, "frp_max_mw": 0.9, "frp_total_mw": 1.9, "pixel_area_ha": 28.1, "status": "out", "fire_class": "forest", "municipality": "Lucena del Puerto", "province": "Huelva", "region": "Andalucía", "muni_dist_km": 3.37}}, {"type": "Feature", "geometry": {"type": "Point", "coordinates": [-5.8671, 37.3574]}, "properties": {"id": "0fa33181e0a7", "ine": "41091", "first_utc": "2026-06-07T02:58:00Z", "last_utc": "2026-06-07T02:58:00Z", "detections": 1, "frp_max_mw": 0.9, "frp_total_mw": 0.9, "pixel_area_ha": 14.1, "status": "out", "fire_class": "forest", "municipality": "Sevilla", "province": "Sevilla", "region": "Andalucía", "muni_dist_km": 8.8}}, {"type": "Feature", "geometry": {"type": "Point", "coordinates": [-8.4352, 43.3466]}, "properties": {"id": "91ff5bb9783b", "ine": "15030", "first_utc": "2026-06-08T02:38:00Z", "last_utc": "2026-06-08T02:38:00Z", "detections": 1, "frp_max_mw": 0.9, "frp_total_mw": 0.9, "pixel_area_ha": 14.1, "status": "out", "fire_class": "forest", "municipality": "A Coruña", "province": "A Coruña", "region": "Galicia", "muni_dist_km": 1.05}}, {"type": "Feature", "geometry": {"type": "Point", "coordinates": [-4.4886, 39.9502]}, "properties": {"id": "3a93ff3b5722", "ine": "45060", "first_utc": "2026-06-09T01:13:00Z", "last_utc": "2026-06-09T02:19:00Z", "detections": 3, "frp_max_mw": 0.9, "frp_total_mw": 2.2, "pixel_area_ha": 42.2, "status": "out", "fire_class": "forest", "municipality": "Erustes", "province": "Toledo", "region": "Castilla-La Mancha", "muni_dist_km": 0.78}}, {"type": "Feature", "geometry": {"type": "Point", "coordinates": [-6.4817, 38.3791]}, "properties": {"id": "9755b86299a2", "ine": "06008", "first_utc": "2026-06-09T02:19:00Z", "last_utc": "2026-06-09T02:19:00Z", "detections": 1, "frp_max_mw": 0.9, "frp_total_mw": 0.9, "pixel_area_ha": 14.1, "status": "out", "fire_class": "forest", "municipality": "Alconera", "province": "Badajoz", "region": "Extremadura", "muni_dist_km": 2.33}}, {"type": "Feature", "geometry": {"type": "Point", "coordinates": [-2.2189, 43.0378]}, "properties": {"id": "f0cae7fb7f53", "ine": "20058", "first_utc": "2026-06-12T01:22:00Z", "last_utc": "2026-06-13T01:56:00Z", "detections": 7, "frp_max_mw": 0.9, "frp_total_mw": 5.0, "pixel_area_ha": 56.2, "status": "out", "fire_class": "forest", "municipality": "Olaberria", "province": "Gipuzkoa", "region": "País Vasco", "muni_dist_km": 1.43}}, {"type": "Feature", "geometry": {"type": "Point", "coordinates": [-3.0019, 43.3155]}, "properties": {"id": "a3ccca732829", "ine": "48084", "first_utc": "2026-06-13T01:56:00Z", "last_utc": "2026-06-13T01:56:00Z", "detections": 1, "frp_max_mw": 0.9, "frp_total_mw": 0.9, "pixel_area_ha": 14.1, "status": "out", "fire_class": "forest", "municipality": "Sestao", "province": "Bizkaia", "region": "País Vasco", "muni_dist_km": 0.83}}, {"type": "Feature", "geometry": {"type": "Point", "coordinates": [-3.0275, 43.3066]}, "properties": {"id": "2ea8d6d2a2ea", "ine": "48078", "first_utc": "2026-06-14T01:17:00Z", "last_utc": "2026-06-14T01:17:00Z", "detections": 1, "frp_max_mw": 0.9, "frp_total_mw": 0.9, "pixel_area_ha": 14.1, "status": "out", "fire_class": "forest", "municipality": "Portugalete", "province": "Bizkaia", "region": "País Vasco", "muni_dist_km": 1.16}}, {"type": "Feature", "geometry": {"type": "Point", "coordinates": [-5.6307, 36.9917]}, "properties": {"id": "5d9a40e88619", "ine": "41036", "first_utc": "2026-06-14T01:41:00Z", "last_utc": "2026-06-14T01:41:00Z", "detections": 1, "frp_max_mw": 0.9, "frp_total_mw": 0.9, "pixel_area_ha": 14.1, "status": "out", "fire_class": "forest", "municipality": "El Coronil", "province": "Sevilla", "region": "Andalucía", "muni_dist_km": 3.99}}, {"type": "Feature", "geometry": {"type": "Point", "coordinates": [-6.5283, 38.8466]}, "properties": {"id": "bfe68c83fe42", "ine": "06012", "first_utc": "2026-06-14T03:00:00Z", "last_utc": "2026-06-14T03:00:00Z", "detections": 1, "frp_max_mw": 0.9, "frp_total_mw": 0.9, "pixel_area_ha": 14.1, "status": "out", "fire_class": "forest", "municipality": "Arroyo de San Serván", "province": "Badajoz", "region": "Extremadura", "muni_dist_km": 6.57}}, {"type": "Feature", "geometry": {"type": "Point", "coordinates": [2.1839, 41.4735]}, "properties": {"id": "c83a6ded9f84", "ine": "08125", "first_utc": "2026-06-16T01:45:00Z", "last_utc": "2026-06-16T01:45:00Z", "detections": 1, "frp_max_mw": 0.9, "frp_total_mw": 0.9, "pixel_area_ha": 14.1, "status": "out", "fire_class": "urban", "municipality": "Montcada i Reixac", "province": "Barcelona", "region": "Cataluña", "muni_dist_km": 1.77}}, {"type": "Feature", "geometry": {"type": "Point", "coordinates": [-6.7202, 38.3196]}, "properties": {"id": "7998d873c22e", "ine": "06070", "first_utc": "2026-06-17T02:21:00Z", "last_utc": "2026-06-17T03:10:00Z", "detections": 2, "frp_max_mw": 0.9, "frp_total_mw": 1.5, "pixel_area_ha": 28.1, "status": "out", "fire_class": "forest", "municipality": "Jerez de los Caballeros", "province": "Badajoz", "region": "Extremadura", "muni_dist_km": 6.92}}, {"type": "Feature", "geometry": {"type": "Point", "coordinates": [-2.5382, 41.0913]}, "properties": {"id": "e33c041c0421", "ine": "19116", "first_utc": "2026-06-18T01:43:00Z", "last_utc": "2026-06-18T01:43:00Z", "detections": 1, "frp_max_mw": 0.9, "frp_total_mw": 0.9, "pixel_area_ha": 14.1, "status": "out", "fire_class": "forest", "municipality": "Estriégana", "province": "Guadalajara", "region": "Castilla-La Mancha", "muni_dist_km": 3.11}}, {"type": "Feature", "geometry": {"type": "Point", "coordinates": [-1.7415, 42.8134]}, "properties": {"id": "6c0b0ad61781", "ine": "31193", "first_utc": "2026-06-18T02:02:00Z", "last_utc": "2026-06-18T02:02:00Z", "detections": 1, "frp_max_mw": 0.9, "frp_total_mw": 0.9, "pixel_area_ha": 14.1, "status": "out", "fire_class": "forest", "municipality": "Cendea de Olza/Oltza Zendea", "province": "Navarra", "region": "Comunidad Foral de Navarra", "muni_dist_km": 2.15}}, {"type": "Feature", "geometry": {"type": "Point", "coordinates": [1.9986, 41.408]}, "properties": {"id": "45e141813813", "ine": "08157", "first_utc": "2026-06-18T02:49:00Z", "last_utc": "2026-06-18T02:49:00Z", "detections": 1, "frp_max_mw": 0.9, "frp_total_mw": 0.9, "pixel_area_ha": 14.1, "status": "out", "fire_class": "urban", "municipality": "Pallejà", "province": "Barcelona", "region": "Cataluña", "muni_dist_km": 1.86}}, {"type": "Feature", "geometry": {"type": "Point", "coordinates": [-3.8413, 43.4413]}, "properties": {"id": "f795938ce371", "ine": "39075", "first_utc": "2026-06-18T02:49:00Z", "last_utc": "2026-06-18T02:49:00Z", "detections": 1, "frp_max_mw": 0.9, "frp_total_mw": 0.9, "pixel_area_ha": 14.1, "status": "out", "fire_class": "forest", "municipality": "Santander", "province": "Cantabria", "region": "Cantabria", "muni_dist_km": 2.61}}, {"type": "Feature", "geometry": {"type": "Point", "coordinates": [-4.3296, 36.7133]}, "properties": {"id": "611e231f9d72", "ine": "29082", "first_utc": "2026-06-20T02:13:00Z", "last_utc": "2026-06-20T02:13:00Z", "detections": 1, "frp_max_mw": 0.9, "frp_total_mw": 0.9, "pixel_area_ha": 14.1, "status": "out", "fire_class": "forest", "municipality": "Rincón de la Victoria", "province": "Málaga", "region": "Andalucía", "muni_dist_km": 5.64}}, {"type": "Feature", "geometry": {"type": "Point", "coordinates": [-8.435, 43.3464]}, "properties": {"id": "95d3b571439d", "ine": "15030", "first_utc": "2026-06-21T02:45:00Z", "last_utc": "2026-06-21T02:45:00Z", "detections": 2, "frp_max_mw": 0.9, "frp_total_mw": 1.6, "pixel_area_ha": 28.1, "status": "out", "fire_class": "forest", "municipality": "A Coruña", "province": "A Coruña", "region": "Galicia", "muni_dist_km": 0.89}}, {"type": "Feature", "geometry": {"type": "Point", "coordinates": [1.8882, 42.3835]}, "properties": {"id": "01438748c0c1", "ine": "17069", "first_utc": "2026-06-24T00:56:00Z", "last_utc": "2026-06-24T00:56:00Z", "detections": 2, "frp_max_mw": 0.9, "frp_total_mw": 1.6, "pixel_area_ha": 28.1, "status": "out", "fire_class": "urban", "municipality": "Fontanals de Cerdanya", "province": "Girona", "region": "Cataluña", "muni_dist_km": 2.57}}, {"type": "Feature", "geometry": {"type": "Point", "coordinates": [-3.7891, 43.4164]}, "properties": {"id": "169d502d8356", "ine": "39040", "first_utc": "2026-06-24T01:49:00Z", "last_utc": "2026-06-24T01:49:00Z", "detections": 1, "frp_max_mw": 0.9, "frp_total_mw": 0.9, "pixel_area_ha": 14.1, "status": "out", "fire_class": "forest", "municipality": "Marina de Cudeyo", "province": "Cantabria", "region": "Cantabria", "muni_dist_km": 2.54}}, {"type": "Feature", "geometry": {"type": "Point", "coordinates": [-5.726, 43.5613]}, "properties": {"id": "2fc642d4e7c6", "ine": "33014", "first_utc": "2026-06-24T01:49:00Z", "last_utc": "2026-06-24T01:49:00Z", "detections": 1, "frp_max_mw": 0.9, "frp_total_mw": 0.9, "pixel_area_ha": 14.1, "status": "out", "fire_class": "forest", "municipality": "Carreño", "province": "Asturias", "region": "Principado de Asturias", "muni_dist_km": 5.4}}, {"type": "Feature", "geometry": {"type": "Point", "coordinates": [-1.0836, 37.8224]}, "properties": {"id": "feb8f7241ce5", "ine": "30030", "first_utc": "2026-06-24T00:58:00Z", "last_utc": "2026-06-24T01:52:00Z", "detections": 2, "frp_max_mw": 0.9, "frp_total_mw": 1.4, "pixel_area_ha": 28.1, "status": "out", "fire_class": "forest", "municipality": "Murcia", "province": "Murcia", "region": "Región de Murcia", "muni_dist_km": 11.21}}, {"type": "Feature", "geometry": {"type": "Point", "coordinates": [-1.1663, 37.7261]}, "properties": {"id": "b4366a8e4858", "ine": "30021", "first_utc": "2026-06-24T01:52:00Z", "last_utc": "2026-06-24T01:52:00Z", "detections": 1, "frp_max_mw": 0.9, "frp_total_mw": 0.9, "pixel_area_ha": 14.1, "status": "out", "fire_class": "forest", "municipality": "Fuente Álamo de Murcia", "province": "Murcia", "region": "Región de Murcia", "muni_dist_km": 4.25}}, {"type": "Feature", "geometry": {"type": "Point", "coordinates": [-8.1603, 42.9338]}, "properties": {"id": "24234eb153e1", "ine": "15006", "first_utc": "2026-06-24T02:38:00Z", "last_utc": "2026-06-24T02:38:00Z", "detections": 1, "frp_max_mw": 0.9, "frp_total_mw": 0.9, "pixel_area_ha": 14.1, "status": "out", "fire_class": "forest", "municipality": "Arzúa", "province": "A Coruña", "region": "Galicia", "muni_dist_km": 1.96}}, {"type": "Feature", "geometry": {"type": "Point", "coordinates": [-13.8781, 28.435]}, "properties": {"id": "1b29c2cccebb", "ine": "35003", "first_utc": "2026-06-24T01:54:00Z", "last_utc": "2026-06-24T02:43:00Z", "detections": 2, "frp_max_mw": 0.9, "frp_total_mw": 1.7, "pixel_area_ha": 28.1, "status": "out", "fire_class": "forest", "municipality": "Antigua", "province": "Las Palmas", "region": "Canarias", "muni_dist_km": 9.38}}, {"type": "Feature", "geometry": {"type": "Point", "coordinates": [-13.885, 28.7239]}, "properties": {"id": "441bcecc23d1", "ine": "35014", "first_utc": "2026-06-24T01:54:00Z", "last_utc": "2026-06-24T02:43:00Z", "detections": 2, "frp_max_mw": 0.9, "frp_total_mw": 1.5, "pixel_area_ha": 28.1, "status": "out", "fire_class": "forest", "municipality": "La Oliva", "province": "Las Palmas", "region": "Canarias", "muni_dist_km": 8.79}}, {"type": "Feature", "geometry": {"type": "Point", "coordinates": [-0.248, 39.6623]}, "properties": {"id": "599edda27a1c", "ine": "46082", "first_utc": "2026-06-28T01:58:00Z", "last_utc": "2026-06-29T01:05:00Z", "detections": 3, "frp_max_mw": 0.9, "frp_total_mw": 2.6, "pixel_area_ha": 28.1, "status": "out", "fire_class": "forest", "municipality": "Canet d'En Berenguer", "province": "València/Valencia", "region": "Comunitat Valenciana", "muni_dist_km": 3.38}}, {"type": "Feature", "geometry": {"type": "Point", "coordinates": [0.456, 41.512]}, "properties": {"id": "7f6d90222eff", "ine": "25210", "first_utc": "2026-06-30T02:24:00Z", "last_utc": "2026-06-30T02:24:00Z", "detections": 1, "frp_max_mw": 0.9, "frp_total_mw": 0.9, "pixel_area_ha": 14.1, "status": "out", "fire_class": "forest", "municipality": "Soses", "province": "Lleida", "region": "Cataluña", "muni_dist_km": 3.16}}, {"type": "Feature", "geometry": {"type": "Point", "coordinates": [-5.8641, 37.3603]}, "properties": {"id": "ea2a8b5e4faa", "ine": "41091", "first_utc": "2026-06-30T02:26:00Z", "last_utc": "2026-06-30T02:26:00Z", "detections": 1, "frp_max_mw": 0.9, "frp_total_mw": 0.9, "pixel_area_ha": 14.1, "status": "out", "fire_class": "forest", "municipality": "Sevilla", "province": "Sevilla", "region": "Andalucía", "muni_dist_km": 8.9}}, {"type": "Feature", "geometry": {"type": "Point", "coordinates": [-1.9621, 42.3941]}, "properties": {"id": "f555c0172691", "ine": "31015", "first_utc": "2026-07-03T01:28:00Z", "last_utc": "2026-07-03T01:28:00Z", "detections": 1, "frp_max_mw": 0.9, "frp_total_mw": 0.9, "pixel_area_ha": 14.1, "status": "out", "fire_class": "forest", "municipality": "Andosilla", "province": "Navarra", "region": "Comunidad Foral de Navarra", "muni_dist_km": 1.72}}, {"type": "Feature", "geometry": {"type": "Point", "coordinates": [-6.6749, 37.3592]}, "properties": {"id": "2bbd3df88641", "ine": "21077", "first_utc": "2026-07-03T01:30:00Z", "last_utc": "2026-07-03T01:30:00Z", "detections": 1, "frp_max_mw": 0.9, "frp_total_mw": 0.9, "pixel_area_ha": 14.1, "status": "out", "fire_class": "forest", "municipality": "Villarrasa", "province": "Huelva", "region": "Andalucía", "muni_dist_km": 6.2}}, {"type": "Feature", "geometry": {"type": "Point", "coordinates": [-1.6275, 42.7322]}, "properties": {"id": "63847d90be96", "ine": "31905", "first_utc": "2026-07-06T02:11:00Z", "last_utc": "2026-07-06T02:11:00Z", "detections": 1, "frp_max_mw": 0.9, "frp_total_mw": 0.9, "pixel_area_ha": 14.1, "status": "out", "fire_class": "forest", "municipality": "Beriáin", "province": "Navarra", "region": "Comunidad Foral de Navarra", "muni_dist_km": 1.33}}, {"type": "Feature", "geometry": {"type": "Point", "coordinates": [-6.1327, 37.332]}, "properties": {"id": "7aa15c2c8ae2", "ine": "41016", "first_utc": "2026-07-06T02:13:00Z", "last_utc": "2026-07-06T02:13:00Z", "detections": 1, "frp_max_mw": 0.9, "frp_total_mw": 0.9, "pixel_area_ha": 14.1, "status": "out", "fire_class": "forest", "municipality": "Bollullos de la Mitación", "province": "Sevilla", "region": "Andalucía", "muni_dist_km": 2.59}}, {"type": "Feature", "geometry": {"type": "Point", "coordinates": [-6.6745, 37.361]}, "properties": {"id": "d2c3004250a4", "ine": "21077", "first_utc": "2026-07-06T01:28:00Z", "last_utc": "2026-07-07T01:54:00Z", "detections": 4, "frp_max_mw": 0.9, "frp_total_mw": 3.0, "pixel_area_ha": 14.1, "status": "out", "fire_class": "forest", "municipality": "Villarrasa", "province": "Huelva", "region": "Andalucía", "muni_dist_km": 5.91}}, {"type": "Feature", "geometry": {"type": "Point", "coordinates": [-1.3104, 38.1111]}, "properties": {"id": "6c21a1eaaf13", "ine": "30009", "first_utc": "2026-07-09T01:15:00Z", "last_utc": "2026-07-09T01:15:00Z", "detections": 1, "frp_max_mw": 0.9, "frp_total_mw": 0.9, "pixel_area_ha": 14.1, "status": "out", "fire_class": "forest", "municipality": "Archena", "province": "Murcia", "region": "Región de Murcia", "muni_dist_km": 1.33}}, {"type": "Feature", "geometry": {"type": "Point", "coordinates": [-6.4839, 38.3793]}, "properties": {"id": "45231a9f345e", "ine": "06008", "first_utc": "2026-07-11T02:19:00Z", "last_utc": "2026-07-11T02:19:00Z", "detections": 1, "frp_max_mw": 0.9, "frp_total_mw": 0.9, "pixel_area_ha": 14.1, "status": "out", "fire_class": "forest", "municipality": "Alconera", "province": "Badajoz", "region": "Extremadura", "muni_dist_km": 2.35}}, {"type": "Feature", "geometry": {"type": "Point", "coordinates": [0.5407, 40.5789]}, "properties": {"id": "4d2419005953", "ine": "43004", "first_utc": "2026-07-12T01:13:00Z", "last_utc": "2026-07-12T01:13:00Z", "detections": 1, "frp_max_mw": 0.9, "frp_total_mw": 0.9, "pixel_area_ha": 14.1, "status": "out", "fire_class": "forest", "municipality": "Alcanar", "province": "Tarragona", "region": "Cataluña", "muni_dist_km": 1.82}}, {"type": "Feature", "geometry": {"type": "Point", "coordinates": [-4.3305, 36.7141]}, "properties": {"id": "63f0fda6926e", "ine": "29082", "first_utc": "2026-07-13T02:36:00Z", "last_utc": "2026-07-13T02:36:00Z", "detections": 1, "frp_max_mw": 0.9, "frp_total_mw": 0.9, "pixel_area_ha": 14.1, "status": "out", "fire_class": "forest", "municipality": "Rincón de la Victoria", "province": "Málaga", "region": "Andalucía", "muni_dist_km": 5.68}}, {"type": "Feature", "geometry": {"type": "Point", "coordinates": [-5.3524, 43.1388]}, "properties": {"id": "78a061364f28", "ine": "33015", "first_utc": "2026-07-16T01:39:00Z", "last_utc": "2026-07-16T01:39:00Z", "detections": 1, "frp_max_mw": 0.9, "frp_total_mw": 0.9, "pixel_area_ha": 14.1, "status": "out", "fire_class": "forest", "municipality": "Caso", "province": "Asturias", "region": "Principado de Asturias", "muni_dist_km": 3.04}}, {"type": "Feature", "geometry": {"type": "Point", "coordinates": [-5.5698, 38.478]}, "properties": {"id": "505f96bab34e", "ine": "06101", "first_utc": "2026-07-16T03:19:00Z", "last_utc": "2026-07-16T03:19:00Z", "detections": 1, "frp_max_mw": 0.9, "frp_total_mw": 0.9, "pixel_area_ha": 14.1, "status": "out", "fire_class": "forest", "municipality": "Peraleda del Zaucejo", "province": "Badajoz", "region": "Extremadura", "muni_dist_km": 2.45}}, {"type": "Feature", "geometry": {"type": "Point", "coordinates": [-3.8458, 43.4414]}, "properties": {"id": "95fec6aafea3", "ine": "39075", "first_utc": "2026-07-18T01:45:00Z", "last_utc": "2026-07-18T02:21:00Z", "detections": 2, "frp_max_mw": 0.9, "frp_total_mw": 1.4, "pixel_area_ha": 28.1, "status": "out", "fire_class": "forest", "municipality": "Santander", "province": "Cantabria", "region": "Cantabria", "muni_dist_km": 2.65}}, {"type": "Feature", "geometry": {"type": "Point", "coordinates": [2.1272, 41.5634]}, "properties": {"id": "79765b84c442", "ine": "08167", "first_utc": "2026-07-20T01:09:00Z", "last_utc": "2026-07-20T01:09:00Z", "detections": 1, "frp_max_mw": 0.9, "frp_total_mw": 0.9, "pixel_area_ha": 14.1, "status": "out", "fire_class": "forest", "municipality": "Polinyà", "province": "Barcelona", "region": "Cataluña", "muni_dist_km": 2.16}}, {"type": "Feature", "geometry": {"type": "Point", "coordinates": [1.9996, 41.4049]}, "properties": {"id": "7237a743b41f", "ine": "08263", "first_utc": "2026-07-20T02:04:00Z", "last_utc": "2026-07-20T02:04:00Z", "detections": 1, "frp_max_mw": 0.9, "frp_total_mw": 0.9, "pixel_area_ha": 14.1, "status": "out", "fire_class": "agricultural", "municipality": "Sant Vicenç dels Horts", "province": "Barcelona", "region": "Cataluña", "muni_dist_km": 1.62}}, {"type": "Feature", "geometry": {"type": "Point", "coordinates": [-2.9954, 43.0798]}, "properties": {"id": "dcbdc52977c9", "ine": "01002", "first_utc": "2026-07-20T02:49:00Z", "last_utc": "2026-07-20T02:49:00Z", "detections": 1, "frp_max_mw": 0.9, "frp_total_mw": 0.9, "pixel_area_ha": 14.1, "status": "out", "fire_class": "forest", "municipality": "Amurrio", "province": "Araba/Álava", "region": "País Vasco", "muni_dist_km": 6.32}}, {"type": "Feature", "geometry": {"type": "Point", "coordinates": [-8.5683, 42.2832]}, "properties": {"id": "75dcda2c93e1", "ine": "36037", "first_utc": "2026-07-23T03:34:00Z", "last_utc": "2026-07-23T03:34:00Z", "detections": 1, "frp_max_mw": 0.9, "frp_total_mw": 0.9, "pixel_area_ha": 14.1, "status": "out", "fire_class": "forest", "official_area_ha": 8722.0, "perimeter_id": "11472", "municipality": "Pazos de Borbén", "province": "Pontevedra", "region": "Galicia", "muni_dist_km": 2.71}}, {"type": "Feature", "geometry": {"type": "Point", "coordinates": [-5.4243, 36.1773]}, "properties": {"id": "358ab034fcee", "ine": "11022", "first_utc": "2026-07-24T02:11:00Z", "last_utc": "2026-07-24T02:11:00Z", "detections": 1, "frp_max_mw": 0.9, "frp_total_mw": 0.9, "pixel_area_ha": 14.1, "status": "out", "fire_class": "forest", "municipality": "La Línea de la Concepción", "province": "Cádiz", "region": "Andalucía", "muni_dist_km": 7.92}}, {"type": "Feature", "geometry": {"type": "Point", "coordinates": [-3.8442, 43.4424]}, "properties": {"id": "26ce8f9991a3", "ine": "39075", "first_utc": "2026-07-23T02:28:00Z", "last_utc": "2026-07-25T02:11:00Z", "detections": 4, "frp_max_mw": 0.9, "frp_total_mw": 2.9, "pixel_area_ha": 28.1, "status": "out", "fire_class": "forest", "municipality": "Santander", "province": "Cantabria", "region": "Cantabria", "muni_dist_km": 2.32}}, {"type": "Feature", "geometry": {"type": "Point", "coordinates": [-3.8372, 43.4127]}, "properties": {"id": "f64281d32e7d", "ine": "39008", "first_utc": "2026-07-25T02:11:00Z", "last_utc": "2026-07-25T02:11:00Z", "detections": 1, "frp_max_mw": 0.9, "frp_total_mw": 0.9, "pixel_area_ha": 14.1, "status": "out", "fire_class": "forest", "municipality": "El Astillero", "province": "Cantabria", "region": "Cantabria", "muni_dist_km": 1.5}}, {"type": "Feature", "geometry": {"type": "Point", "coordinates": [-1.7429, 42.8148]}, "properties": {"id": "93ce82c2ef25", "ine": "31193", "first_utc": "2026-07-25T02:11:00Z", "last_utc": "2026-07-25T02:11:00Z", "detections": 1, "frp_max_mw": 0.9, "frp_total_mw": 0.9, "pixel_area_ha": 14.1, "status": "out", "fire_class": "forest", "municipality": "Cendea de Olza/Oltza Zendea", "province": "Navarra", "region": "Comunidad Foral de Navarra", "muni_dist_km": 1.98}}, {"type": "Feature", "geometry": {"type": "Point", "coordinates": [-4.2872, 37.2904]}, "properties": {"id": "dd94ccda4289", "ine": "14037", "first_utc": "2026-07-25T02:58:00Z", "last_utc": "2026-07-25T02:58:00Z", "detections": 2, "frp_max_mw": 0.9, "frp_total_mw": 1.6, "pixel_area_ha": 28.1, "status": "out", "fire_class": "forest", "municipality": "Iznájar", "province": "Córdoba", "region": "Andalucía", "muni_dist_km": 3.16}}, {"type": "Feature", "geometry": {"type": "Point", "coordinates": [-3.7272, 37.9328]}, "properties": {"id": "aa39f1b0e8ee", "ine": "23903", "first_utc": "2026-07-26T01:34:00Z", "last_utc": "2026-07-26T01:52:00Z", "detections": 2, "frp_max_mw": 0.9, "frp_total_mw": 1.2, "pixel_area_ha": 14.1, "status": "out", "fire_class": "forest", "municipality": "Villatorres", "province": "Jaén", "region": "Andalucía", "muni_dist_km": 2.9}}, {"type": "Feature", "geometry": {"type": "Point", "coordinates": [-0.5427, 38.376]}, "properties": {"id": "866064fafad5", "ine": "03014", "first_utc": "2026-07-26T01:52:00Z", "last_utc": "2026-07-26T02:38:00Z", "detections": 2, "frp_max_mw": 0.9, "frp_total_mw": 1.8, "pixel_area_ha": 28.1, "status": "out", "fire_class": "forest", "municipality": "Alacant/Alicante", "province": "Alacant/Alicante", "region": "Comunitat Valenciana", "muni_dist_km": 0.7}}, {"type": "Feature", "geometry": {"type": "Point", "coordinates": [-1.4742, 41.4706]}, "properties": {"id": "888b80c49bcd", "ine": "50093", "first_utc": "2026-07-27T01:13:00Z", "last_utc": "2026-07-27T01:13:00Z", "detections": 1, "frp_max_mw": 0.9, "frp_total_mw": 0.9, "pixel_area_ha": 14.1, "status": "dying_down", "fire_class": "forest", "municipality": "Chodes", "province": "Zaragoza", "region": "Aragón", "muni_dist_km": 1.47}}, {"type": "Feature", "geometry": {"type": "Point", "coordinates": [-6.7185, 38.3206]}, "properties": {"id": "c9b965644317", "ine": "06070", "first_utc": "2026-07-26T01:52:00Z", "last_utc": "2026-07-27T02:19:00Z", "detections": 3, "frp_max_mw": 0.9, "frp_total_mw": 2.1, "pixel_area_ha": 14.1, "status": "dying_down", "fire_class": "forest", "municipality": "Jerez de los Caballeros", "province": "Badajoz", "region": "Extremadura", "muni_dist_km": 7.1}}, {"type": "Feature", "geometry": {"type": "Point", "coordinates": [-5.4213, 36.1783]}, "properties": {"id": "7d662dd552c9", "ine": "11022", "first_utc": "2026-07-28T02:02:00Z", "last_utc": "2026-07-28T02:38:00Z", "detections": 2, "frp_max_mw": 0.9, "frp_total_mw": 1.3, "pixel_area_ha": 14.1, "status": "active", "fire_class": "forest", "municipality": "La Línea de la Concepción", "province": "Cádiz", "region": "Andalucía", "muni_dist_km": 7.62}}, {"type": "Feature", "geometry": {"type": "Point", "coordinates": [-5.8633, 37.3626]}, "properties": {"id": "f6f3a67f3271", "ine": "41091", "first_utc": "2026-06-03T03:06:00Z", "last_utc": "2026-06-03T03:06:00Z", "detections": 1, "frp_max_mw": 0.8, "frp_total_mw": 0.8, "pixel_area_ha": 14.1, "status": "out", "fire_class": "forest", "municipality": "Sevilla", "province": "Sevilla", "region": "Andalucía", "muni_dist_km": 8.87}}, {"type": "Feature", "geometry": {"type": "Point", "coordinates": [-5.9757, 37.4315]}, "properties": {"id": "5c3efc22e8b5", "ine": "41091", "first_utc": "2026-06-06T02:11:00Z", "last_utc": "2026-06-06T02:11:00Z", "detections": 1, "frp_max_mw": 0.8, "frp_total_mw": 0.8, "pixel_area_ha": 14.1, "status": "out", "fire_class": "forest", "municipality": "Sevilla", "province": "Sevilla", "region": "Andalucía", "muni_dist_km": 4.69}}, {"type": "Feature", "geometry": {"type": "Point", "coordinates": [-8.436, 43.3464]}, "properties": {"id": "5a0b56000786", "ine": "15030", "first_utc": "2026-06-07T01:49:00Z", "last_utc": "2026-06-07T02:09:00Z", "detections": 2, "frp_max_mw": 0.8, "frp_total_mw": 1.5, "pixel_area_ha": 28.1, "status": "out", "fire_class": "forest", "municipality": "A Coruña", "province": "A Coruña", "region": "Galicia", "muni_dist_km": 0.93}}, {"type": "Feature", "geometry": {"type": "Point", "coordinates": [-6.4831, 38.3788]}, "properties": {"id": "29ea6cfa6962", "ine": "06008", "first_utc": "2026-06-06T02:11:00Z", "last_utc": "2026-06-07T02:11:00Z", "detections": 3, "frp_max_mw": 0.8, "frp_total_mw": 2.3, "pixel_area_ha": 28.1, "status": "out", "fire_class": "forest", "municipality": "Alconera", "province": "Badajoz", "region": "Extremadura", "muni_dist_km": 2.29}}, {"type": "Feature", "geometry": {"type": "Point", "coordinates": [-1.7422, 42.8134]}, "properties": {"id": "943611574f64", "ine": "31193", "first_utc": "2026-06-10T02:00:00Z", "last_utc": "2026-06-10T02:00:00Z", "detections": 2, "frp_max_mw": 0.8, "frp_total_mw": 1.2, "pixel_area_ha": 28.1, "status": "out", "fire_class": "forest", "municipality": "Cendea de Olza/Oltza Zendea", "province": "Navarra", "region": "Comunidad Foral de Navarra", "muni_dist_km": 1.8}}, {"type": "Feature", "geometry": {"type": "Point", "coordinates": [-6.7217, 38.8106]}, "properties": {"id": "fb3b2c24aff0", "ine": "06128", "first_utc": "2026-06-11T01:41:00Z", "last_utc": "2026-06-11T02:36:00Z", "detections": 3, "frp_max_mw": 0.8, "frp_total_mw": 2.0, "pixel_area_ha": 28.1, "status": "out", "fire_class": "forest", "municipality": "Talavera la Real", "province": "Badajoz", "region": "Extremadura", "muni_dist_km": 6.13}}, {"type": "Feature", "geometry": {"type": "Point", "coordinates": [-2.8866, 43.2279]}, "properties": {"id": "30085b5c0108", "ine": "48015", "first_utc": "2026-06-13T01:37:00Z", "last_utc": "2026-06-13T01:37:00Z", "detections": 1, "frp_max_mw": 0.8, "frp_total_mw": 0.8, "pixel_area_ha": 14.1, "status": "out", "fire_class": "forest", "municipality": "Basauri", "province": "Bizkaia", "region": "País Vasco", "muni_dist_km": 0.4}}, {"type": "Feature", "geometry": {"type": "Point", "coordinates": [-6.3149, 39.926]}, "properties": {"id": "0c98250078fa", "ine": "10155", "first_utc": "2026-06-13T01:37:00Z", "last_utc": "2026-06-13T01:58:00Z", "detections": 2, "frp_max_mw": 0.8, "frp_total_mw": 1.3, "pixel_area_ha": 28.1, "status": "out", "fire_class": "forest", "municipality": "Riolobos", "province": "Cáceres", "region": "Extremadura", "muni_dist_km": 1.25}}, {"type": "Feature", "geometry": {"type": "Point", "coordinates": [-3.7807, 37.8047]}, "properties": {"id": "4a91f02e0066", "ine": "23050", "first_utc": "2026-06-15T01:20:00Z", "last_utc": "2026-06-15T01:20:00Z", "detections": 1, "frp_max_mw": 0.8, "frp_total_mw": 0.8, "pixel_area_ha": 14.1, "status": "out", "fire_class": "forest", "municipality": "Jaén", "province": "Jaén", "region": "Andalucía", "muni_dist_km": 2.63}}, {"type": "Feature", "geometry": {"type": "Point", "coordinates": [0.543, 40.5765]}, "properties": {"id": "9615acd086ad", "ine": "43004", "first_utc": "2026-06-15T02:06:00Z", "last_utc": "2026-06-15T02:06:00Z", "detections": 1, "frp_max_mw": 0.8, "frp_total_mw": 0.8, "pixel_area_ha": 14.1, "status": "out", "fire_class": "agricultural", "municipality": "Alcanar", "province": "Tarragona", "region": "Cataluña", "muni_dist_km": 1.94}}, {"type": "Feature", "geometry": {"type": "Point", "coordinates": [-5.4232, 36.1786]}, "properties": {"id": "c639a5afeebc", "ine": "11022", "first_utc": "2026-06-17T02:04:00Z", "last_utc": "2026-06-17T02:24:00Z", "detections": 2, "frp_max_mw": 0.8, "frp_total_mw": 1.6, "pixel_area_ha": 28.1, "status": "out", "fire_class": "forest", "municipality": "La Línea de la Concepción", "province": "Cádiz", "region": "Andalucía", "muni_dist_km": 7.64}}, {"type": "Feature", "geometry": {"type": "Point", "coordinates": [-0.2486, 39.6628]}, "properties": {"id": "581681feb85e", "ine": "46082", "first_utc": "2026-06-18T01:09:00Z", "last_utc": "2026-06-18T01:09:00Z", "detections": 1, "frp_max_mw": 0.8, "frp_total_mw": 0.8, "pixel_area_ha": 14.1, "status": "out", "fire_class": "forest", "municipality": "Canet d'En Berenguer", "province": "València/Valencia", "region": "Comunitat Valenciana", "muni_dist_km": 3.4}}, {"type": "Feature", "geometry": {"type": "Point", "coordinates": [-2.6195, 36.7701]}, "properties": {"id": "6facfa25b448", "ine": "04079", "first_utc": "2026-06-18T02:04:00Z", "last_utc": "2026-06-18T02:04:00Z", "detections": 1, "frp_max_mw": 0.8, "frp_total_mw": 0.8, "pixel_area_ha": 14.1, "status": "out", "fire_class": "forest", "municipality": "Roquetas de Mar", "province": "Almería", "region": "Andalucía", "muni_dist_km": 0.67}}, {"type": "Feature", "geometry": {"type": "Point", "coordinates": [-3.8411, 43.4108]}, "properties": {"id": "9aed7b4bbf70", "ine": "39008", "first_utc": "2026-06-22T02:11:00Z", "last_utc": "2026-06-22T02:11:00Z", "detections": 1, "frp_max_mw": 0.8, "frp_total_mw": 0.8, "pixel_area_ha": 14.1, "status": "out", "fire_class": "forest", "municipality": "El Astillero", "province": "Cantabria", "region": "Cantabria", "muni_dist_km": 1.33}}, {"type": "Feature", "geometry": {"type": "Point", "coordinates": [-0.9573, 37.6926]}, "properties": {"id": "ad36553e8ddd", "ine": "30016", "first_utc": "2026-06-24T01:32:00Z", "last_utc": "2026-06-24T01:32:00Z", "detections": 1, "frp_max_mw": 0.8, "frp_total_mw": 0.8, "pixel_area_ha": 14.1, "status": "out", "fire_class": "forest", "municipality": "Cartagena", "province": "Murcia", "region": "Región de Murcia", "muni_dist_km": 6.63}}, {"type": "Feature", "geometry": {"type": "Point", "coordinates": [-5.8538, 43.5523]}, "properties": {"id": "81eb61830ea1", "ine": "33020", "first_utc": "2026-06-24T02:38:00Z", "last_utc": "2026-06-24T02:38:00Z", "detections": 1, "frp_max_mw": 0.8, "frp_total_mw": 0.8, "pixel_area_ha": 14.1, "status": "out", "fire_class": "forest", "municipality": "Corvera de Asturias", "province": "Asturias", "region": "Principado de Asturias", "muni_dist_km": 4.56}}, {"type": "Feature", "geometry": {"type": "Point", "coordinates": [-7.6734, 43.5359]}, "properties": {"id": "d0cf89e34c15", "ine": "27038", "first_utc": "2026-06-25T02:53:00Z", "last_utc": "2026-06-25T02:53:00Z", "detections": 1, "frp_max_mw": 0.8, "frp_total_mw": 0.8, "pixel_area_ha": 14.1, "status": "out", "fire_class": "forest", "municipality": "Ourol", "province": "Lugo", "region": "Galicia", "muni_dist_km": 3.71}}, {"type": "Feature", "geometry": {"type": "Point", "coordinates": [-3.8462, 43.441]}, "properties": {"id": "7bb941a03d9c", "ine": "39075", "first_utc": "2026-06-26T02:00:00Z", "last_utc": "2026-06-26T02:00:00Z", "detections": 1, "frp_max_mw": 0.8, "frp_total_mw": 0.8, "pixel_area_ha": 14.1, "status": "out", "fire_class": "forest", "municipality": "Santander", "province": "Cantabria", "region": "Cantabria", "muni_dist_km": 2.77}}, {"type": "Feature", "geometry": {"type": "Point", "coordinates": [-5.9002, 37.3634]}, "properties": {"id": "48e31db73705", "ine": "41091", "first_utc": "2026-06-26T02:36:00Z", "last_utc": "2026-06-26T02:36:00Z", "detections": 1, "frp_max_mw": 0.8, "frp_total_mw": 0.8, "pixel_area_ha": 14.1, "status": "out", "fire_class": "forest", "municipality": "Sevilla", "province": "Sevilla", "region": "Andalucía", "muni_dist_km": 5.91}}, {"type": "Feature", "geometry": {"type": "Point", "coordinates": [-5.8652, 37.3612]}, "properties": {"id": "91d4f70b7487", "ine": "41091", "first_utc": "2026-06-25T02:19:00Z", "last_utc": "2026-06-27T02:36:00Z", "detections": 4, "frp_max_mw": 0.8, "frp_total_mw": 2.6, "pixel_area_ha": 14.1, "status": "out", "fire_class": "forest", "municipality": "Sevilla", "province": "Sevilla", "region": "Andalucía", "muni_dist_km": 8.69}}, {"type": "Feature", "geometry": {"type": "Point", "coordinates": [2.0812, 41.6118]}, "properties": {"id": "a74a18363e94", "ine": "08051", "first_utc": "2026-06-28T01:58:00Z", "last_utc": "2026-06-28T02:15:00Z", "detections": 2, "frp_max_mw": 0.8, "frp_total_mw": 1.4, "pixel_area_ha": 28.1, "status": "out", "fire_class": "urban", "municipality": "Castellar del Vallès", "province": "Barcelona", "region": "Cataluña", "muni_dist_km": 1.22}}, {"type": "Feature", "geometry": {"type": "Point", "coordinates": [-3.2818, 37.2783]}, "properties": {"id": "9090a2a7696b", "ine": "18154", "first_utc": "2026-06-29T01:58:00Z", "last_utc": "2026-06-29T01:58:00Z", "detections": 1, "frp_max_mw": 0.8, "frp_total_mw": 0.8, "pixel_area_ha": 14.1, "status": "out", "fire_class": "forest", "municipality": "La Peza", "province": "Granada", "region": "Andalucía", "muni_dist_km": 2.62}}, {"type": "Feature", "geometry": {"type": "Point", "coordinates": [-3.6876, 37.2061]}, "properties": {"id": "1d92be488f55", "ine": "18911", "first_utc": "2026-07-02T01:02:00Z", "last_utc": "2026-07-02T01:02:00Z", "detections": 2, "frp_max_mw": 0.8, "frp_total_mw": 1.3, "pixel_area_ha": 28.1, "status": "out", "fire_class": "forest", "municipality": "Vegas del Genil", "province": "Granada", "region": "Andalucía", "muni_dist_km": 4.04}}, {"type": "Feature", "geometry": {"type": "Point", "coordinates": [-3.4766, 40.2454]}, "properties": {"id": "dd08ce279327", "ine": "28091", "first_utc": "2026-07-02T02:21:00Z", "last_utc": "2026-07-02T02:21:00Z", "detections": 1, "frp_max_mw": 0.8, "frp_total_mw": 0.8, "pixel_area_ha": 14.1, "status": "out", "fire_class": "forest", "municipality": "Morata de Tajuña", "province": "Madrid", "region": "Comunidad de Madrid", "muni_dist_km": 2.9}}, {"type": "Feature", "geometry": {"type": "Point", "coordinates": [-1.511, 42.9235]}, "properties": {"id": "01e19a84603f", "ine": "31098", "first_utc": "2026-07-04T02:49:00Z", "last_utc": "2026-07-04T02:49:00Z", "detections": 1, "frp_max_mw": 0.8, "frp_total_mw": 0.8, "pixel_area_ha": 14.1, "status": "out", "fire_class": "forest", "municipality": "Esteribar", "province": "Navarra", "region": "Comunidad Foral de Navarra", "muni_dist_km": 2.84}}, {"type": "Feature", "geometry": {"type": "Point", "coordinates": [-2.6914, 36.7861]}, "properties": {"id": "d51311e065cc", "ine": "04903", "first_utc": "2026-07-05T01:28:00Z", "last_utc": "2026-07-05T01:45:00Z", "detections": 2, "frp_max_mw": 0.8, "frp_total_mw": 1.4, "pixel_area_ha": 14.1, "status": "out", "fire_class": "forest", "municipality": "La Mojonera", "province": "Almería", "region": "Andalucía", "muni_dist_km": 1.22}}, {"type": "Feature", "geometry": {"type": "Point", "coordinates": [-5.5797, 39.9988]}, "properties": {"id": "124ebd61d4e7", "ine": "10131", "first_utc": "2026-07-12T02:00:00Z", "last_utc": "2026-07-12T02:00:00Z", "detections": 1, "frp_max_mw": 0.8, "frp_total_mw": 0.8, "pixel_area_ha": 14.1, "status": "out", "fire_class": "forest", "municipality": "Navalmoral de la Mata", "province": "Cáceres", "region": "Extremadura", "muni_dist_km": 7.8}}, {"type": "Feature", "geometry": {"type": "Point", "coordinates": [1.6635, 41.3148]}, "properties": {"id": "dc59a0901466", "ine": "08251", "first_utc": "2026-07-12T02:53:00Z", "last_utc": "2026-07-12T02:53:00Z", "detections": 2, "frp_max_mw": 0.8, "frp_total_mw": 1.5, "pixel_area_ha": 28.1, "status": "out", "fire_class": "urban", "municipality": "Santa Margarida i els Monjos", "province": "Barcelona", "region": "Cataluña", "muni_dist_km": 0.24}}, {"type": "Feature", "geometry": {"type": "Point", "coordinates": [2.1848, 41.4733]}, "properties": {"id": "dc990bcfa977", "ine": "08125", "first_utc": "2026-07-15T01:58:00Z", "last_utc": "2026-07-15T01:58:00Z", "detections": 1, "frp_max_mw": 0.8, "frp_total_mw": 0.8, "pixel_area_ha": 14.1, "status": "out", "fire_class": "forest", "municipality": "Montcada i Reixac", "province": "Barcelona", "region": "Cataluña", "muni_dist_km": 1.8}}, {"type": "Feature", "geometry": {"type": "Point", "coordinates": [-5.745, 41.8328]}, "properties": {"id": "f6b5ffa22c3c", "ine": "49091", "first_utc": "2026-07-15T01:58:00Z", "last_utc": "2026-07-15T01:58:00Z", "detections": 1, "frp_max_mw": 0.8, "frp_total_mw": 0.8, "pixel_area_ha": 14.1, "status": "out", "fire_class": "forest", "official_area_ha": 1.0, "municipality": "Granja de Moreruela", "province": "Zamora", "region": "Castilla y León", "muni_dist_km": 2.42}}, {"type": "Feature", "geometry": {"type": "Point", "coordinates": [-1.3515, 43.0584]}, "properties": {"id": "61b7194b7829", "ine": "31248", "first_utc": "2026-07-22T02:11:00Z", "last_utc": "2026-07-22T03:06:00Z", "detections": 4, "frp_max_mw": 0.8, "frp_total_mw": 2.6, "pixel_area_ha": 42.2, "status": "out", "fire_class": "forest", "municipality": "Luzaide/Valcarlos", "province": "Navarra", "region": "Comunidad Foral de Navarra", "muni_dist_km": 2.95}}, {"type": "Feature", "geometry": {"type": "Point", "coordinates": [2.2801, 41.9479]}, "properties": {"id": "5c6a0f574c00", "ine": "08037", "first_utc": "2026-07-24T01:34:00Z", "last_utc": "2026-07-24T01:34:00Z", "detections": 1, "frp_max_mw": 0.8, "frp_total_mw": 0.8, "pixel_area_ha": 14.1, "status": "out", "fire_class": "forest", "municipality": "Calldetenes", "province": "Barcelona", "region": "Cataluña", "muni_dist_km": 2.87}}, {"type": "Feature", "geometry": {"type": "Point", "coordinates": [-0.5449, 38.3763]}, "properties": {"id": "918f58fc6188", "ine": "03014", "first_utc": "2026-07-24T02:13:00Z", "last_utc": "2026-07-24T02:13:00Z", "detections": 1, "frp_max_mw": 0.8, "frp_total_mw": 0.8, "pixel_area_ha": 14.1, "status": "out", "fire_class": "forest", "municipality": "Alacant/Alicante", "province": "Alacant/Alicante", "region": "Comunitat Valenciana", "muni_dist_km": 0.91}}, {"type": "Feature", "geometry": {"type": "Point", "coordinates": [-3.9005, 40.009]}, "properties": {"id": "f3d7bb925132", "ine": "45188", "first_utc": "2026-07-25T02:11:00Z", "last_utc": "2026-07-25T02:11:00Z", "detections": 1, "frp_max_mw": 0.8, "frp_total_mw": 0.8, "pixel_area_ha": 14.1, "status": "out", "fire_class": "forest", "municipality": "Villaluenga de la Sagra", "province": "Toledo", "region": "Castilla-La Mancha", "muni_dist_km": 1.9}}, {"type": "Feature", "geometry": {"type": "Point", "coordinates": [-4.0753, 38.0217]}, "properties": {"id": "b0b5b84b25a3", "ine": "23007", "first_utc": "2026-07-25T02:13:00Z", "last_utc": "2026-07-25T02:13:00Z", "detections": 1, "frp_max_mw": 0.8, "frp_total_mw": 0.8, "pixel_area_ha": 14.1, "status": "out", "fire_class": "forest", "municipality": "Arjonilla", "province": "Jaén", "region": "Andalucía", "muni_dist_km": 5.9}}, {"type": "Feature", "geometry": {"type": "Point", "coordinates": [-1.7024, 39.4445]}, "properties": {"id": "ef0b8c7c4d63", "ine": "16113", "first_utc": "2026-07-25T13:33:00Z", "last_utc": "2026-07-25T13:33:00Z", "detections": 1, "frp_max_mw": 0.8, "frp_total_mw": 0.8, "pixel_area_ha": 14.1, "status": "out", "fire_class": "likely_agricultural", "municipality": "Iniesta", "province": "Cuenca", "region": "Castilla-La Mancha", "muni_dist_km": 3.21}}, {"type": "Feature", "geometry": {"type": "Point", "coordinates": [-0.6918, 39.4864]}, "properties": {"id": "33ba268438f7", "ine": "46109", "first_utc": "2026-07-26T01:52:00Z", "last_utc": "2026-07-26T01:52:00Z", "detections": 2, "frp_max_mw": 0.8, "frp_total_mw": 1.5, "pixel_area_ha": 28.1, "status": "out", "fire_class": "forest", "municipality": "Cheste", "province": "València/Valencia", "region": "Comunitat Valenciana", "muni_dist_km": 2.55}}, {"type": "Feature", "geometry": {"type": "Point", "coordinates": [-3.9006, 40.0086]}, "properties": {"id": "8be8276f99f7", "ine": "45188", "first_utc": "2026-07-27T02:19:00Z", "last_utc": "2026-07-27T02:19:00Z", "detections": 1, "frp_max_mw": 0.8, "frp_total_mw": 0.8, "pixel_area_ha": 14.1, "status": "dying_down", "fire_class": "forest", "municipality": "Villaluenga de la Sagra", "province": "Toledo", "region": "Castilla-La Mancha", "muni_dist_km": 1.93}}, {"type": "Feature", "geometry": {"type": "Point", "coordinates": [-8.4364, 43.346]}, "properties": {"id": "c1681f1d36ff", "ine": "15030", "first_utc": "2026-07-27T02:53:00Z", "last_utc": "2026-07-27T02:53:00Z", "detections": 1, "frp_max_mw": 0.8, "frp_total_mw": 0.8, "pixel_area_ha": 14.1, "status": "dying_down", "fire_class": "forest", "municipality": "A Coruña", "province": "A Coruña", "region": "Galicia", "muni_dist_km": 1.14}}, {"type": "Feature", "geometry": {"type": "Point", "coordinates": [-2.882, 43.2257]}, "properties": {"id": "546c48bf10c8", "ine": "48015", "first_utc": "2026-07-28T01:13:00Z", "last_utc": "2026-07-28T01:13:00Z", "detections": 2, "frp_max_mw": 0.8, "frp_total_mw": 1.3, "pixel_area_ha": 28.1, "status": "active", "fire_class": "forest", "municipality": "Basauri", "province": "Bizkaia", "region": "País Vasco", "muni_dist_km": 0.62}}, {"type": "Feature", "geometry": {"type": "Point", "coordinates": [1.9985, 41.4062]}, "properties": {"id": "e2af8d084819", "ine": "08263", "first_utc": "2026-07-27T02:17:00Z", "last_utc": "2026-07-28T02:00:00Z", "detections": 3, "frp_max_mw": 0.8, "frp_total_mw": 2.0, "pixel_area_ha": 28.1, "status": "active", "fire_class": "forest", "municipality": "Sant Vicenç dels Horts", "province": "Barcelona", "region": "Cataluña", "muni_dist_km": 1.77}}, {"type": "Feature", "geometry": {"type": "Point", "coordinates": [-4.9206, 37.8306]}, "properties": {"id": "47177338b16b", "ine": "14005", "first_utc": "2026-07-28T02:02:00Z", "last_utc": "2026-07-28T02:36:00Z", "detections": 3, "frp_max_mw": 0.8, "frp_total_mw": 1.8, "pixel_area_ha": 42.2, "status": "active", "fire_class": "forest", "municipality": "Almodóvar del Río", "province": "Córdoba", "region": "Andalucía", "muni_dist_km": 7.65}}, {"type": "Feature", "geometry": {"type": "Point", "coordinates": [-5.4235, 36.1789]}, "properties": {"id": "e4a15a0c52f6", "ine": "11022", "first_utc": "2026-06-02T02:04:00Z", "last_utc": "2026-06-02T02:04:00Z", "detections": 1, "frp_max_mw": 0.7, "frp_total_mw": 0.7, "pixel_area_ha": 14.1, "status": "out", "fire_class": "forest", "municipality": "La Línea de la Concepción", "province": "Cádiz", "region": "Andalucía", "muni_dist_km": 7.79}}, {"type": "Feature", "geometry": {"type": "Point", "coordinates": [-4.8746, 37.6263]}, "properties": {"id": "76b8e8b989f2", "ine": "14902", "first_utc": "2026-06-03T01:43:00Z", "last_utc": "2026-06-03T01:43:00Z", "detections": 1, "frp_max_mw": 0.7, "frp_total_mw": 0.7, "pixel_area_ha": 14.1, "status": "out", "fire_class": "forest", "municipality": "La Guijarrosa", "province": "Córdoba", "region": "Andalucía", "muni_dist_km": 0.38}}, {"type": "Feature", "geometry": {"type": "Point", "coordinates": [-6.4841, 38.3782]}, "properties": {"id": "7d9f312644ea", "ine": "06008", "first_utc": "2026-06-04T02:13:00Z", "last_utc": "2026-06-05T01:54:00Z", "detections": 2, "frp_max_mw": 0.7, "frp_total_mw": 1.4, "pixel_area_ha": 14.1, "status": "out", "fire_class": "forest", "municipality": "Alconera", "province": "Badajoz", "region": "Extremadura", "muni_dist_km": 2.39}}, {"type": "Feature", "geometry": {"type": "Point", "coordinates": [-8.4359, 43.3456]}, "properties": {"id": "05233b4dd95b", "ine": "15030", "first_utc": "2026-06-05T02:45:00Z", "last_utc": "2026-06-05T02:45:00Z", "detections": 1, "frp_max_mw": 0.7, "frp_total_mw": 0.7, "pixel_area_ha": 14.1, "status": "out", "fire_class": "forest", "municipality": "A Coruña", "province": "A Coruña", "region": "Galicia", "muni_dist_km": 1.1}}, {"type": "Feature", "geometry": {"type": "Point", "coordinates": [-5.8457, 43.5466]}, "properties": {"id": "cb174345128f", "ine": "33020", "first_utc": "2026-06-06T01:34:00Z", "last_utc": "2026-06-06T01:34:00Z", "detections": 1, "frp_max_mw": 0.7, "frp_total_mw": 0.7, "pixel_area_ha": 14.1, "status": "out", "fire_class": "forest", "municipality": "Corvera de Asturias", "province": "Asturias", "region": "Principado de Asturias", "muni_dist_km": 4.37}}, {"type": "Feature", "geometry": {"type": "Point", "coordinates": [-2.2184, 43.0372]}, "properties": {"id": "121c361c53ee", "ine": "20058", "first_utc": "2026-06-06T02:09:00Z", "last_utc": "2026-06-06T02:09:00Z", "detections": 2, "frp_max_mw": 0.7, "frp_total_mw": 1.3, "pixel_area_ha": 28.1, "status": "out", "fire_class": "forest", "municipality": "Olaberria", "province": "Gipuzkoa", "region": "País Vasco", "muni_dist_km": 1.44}}, {"type": "Feature", "geometry": {"type": "Point", "coordinates": [-5.5358, 37.6687]}, "properties": {"id": "3feef103f88c", "ine": "41055", "first_utc": "2026-06-07T02:11:00Z", "last_utc": "2026-06-07T02:11:00Z", "detections": 1, "frp_max_mw": 0.7, "frp_total_mw": 0.7, "pixel_area_ha": 14.1, "status": "out", "fire_class": "forest", "municipality": "Lora del Río", "province": "Sevilla", "region": "Andalucía", "muni_dist_km": 2.41}}, {"type": "Feature", "geometry": {"type": "Point", "coordinates": [-6.93, 37.2524]}, "properties": {"id": "6f6e5be53dc0", "ine": "21041", "first_utc": "2026-06-08T01:52:00Z", "last_utc": "2026-06-08T01:52:00Z", "detections": 1, "frp_max_mw": 0.7, "frp_total_mw": 0.7, "pixel_area_ha": 14.1, "status": "out", "fire_class": "forest", "municipality": "Huelva", "province": "Huelva", "region": "Andalucía", "muni_dist_km": 2.23}}, {"type": "Feature", "geometry": {"type": "Point", "coordinates": [-3.0063, 43.3176]}, "properties": {"id": "1b1930322b03", "ine": "48084", "first_utc": "2026-06-10T02:34:00Z", "last_utc": "2026-06-10T02:34:00Z", "detections": 1, "frp_max_mw": 0.7, "frp_total_mw": 0.7, "pixel_area_ha": 14.1, "status": "out", "fire_class": "forest", "municipality": "Sestao", "province": "Bizkaia", "region": "País Vasco", "muni_dist_km": 1.19}}, {"type": "Feature", "geometry": {"type": "Point", "coordinates": [0.4239, 40.6633]}, "properties": {"id": "7f0ace863b39", "ine": "43068", "first_utc": "2026-06-12T03:02:00Z", "last_utc": "2026-06-12T03:02:00Z", "detections": 1, "frp_max_mw": 0.7, "frp_total_mw": 0.7, "pixel_area_ha": 14.1, "status": "out", "fire_class": "agricultural", "municipality": "Godall", "province": "Tarragona", "region": "Cataluña", "muni_dist_km": 3.37}}, {"type": "Feature", "geometry": {"type": "Point", "coordinates": [-2.8519, 39.1937]}, "properties": {"id": "afe99f3b7d55", "ine": "13078", "first_utc": "2026-06-12T13:21:00Z", "last_utc": "2026-06-12T13:21:00Z", "detections": 1, "frp_max_mw": 0.7, "frp_total_mw": 0.7, "pixel_area_ha": 14.1, "status": "out", "fire_class": "likely_agricultural", "municipality": "Socuéllamos", "province": "Ciudad Real", "region": "Castilla-La Mancha", "muni_dist_km": 6.96}}, {"type": "Feature", "geometry": {"type": "Point", "coordinates": [-6.6743, 37.3603]}, "properties": {"id": "bd7faa0c3593", "ine": "21077", "first_utc": "2026-06-13T01:58:00Z", "last_utc": "2026-06-13T01:58:00Z", "detections": 1, "frp_max_mw": 0.7, "frp_total_mw": 0.7, "pixel_area_ha": 14.1, "status": "out", "fire_class": "forest", "municipality": "Villarrasa", "province": "Huelva", "region": "Andalucía", "muni_dist_km": 6.06}}, {"type": "Feature", "geometry": {"type": "Point", "coordinates": [0.5421, 40.5769]}, "properties": {"id": "2237d0df1615", "ine": "43004", "first_utc": "2026-06-12T01:22:00Z", "last_utc": "2026-06-14T01:39:00Z", "detections": 7, "frp_max_mw": 0.7, "frp_total_mw": 3.5, "pixel_area_ha": 56.2, "status": "out", "fire_class": "forest", "municipality": "Alcanar", "province": "Tarragona", "region": "Cataluña", "muni_dist_km": 1.59}}, {"type": "Feature", "geometry": {"type": "Point", "coordinates": [-5.8313, 38.3572]}, "properties": {"id": "c919e77cf64e", "ine": "06076", "first_utc": "2026-06-14T01:39:00Z", "last_utc": "2026-06-14T01:39:00Z", "detections": 2, "frp_max_mw": 0.7, "frp_total_mw": 1.4, "pixel_area_ha": 28.1, "status": "out", "fire_class": "forest", "municipality": "Maguilla", "province": "Badajoz", "region": "Extremadura", "muni_dist_km": 2.66}}, {"type": "Feature", "geometry": {"type": "Point", "coordinates": [-4.0508, 38.6746]}, "properties": {"id": "64686c5ee485", "ine": "13071", "first_utc": "2026-06-15T02:09:00Z", "last_utc": "2026-06-15T02:09:00Z", "detections": 1, "frp_max_mw": 0.7, "frp_total_mw": 0.7, "pixel_area_ha": 14.1, "status": "out", "fire_class": "forest", "municipality": "Puertollano", "province": "Ciudad Real", "region": "Castilla-La Mancha", "muni_dist_km": 2.94}}, {"type": "Feature", "geometry": {"type": "Point", "coordinates": [-0.2482, 39.6635]}, "properties": {"id": "0dca7082ad78", "ine": "46082", "first_utc": "2026-06-16T01:00:00Z", "last_utc": "2026-06-16T01:00:00Z", "detections": 1, "frp_max_mw": 0.7, "frp_total_mw": 0.7, "pixel_area_ha": 14.1, "status": "out", "fire_class": "forest", "municipality": "Canet d'En Berenguer", "province": "València/Valencia", "region": "Comunitat Valenciana", "muni_dist_km": 3.33}}, {"type": "Feature", "geometry": {"type": "Point", "coordinates": [-1.2568, 38.054]}, "properties": {"id": "be0d20776a09", "ine": "30007", "first_utc": "2026-06-23T02:11:00Z", "last_utc": "2026-06-23T02:11:00Z", "detections": 1, "frp_max_mw": 0.7, "frp_total_mw": 0.7, "pixel_area_ha": 14.1, "status": "out", "fire_class": "forest", "municipality": "Alguazas", "province": "Murcia", "region": "Región de Murcia", "muni_dist_km": 1.47}}, {"type": "Feature", "geometry": {"type": "Point", "coordinates": [-1.0508, 37.7136]}, "properties": {"id": "18f4e58b2ba3", "ine": "30016", "first_utc": "2026-06-24T01:52:00Z", "last_utc": "2026-06-24T01:52:00Z", "detections": 1, "frp_max_mw": 0.7, "frp_total_mw": 0.7, "pixel_area_ha": 14.1, "status": "out", "fire_class": "forest", "municipality": "Cartagena", "province": "Murcia", "region": "Región de Murcia", "muni_dist_km": 9.92}}, {"type": "Feature", "geometry": {"type": "Point", "coordinates": [-1.3856, 38.0218]}, "properties": {"id": "208f6ad1de38", "ine": "30004", "first_utc": "2026-06-24T01:52:00Z", "last_utc": "2026-06-24T01:52:00Z", "detections": 1, "frp_max_mw": 0.7, "frp_total_mw": 0.7, "pixel_area_ha": 14.1, "status": "out", "fire_class": "forest", "municipality": "Albudeite", "province": "Murcia", "region": "Región de Murcia", "muni_dist_km": 0.9}}, {"type": "Feature", "geometry": {"type": "Point", "coordinates": [-8.5046, 42.1705]}, "properties": {"id": "0ab48b34dbf3", "ine": "36042", "first_utc": "2026-06-24T02:38:00Z", "last_utc": "2026-06-24T02:38:00Z", "detections": 1, "frp_max_mw": 0.7, "frp_total_mw": 0.7, "pixel_area_ha": 14.1, "status": "out", "fire_class": "forest", "municipality": "Ponteareas", "province": "Pontevedra", "region": "Galicia", "muni_dist_km": 1.98}}, {"type": "Feature", "geometry": {"type": "Point", "coordinates": [-8.9596, 42.5795]}, "properties": {"id": "b83bb9c65e9c", "ine": "15073", "first_utc": "2026-06-24T02:38:00Z", "last_utc": "2026-06-24T02:38:00Z", "detections": 1, "frp_max_mw": 0.7, "frp_total_mw": 0.7, "pixel_area_ha": 14.1, "status": "out", "fire_class": "forest", "municipality": "Ribeira", "province": "A Coruña", "region": "Galicia", "muni_dist_km": 4.29}}, {"type": "Feature", "geometry": {"type": "Point", "coordinates": [-6.895, 37.1831]}, "properties": {"id": "beb95810ac31", "ine": "21055", "first_utc": "2026-06-24T03:13:00Z", "last_utc": "2026-06-24T03:13:00Z", "detections": 1, "frp_max_mw": 0.7, "frp_total_mw": 0.7, "pixel_area_ha": 14.1, "status": "out", "fire_class": "forest", "municipality": "Palos de la Frontera", "province": "Huelva", "region": "Andalucía", "muni_dist_km": 1.22}}, {"type": "Feature", "geometry": {"type": "Point", "coordinates": [-5.4235, 36.1761]}, "properties": {"id": "4289b4a19472", "ine": "11022", "first_utc": "2026-06-27T02:17:00Z", "last_utc": "2026-06-27T02:17:00Z", "detections": 1, "frp_max_mw": 0.7, "frp_total_mw": 0.7, "pixel_area_ha": 14.1, "status": "out", "fire_class": "forest", "municipality": "La Línea de la Concepción", "province": "Cádiz", "region": "Andalucía", "muni_dist_km": 7.9}}, {"type": "Feature", "geometry": {"type": "Point", "coordinates": [-3.8526, 39.5447]}, "properties": {"id": "10a049955107", "ine": "45092", "first_utc": "2026-06-29T01:05:00Z", "last_utc": "2026-06-29T01:05:00Z", "detections": 1, "frp_max_mw": 0.7, "frp_total_mw": 0.7, "pixel_area_ha": 14.1, "status": "out", "fire_class": "forest", "municipality": "Marjaliza", "province": "Toledo", "region": "Castilla-La Mancha", "muni_dist_km": 9.9}}, {"type": "Feature", "geometry": {"type": "Point", "coordinates": [-6.4832, 38.3792]}, "properties": {"id": "1e976fca6c38", "ine": "06008", "first_utc": "2026-06-28T02:15:00Z", "last_utc": "2026-06-29T01:58:00Z", "detections": 2, "frp_max_mw": 0.7, "frp_total_mw": 1.3, "pixel_area_ha": 28.1, "status": "out", "fire_class": "forest", "municipality": "Alconera", "province": "Badajoz", "region": "Extremadura", "muni_dist_km": 2.26}}, {"type": "Feature", "geometry": {"type": "Point", "coordinates": [-4.2483, 40.3308]}, "properties": {"id": "0ffb60fdb2c3", "ine": "28008", "first_utc": "2026-07-01T03:00:00Z", "last_utc": "2026-07-01T03:00:00Z", "detections": 1, "frp_max_mw": 0.7, "frp_total_mw": 0.7, "pixel_area_ha": 14.1, "status": "out", "fire_class": "forest", "municipality": "Aldea del Fresno", "province": "Madrid", "region": "Comunidad de Madrid", "muni_dist_km": 3.17}}, {"type": "Feature", "geometry": {"type": "Point", "coordinates": [3.0444, 39.7869]}, "properties": {"id": "68a5d3ee1d77", "ine": "07044", "first_utc": "2026-07-05T01:26:00Z", "last_utc": "2026-07-05T01:26:00Z", "detections": 1, "frp_max_mw": 0.7, "frp_total_mw": 0.7, "pixel_area_ha": 14.1, "status": "out", "fire_class": "forest", "municipality": "Sa Pobla", "province": "Illes Balears", "region": "Illes Balears", "muni_dist_km": 1.52}}, {"type": "Feature", "geometry": {"type": "Point", "coordinates": [-5.4856, 40.9652]}, "properties": {"id": "d8b2f7d2088a", "ine": "37164", "first_utc": "2026-07-06T01:26:00Z", "last_utc": "2026-07-06T03:06:00Z", "detections": 4, "frp_max_mw": 0.7, "frp_total_mw": 1.4, "pixel_area_ha": 28.1, "status": "out", "fire_class": "forest", "municipality": "Huerta", "province": "Salamanca", "region": "Castilla y León", "muni_dist_km": 1.86}}, {"type": "Feature", "geometry": {"type": "Point", "coordinates": [-1.5119, 42.9218]}, "properties": {"id": "7365b4378cfd", "ine": "31098", "first_utc": "2026-07-06T02:11:00Z", "last_utc": "2026-07-06T03:06:00Z", "detections": 2, "frp_max_mw": 0.7, "frp_total_mw": 1.1, "pixel_area_ha": 14.1, "status": "out", "fire_class": "forest", "municipality": "Esteribar", "province": "Navarra", "region": "Comunidad Foral de Navarra", "muni_dist_km": 2.94}}, {"type": "Feature", "geometry": {"type": "Point", "coordinates": [-5.8643, 37.3598]}, "properties": {"id": "7d2f919a6096", "ine": "41091", "first_utc": "2026-07-13T02:36:00Z", "last_utc": "2026-07-14T02:17:00Z", "detections": 2, "frp_max_mw": 0.7, "frp_total_mw": 1.4, "pixel_area_ha": 28.1, "status": "out", "fire_class": "forest", "municipality": "Sevilla", "province": "Sevilla", "region": "Andalucía", "muni_dist_km": 8.9}}, {"type": "Feature", "geometry": {"type": "Point", "coordinates": [-6.4815, 38.3787]}, "properties": {"id": "ebb01100badc", "ine": "06008", "first_utc": "2026-07-14T02:17:00Z", "last_utc": "2026-07-14T02:17:00Z", "detections": 1, "frp_max_mw": 0.7, "frp_total_mw": 0.7, "pixel_area_ha": 14.1, "status": "out", "fire_class": "forest", "municipality": "Alconera", "province": "Badajoz", "region": "Extremadura", "muni_dist_km": 2.37}}, {"type": "Feature", "geometry": {"type": "Point", "coordinates": [-2.219, 43.039]}, "properties": {"id": "10d2786bf96b", "ine": "20058", "first_utc": "2026-07-17T01:20:00Z", "last_utc": "2026-07-17T01:20:00Z", "detections": 1, "frp_max_mw": 0.7, "frp_total_mw": 0.7, "pixel_area_ha": 14.1, "status": "out", "fire_class": "forest", "municipality": "Olaberria", "province": "Gipuzkoa", "region": "País Vasco", "muni_dist_km": 1.92}}, {"type": "Feature", "geometry": {"type": "Point", "coordinates": [-2.7736, 43.2086]}, "properties": {"id": "f05cd83b40b0", "ine": "48055", "first_utc": "2026-07-18T02:43:00Z", "last_utc": "2026-07-18T02:43:00Z", "detections": 1, "frp_max_mw": 0.7, "frp_total_mw": 0.7, "pixel_area_ha": 14.1, "status": "out", "fire_class": "forest", "municipality": "Lemoa", "province": "Bizkaia", "region": "País Vasco", "muni_dist_km": 0.52}}, {"type": "Feature", "geometry": {"type": "Point", "coordinates": [-2.7755, 43.2056]}, "properties": {"id": "e129c5a1fa1c", "ine": "48055", "first_utc": "2026-07-22T02:11:00Z", "last_utc": "2026-07-22T02:11:00Z", "detections": 1, "frp_max_mw": 0.7, "frp_total_mw": 0.7, "pixel_area_ha": 14.1, "status": "out", "fire_class": "forest", "municipality": "Lemoa", "province": "Bizkaia", "region": "País Vasco", "muni_dist_km": 0.42}}, {"type": "Feature", "geometry": {"type": "Point", "coordinates": [-5.725, 43.5599]}, "properties": {"id": "240bccd5119a", "ine": "33014", "first_utc": "2026-07-22T02:11:00Z", "last_utc": "2026-07-22T02:11:00Z", "detections": 1, "frp_max_mw": 0.7, "frp_total_mw": 0.7, "pixel_area_ha": 14.1, "status": "out", "fire_class": "forest", "municipality": "Carreño", "province": "Asturias", "region": "Principado de Asturias", "muni_dist_km": 5.44}}, {"type": "Feature", "geometry": {"type": "Point", "coordinates": [-2.2978, 40.7754]}, "properties": {"id": "2db3db78e996", "ine": "19040", "first_utc": "2026-07-23T01:07:00Z", "last_utc": "2026-07-23T01:07:00Z", "detections": 1, "frp_max_mw": 0.7, "frp_total_mw": 0.7, "pixel_area_ha": 14.1, "status": "out", "fire_class": "forest", "municipality": "Armallones", "province": "Guadalajara", "region": "Castilla-La Mancha", "muni_dist_km": 4.82}}, {"type": "Feature", "geometry": {"type": "Point", "coordinates": [-0.5447, 38.3774]}, "properties": {"id": "6d6a98a28f5f", "ine": "03014", "first_utc": "2026-07-23T01:54:00Z", "last_utc": "2026-07-23T01:54:00Z", "detections": 1, "frp_max_mw": 0.7, "frp_total_mw": 0.7, "pixel_area_ha": 14.1, "status": "out", "fire_class": "forest", "municipality": "Alacant/Alicante", "province": "Alacant/Alicante", "region": "Comunitat Valenciana", "muni_dist_km": 0.82}}, {"type": "Feature", "geometry": {"type": "Point", "coordinates": [-4.2203, 40.3803]}, "properties": {"id": "f33dbfe3e94d", "ine": "28051", "first_utc": "2026-07-25T02:11:00Z", "last_utc": "2026-07-25T02:11:00Z", "detections": 1, "frp_max_mw": 0.7, "frp_total_mw": 0.7, "pixel_area_ha": 14.1, "status": "out", "fire_class": "forest", "municipality": "Chapinería", "province": "Madrid", "region": "Comunidad de Madrid", "muni_dist_km": 1.35}}, {"type": "Feature", "geometry": {"type": "Point", "coordinates": [-7.3536, 42.8954]}, "properties": {"id": "243edda93c3d", "ine": "27026", "first_utc": "2026-07-26T01:52:00Z", "last_utc": "2026-07-26T01:52:00Z", "detections": 1, "frp_max_mw": 0.7, "frp_total_mw": 0.7, "pixel_area_ha": 14.1, "status": "out", "fire_class": "forest", "municipality": "Láncara", "province": "Lugo", "region": "Galicia", "muni_dist_km": 5.75}}, {"type": "Feature", "geometry": {"type": "Point", "coordinates": [-5.7261, 43.5644]}, "properties": {"id": "fe84b246184e", "ine": "33014", "first_utc": "2026-07-27T01:32:00Z", "last_utc": "2026-07-27T01:32:00Z", "detections": 1, "frp_max_mw": 0.7, "frp_total_mw": 0.7, "pixel_area_ha": 14.1, "status": "dying_down", "fire_class": "forest", "municipality": "Carreño", "province": "Asturias", "region": "Principado de Asturias", "muni_dist_km": 5.48}}, {"type": "Feature", "geometry": {"type": "Point", "coordinates": [-6.4832, 38.3778]}, "properties": {"id": "b43c8d9592a6", "ine": "06008", "first_utc": "2026-06-01T02:21:00Z", "last_utc": "2026-06-01T02:21:00Z", "detections": 1, "frp_max_mw": 0.6, "frp_total_mw": 0.6, "pixel_area_ha": 14.1, "status": "out", "fire_class": "forest", "municipality": "Alconera", "province": "Badajoz", "region": "Extremadura", "muni_dist_km": 2.5}}, {"type": "Feature", "geometry": {"type": "Point", "coordinates": [-6.9795, 38.9052]}, "properties": {"id": "96954f51dfc6", "ine": "06015", "first_utc": "2026-06-01T02:21:00Z", "last_utc": "2026-06-01T02:21:00Z", "detections": 1, "frp_max_mw": 0.6, "frp_total_mw": 0.6, "pixel_area_ha": 14.1, "status": "out", "fire_class": "forest", "municipality": "Badajoz", "province": "Badajoz", "region": "Extremadura", "muni_dist_km": 11.54}}, {"type": "Feature", "geometry": {"type": "Point", "coordinates": [-5.5472, 37.6619]}, "properties": {"id": "eb27455a7ced", "ine": "41055", "first_utc": "2026-06-04T02:13:00Z", "last_utc": "2026-06-04T02:13:00Z", "detections": 1, "frp_max_mw": 0.6, "frp_total_mw": 0.6, "pixel_area_ha": 14.1, "status": "out", "fire_class": "forest", "municipality": "Lora del Río", "province": "Sevilla", "region": "Andalucía", "muni_dist_km": 3.53}}, {"type": "Feature", "geometry": {"type": "Point", "coordinates": [-3.1339, 37.2963]}, "properties": {"id": "3027d3cc5de8", "ine": "18128", "first_utc": "2026-06-05T02:28:00Z", "last_utc": "2026-06-05T02:28:00Z", "detections": 1, "frp_max_mw": 0.6, "frp_total_mw": 0.6, "pixel_area_ha": 14.1, "status": "out", "fire_class": "forest", "municipality": "Marchal", "province": "Granada", "region": "Andalucía", "muni_dist_km": 5.54}}, {"type": "Feature", "geometry": {"type": "Point", "coordinates": [-5.8642, 37.3587]}, "properties": {"id": "98ed3753f623", "ine": "41091", "first_utc": "2026-06-05T02:30:00Z", "last_utc": "2026-06-06T02:28:00Z", "detections": 2, "frp_max_mw": 0.6, "frp_total_mw": 0.9, "pixel_area_ha": 28.1, "status": "out", "fire_class": "forest", "municipality": "Sevilla", "province": "Sevilla", "region": "Andalucía", "muni_dist_km": 8.91}}, {"type": "Feature", "geometry": {"type": "Point", "coordinates": [-5.7221, 43.5607]}, "properties": {"id": "0f97bbc16db8", "ine": "33014", "first_utc": "2026-06-07T02:09:00Z", "last_utc": "2026-06-07T02:09:00Z", "detections": 1, "frp_max_mw": 0.6, "frp_total_mw": 0.6, "pixel_area_ha": 14.1, "status": "out", "fire_class": "forest", "municipality": "Carreño", "province": "Asturias", "region": "Principado de Asturias", "muni_dist_km": 5.69}}, {"type": "Feature", "geometry": {"type": "Point", "coordinates": [-3.6253, 40.0223]}, "properties": {"id": "7b85a277c9b7", "ine": "28013", "first_utc": "2026-06-08T01:32:00Z", "last_utc": "2026-06-08T01:32:00Z", "detections": 1, "frp_max_mw": 0.6, "frp_total_mw": 0.6, "pixel_area_ha": 14.1, "status": "out", "fire_class": "forest", "municipality": "Aranjuez", "province": "Madrid", "region": "Comunidad de Madrid", "muni_dist_km": 5.49}}, {"type": "Feature", "geometry": {"type": "Point", "coordinates": [-0.2486, 39.6637]}, "properties": {"id": "0b3227299be6", "ine": "46082", "first_utc": "2026-06-07T01:49:00Z", "last_utc": "2026-06-08T01:49:00Z", "detections": 3, "frp_max_mw": 0.6, "frp_total_mw": 1.4, "pixel_area_ha": 42.2, "status": "out", "fire_class": "forest", "municipality": "Canet d'En Berenguer", "province": "València/Valencia", "region": "Comunitat Valenciana", "muni_dist_km": 3.05}}, {"type": "Feature", "geometry": {"type": "Point", "coordinates": [2.1824, 41.4762]}, "properties": {"id": "7369a8b5b4c2", "ine": "08125", "first_utc": "2026-06-08T01:49:00Z", "last_utc": "2026-06-08T01:49:00Z", "detections": 1, "frp_max_mw": 0.6, "frp_total_mw": 0.6, "pixel_area_ha": 14.1, "status": "out", "fire_class": "urban", "municipality": "Montcada i Reixac", "province": "Barcelona", "region": "Cataluña", "muni_dist_km": 1.48}}, {"type": "Feature", "geometry": {"type": "Point", "coordinates": [-8.7926, 41.8927]}, "properties": {"id": "5133ad88ae32", "ine": "36023", "first_utc": "2026-06-10T02:34:00Z", "last_utc": "2026-06-10T02:34:00Z", "detections": 1, "frp_max_mw": 0.6, "frp_total_mw": 0.6, "pixel_area_ha": 14.1, "status": "out", "fire_class": "forest", "municipality": "A Guarda", "province": "Pontevedra", "region": "Galicia", "muni_dist_km": 5.81}}, {"type": "Feature", "geometry": {"type": "Point", "coordinates": [-6.4818, 38.38]}, "properties": {"id": "cea69be1a215", "ine": "06008", "first_utc": "2026-06-11T02:15:00Z", "last_utc": "2026-06-11T02:15:00Z", "detections": 1, "frp_max_mw": 0.6, "frp_total_mw": 0.6, "pixel_area_ha": 14.1, "status": "out", "fire_class": "forest", "municipality": "Alconera", "province": "Badajoz", "region": "Extremadura", "muni_dist_km": 2.23}}, {"type": "Feature", "geometry": {"type": "Point", "coordinates": [-5.8305, 43.5827]}, "properties": {"id": "ee89dcc24877", "ine": "33025", "first_utc": "2026-06-13T01:37:00Z", "last_utc": "2026-06-13T02:43:00Z", "detections": 4, "frp_max_mw": 0.6, "frp_total_mw": 2.2, "pixel_area_ha": 42.2, "status": "out", "fire_class": "forest", "municipality": "Gozón", "province": "Asturias", "region": "Principado de Asturias", "muni_dist_km": 2.52}}, {"type": "Feature", "geometry": {"type": "Point", "coordinates": [-2.8789, 43.2248]}, "properties": {"id": "4688b50ddfd2", "ine": "48015", "first_utc": "2026-06-14T01:39:00Z", "last_utc": "2026-06-14T01:39:00Z", "detections": 1, "frp_max_mw": 0.6, "frp_total_mw": 0.6, "pixel_area_ha": 14.1, "status": "out", "fire_class": "forest", "municipality": "Basauri", "province": "Bizkaia", "region": "País Vasco", "muni_dist_km": 1.04}}, {"type": "Feature", "geometry": {"type": "Point", "coordinates": [-3.8454, 43.4437]}, "properties": {"id": "013895461583", "ine": "39075", "first_utc": "2026-06-15T02:41:00Z", "last_utc": "2026-06-15T02:41:00Z", "detections": 1, "frp_max_mw": 0.6, "frp_total_mw": 0.6, "pixel_area_ha": 14.1, "status": "out", "fire_class": "forest", "municipality": "Santander", "province": "Cantabria", "region": "Cantabria", "muni_dist_km": 2.48}}, {"type": "Feature", "geometry": {"type": "Point", "coordinates": [-5.4231, 36.177]}, "properties": {"id": "49022343da20", "ine": "11022", "first_utc": "2026-06-16T01:47:00Z", "last_utc": "2026-06-16T01:47:00Z", "detections": 1, "frp_max_mw": 0.6, "frp_total_mw": 0.6, "pixel_area_ha": 14.1, "status": "out", "fire_class": "forest", "municipality": "La Línea de la Concepción", "province": "Cádiz", "region": "Andalucía", "muni_dist_km": 7.83}}, {"type": "Feature", "geometry": {"type": "Point", "coordinates": [-2.7708, 36.7492]}, "properties": {"id": "0ba9407191e5", "ine": "04902", "first_utc": "2026-06-16T02:41:00Z", "last_utc": "2026-06-16T02:41:00Z", "detections": 1, "frp_max_mw": 0.6, "frp_total_mw": 0.6, "pixel_area_ha": 14.1, "status": "out", "fire_class": "forest", "municipality": "El Ejido", "province": "Almería", "region": "Andalucía", "muni_dist_km": 0.95}}, {"type": "Feature", "geometry": {"type": "Point", "coordinates": [2.181, 41.4745]}, "properties": {"id": "f1f7589007c4", "ine": "08125", "first_utc": "2026-06-17T02:02:00Z", "last_utc": "2026-06-17T02:02:00Z", "detections": 1, "frp_max_mw": 0.6, "frp_total_mw": 0.6, "pixel_area_ha": 14.1, "status": "out", "fire_class": "agricultural", "municipality": "Montcada i Reixac", "province": "Barcelona", "region": "Cataluña", "muni_dist_km": 1.69}}, {"type": "Feature", "geometry": {"type": "Point", "coordinates": [-0.9376, 37.803]}, "properties": {"id": "c1170da01a62", "ine": "30037", "first_utc": "2026-06-17T02:04:00Z", "last_utc": "2026-06-17T02:04:00Z", "detections": 1, "frp_max_mw": 0.6, "frp_total_mw": 0.6, "pixel_area_ha": 14.1, "status": "out", "fire_class": "forest", "municipality": "Torre-Pacheco", "province": "Murcia", "region": "Región de Murcia", "muni_dist_km": 3.83}}, {"type": "Feature", "geometry": {"type": "Point", "coordinates": [-9.0887, 42.9824]}, "properties": {"id": "c2ec43063223", "ine": "15034", "first_utc": "2026-06-17T03:45:00Z", "last_utc": "2026-06-17T03:45:00Z", "detections": 1, "frp_max_mw": 0.6, "frp_total_mw": 0.6, "pixel_area_ha": 14.1, "status": "out", "fire_class": "forest", "municipality": "Dumbría", "province": "A Coruña", "region": "Galicia", "muni_dist_km": 0.96}}, {"type": "Feature", "geometry": {"type": "Point", "coordinates": [-1.1613, 41.7852]}, "properties": {"id": "2cf0532da9f5", "ine": "50064", "first_utc": "2026-06-18T01:09:00Z", "last_utc": "2026-06-18T01:09:00Z", "detections": 2, "frp_max_mw": 0.6, "frp_total_mw": 1.2, "pixel_area_ha": 28.1, "status": "out", "fire_class": "forest", "municipality": "Cabañas de Ebro", "province": "Zaragoza", "region": "Aragón", "muni_dist_km": 1.02}}, {"type": "Feature", "geometry": {"type": "Point", "coordinates": [-3.0048, 43.3168]}, "properties": {"id": "27bc887af183", "ine": "48084", "first_utc": "2026-06-19T02:30:00Z", "last_utc": "2026-06-19T02:30:00Z", "detections": 1, "frp_max_mw": 0.6, "frp_total_mw": 0.6, "pixel_area_ha": 14.1, "status": "out", "fire_class": "forest", "municipality": "Sestao", "province": "Bizkaia", "region": "País Vasco", "muni_dist_km": 1.05}}, {"type": "Feature", "geometry": {"type": "Point", "coordinates": [-5.8642, 37.3593]}, "properties": {"id": "eaaf7246d473", "ine": "41091", "first_utc": "2026-06-20T02:13:00Z", "last_utc": "2026-06-20T02:13:00Z", "detections": 1, "frp_max_mw": 0.6, "frp_total_mw": 0.6, "pixel_area_ha": 14.1, "status": "out", "fire_class": "forest", "municipality": "Sevilla", "province": "Sevilla", "region": "Andalucía", "muni_dist_km": 8.94}}, {"type": "Feature", "geometry": {"type": "Point", "coordinates": [-1.4026, 40.7831]}, "properties": {"id": "9213a677446b", "ine": "44153", "first_utc": "2026-06-23T01:15:00Z", "last_utc": "2026-06-23T02:11:00Z", "detections": 3, "frp_max_mw": 0.6, "frp_total_mw": 1.6, "pixel_area_ha": 42.2, "status": "out", "fire_class": "forest", "municipality": "Monreal del Campo", "province": "Teruel", "region": "Aragón", "muni_dist_km": 4.24}}, {"type": "Feature", "geometry": {"type": "Point", "coordinates": [-1.8814, 37.3093]}, "properties": {"id": "07c3cebec34b", "ine": "04035", "first_utc": "2026-06-24T00:58:00Z", "last_utc": "2026-06-24T00:58:00Z", "detections": 1, "frp_max_mw": 0.6, "frp_total_mw": 0.6, "pixel_area_ha": 14.1, "status": "out", "fire_class": "forest", "municipality": "Cuevas del Almanzora", "province": "Almería", "region": "Andalucía", "muni_dist_km": 6.06}}, {"type": "Feature", "geometry": {"type": "Point", "coordinates": [-1.028, 37.6795]}, "properties": {"id": "2498430d0d43", "ine": "30016", "first_utc": "2026-06-24T01:32:00Z", "last_utc": "2026-06-24T01:52:00Z", "detections": 3, "frp_max_mw": 0.6, "frp_total_mw": 1.8, "pixel_area_ha": 14.1, "status": "out", "fire_class": "forest", "municipality": "Cartagena", "province": "Murcia", "region": "Región de Murcia", "muni_dist_km": 5.56}}, {"type": "Feature", "geometry": {"type": "Point", "coordinates": [1.6052, 41.5782]}, "properties": {"id": "d026e2e6e674", "ine": "08102", "first_utc": "2026-06-24T01:49:00Z", "last_utc": "2026-06-24T02:38:00Z", "detections": 2, "frp_max_mw": 0.6, "frp_total_mw": 1.1, "pixel_area_ha": 28.1, "status": "out", "fire_class": "forest", "municipality": "Igualada", "province": "Barcelona", "region": "Cataluña", "muni_dist_km": 1.07}}, {"type": "Feature", "geometry": {"type": "Point", "coordinates": [-8.6899, 42.3975]}, "properties": {"id": "ff206ad93f76", "ine": "36026", "first_utc": "2026-06-24T02:38:00Z", "last_utc": "2026-06-24T02:38:00Z", "detections": 1, "frp_max_mw": 0.6, "frp_total_mw": 0.6, "pixel_area_ha": 14.1, "status": "out", "fire_class": "forest", "municipality": "Marín", "province": "Pontevedra", "region": "Galicia", "muni_dist_km": 4.39}}, {"type": "Feature", "geometry": {"type": "Point", "coordinates": [-8.7399, 43.1924]}, "properties": {"id": "64da5b5be537", "ine": "15029", "first_utc": "2026-06-24T02:38:00Z", "last_utc": "2026-06-24T02:38:00Z", "detections": 1, "frp_max_mw": 0.6, "frp_total_mw": 0.6, "pixel_area_ha": 14.1, "status": "out", "fire_class": "forest", "municipality": "Coristanco", "province": "A Coruña", "region": "Galicia", "muni_dist_km": 4.19}}, {"type": "Feature", "geometry": {"type": "Point", "coordinates": [-5.7407, 43.3721]}, "properties": {"id": "989aa264cee2", "ine": "33042", "first_utc": "2026-06-24T02:38:00Z", "last_utc": "2026-06-24T02:38:00Z", "detections": 1, "frp_max_mw": 0.6, "frp_total_mw": 0.6, "pixel_area_ha": 14.1, "status": "out", "fire_class": "forest", "municipality": "Noreña", "province": "Asturias", "region": "Principado de Asturias", "muni_dist_km": 4.6}}, {"type": "Feature", "geometry": {"type": "Point", "coordinates": [-13.6689, 28.9249]}, "properties": {"id": "64cd1a90dec6", "ine": "35028", "first_utc": "2026-06-24T02:43:00Z", "last_utc": "2026-06-24T02:43:00Z", "detections": 1, "frp_max_mw": 0.6, "frp_total_mw": 0.6, "pixel_area_ha": 14.1, "status": "out", "fire_class": "forest", "municipality": "Tías", "province": "Las Palmas", "region": "Canarias", "muni_dist_km": 3.53}}, {"type": "Feature", "geometry": {"type": "Point", "coordinates": [-5.7247, 43.5608]}, "properties": {"id": "ff8de4212359", "ine": "33014", "first_utc": "2026-06-25T02:17:00Z", "last_utc": "2026-06-26T02:34:00Z", "detections": 3, "frp_max_mw": 0.6, "frp_total_mw": 1.6, "pixel_area_ha": 14.1, "status": "out", "fire_class": "forest", "municipality": "Carreño", "province": "Asturias", "region": "Principado de Asturias", "muni_dist_km": 5.45}}, {"type": "Feature", "geometry": {"type": "Point", "coordinates": [-6.7091, 37.2814]}, "properties": {"id": "887e3dc40d7e", "ine": "21014", "first_utc": "2026-06-30T02:26:00Z", "last_utc": "2026-06-30T02:26:00Z", "detections": 1, "frp_max_mw": 0.6, "frp_total_mw": 0.6, "pixel_area_ha": 14.1, "status": "out", "fire_class": "forest", "municipality": "Bonares", "province": "Huelva", "region": "Andalucía", "muni_dist_km": 1.8}}, {"type": "Feature", "geometry": {"type": "Point", "coordinates": [-2.7703, 36.7492]}, "properties": {"id": "95e33de9e06d", "ine": "04902", "first_utc": "2026-07-01T01:20:00Z", "last_utc": "2026-07-01T01:20:00Z", "detections": 1, "frp_max_mw": 0.6, "frp_total_mw": 0.6, "pixel_area_ha": 14.1, "status": "out", "fire_class": "forest", "municipality": "El Ejido", "province": "Almería", "region": "Andalucía", "muni_dist_km": 0.99}}, {"type": "Feature", "geometry": {"type": "Point", "coordinates": [2.0037, 41.5548]}, "properties": {"id": "475de32270d9", "ine": "08279", "first_utc": "2026-07-01T03:00:00Z", "last_utc": "2026-07-01T03:00:00Z", "detections": 1, "frp_max_mw": 0.6, "frp_total_mw": 0.6, "pixel_area_ha": 14.1, "status": "out", "fire_class": "forest", "municipality": "Terrassa", "province": "Barcelona", "region": "Cataluña", "muni_dist_km": 2.31}}, {"type": "Feature", "geometry": {"type": "Point", "coordinates": [-4.8262, 37.2491]}, "properties": {"id": "7c3c7fdea55c", "ine": "41054", "first_utc": "2026-07-01T03:02:00Z", "last_utc": "2026-07-01T03:02:00Z", "detections": 1, "frp_max_mw": 0.6, "frp_total_mw": 0.6, "pixel_area_ha": 14.1, "status": "out", "fire_class": "forest", "municipality": "Lora de Estepa", "province": "Sevilla", "region": "Andalucía", "muni_dist_km": 2.5}}, {"type": "Feature", "geometry": {"type": "Point", "coordinates": [-5.762, 37.1692]}, "properties": {"id": "158024087f2b", "ine": "41063", "first_utc": "2026-07-02T02:24:00Z", "last_utc": "2026-07-02T02:24:00Z", "detections": 1, "frp_max_mw": 0.6, "frp_total_mw": 0.6, "pixel_area_ha": 14.1, "status": "out", "fire_class": "forest", "municipality": "Los Molares", "province": "Sevilla", "region": "Andalucía", "muni_dist_km": 7.02}}, {"type": "Feature", "geometry": {"type": "Point", "coordinates": [-4.7589, 37.3984]}, "properties": {"id": "4dfca82a7432", "ine": "14056", "first_utc": "2026-07-02T02:41:00Z", "last_utc": "2026-07-02T02:41:00Z", "detections": 1, "frp_max_mw": 0.6, "frp_total_mw": 0.6, "pixel_area_ha": 14.1, "status": "out", "fire_class": "forest", "municipality": "Puente Genil", "province": "Córdoba", "region": "Andalucía", "muni_dist_km": 0.51}}, {"type": "Feature", "geometry": {"type": "Point", "coordinates": [-6.3708, 39.9686]}, "properties": {"id": "23b4a6f782a2", "ine": "10903", "first_utc": "2026-07-02T02:41:00Z", "last_utc": "2026-07-02T02:41:00Z", "detections": 1, "frp_max_mw": 0.6, "frp_total_mw": 0.6, "pixel_area_ha": 14.1, "status": "out", "fire_class": "forest", "municipality": "Alagón del Río", "province": "Cáceres", "region": "Extremadura", "muni_dist_km": 4.42}}, {"type": "Feature", "geometry": {"type": "Point", "coordinates": [-3.2502, 40.8056]}, "properties": {"id": "a56a67ba3117", "ine": "19166", "first_utc": "2026-07-03T02:21:00Z", "last_utc": "2026-07-03T02:21:00Z", "detections": 1, "frp_max_mw": 0.6, "frp_total_mw": 0.6, "pixel_area_ha": 14.1, "status": "out", "fire_class": "forest", "municipality": "Málaga del Fresno", "province": "Guadalajara", "region": "Castilla-La Mancha", "muni_dist_km": 2.27}}, {"type": "Feature", "geometry": {"type": "Point", "coordinates": [-2.9971, 43.0775]}, "properties": {"id": "b2adf02b0181", "ine": "01002", "first_utc": "2026-07-06T02:47:00Z", "last_utc": "2026-07-06T03:06:00Z", "detections": 2, "frp_max_mw": 0.6, "frp_total_mw": 1.0, "pixel_area_ha": 28.1, "status": "out", "fire_class": "forest", "municipality": "Amurrio", "province": "Araba/Álava", "region": "País Vasco", "muni_dist_km": 5.89}}, {"type": "Feature", "geometry": {"type": "Point", "coordinates": [-5.7741, 43.3308]}, "properties": {"id": "899bea09fc81", "ine": "33031", "first_utc": "2026-07-07T02:28:00Z", "last_utc": "2026-07-07T02:28:00Z", "detections": 1, "frp_max_mw": 0.6, "frp_total_mw": 0.6, "pixel_area_ha": 14.1, "status": "out", "fire_class": "forest", "municipality": "Langreo", "province": "Asturias", "region": "Principado de Asturias", "muni_dist_km": 7.52}}, {"type": "Feature", "geometry": {"type": "Point", "coordinates": [-2.2194, 43.0423]}, "properties": {"id": "793f109779d4", "ine": "20058", "first_utc": "2026-07-10T01:49:00Z", "last_utc": "2026-07-10T01:49:00Z", "detections": 1, "frp_max_mw": 0.6, "frp_total_mw": 0.6, "pixel_area_ha": 14.1, "status": "out", "fire_class": "forest", "municipality": "Olaberria", "province": "Gipuzkoa", "region": "País Vasco", "muni_dist_km": 2.26}}, {"type": "Feature", "geometry": {"type": "Point", "coordinates": [-3.1431, 40.7495]}, "properties": {"id": "6e7619dad0da", "ine": "19331", "first_utc": "2026-07-11T02:17:00Z", "last_utc": "2026-07-11T02:17:00Z", "detections": 1, "frp_max_mw": 0.6, "frp_total_mw": 0.6, "pixel_area_ha": 14.1, "status": "out", "fire_class": "forest", "municipality": "Yunquera de Henares", "province": "Guadalajara", "region": "Castilla-La Mancha", "muni_dist_km": 2.91}}, {"type": "Feature", "geometry": {"type": "Point", "coordinates": [-1.741, 42.8138]}, "properties": {"id": "2f006153fc14", "ine": "31193", "first_utc": "2026-07-12T02:00:00Z", "last_utc": "2026-07-12T02:00:00Z", "detections": 1, "frp_max_mw": 0.6, "frp_total_mw": 0.6, "pixel_area_ha": 14.1, "status": "out", "fire_class": "forest", "municipality": "Cendea de Olza/Oltza Zendea", "province": "Navarra", "region": "Comunidad Foral de Navarra", "muni_dist_km": 2.16}}, {"type": "Feature", "geometry": {"type": "Point", "coordinates": [-5.2081, 42.5064]}, "properties": {"id": "8a72cc2f28ef", "ine": "24180", "first_utc": "2026-07-14T02:15:00Z", "last_utc": "2026-07-14T02:15:00Z", "detections": 1, "frp_max_mw": 0.6, "frp_total_mw": 0.6, "pixel_area_ha": 14.1, "status": "out", "fire_class": "forest", "official_area_ha": 8.87, "municipality": "Valdepolo", "province": "León", "region": "Castilla y León", "muni_dist_km": 5.52}}, {"type": "Feature", "geometry": {"type": "Point", "coordinates": [-6.7004, 38.7369]}, "properties": {"id": "585108a3b517", "ine": "06045", "first_utc": "2026-07-14T02:17:00Z", "last_utc": "2026-07-14T03:04:00Z", "detections": 4, "frp_max_mw": 0.6, "frp_total_mw": 2.0, "pixel_area_ha": 56.2, "status": "out", "fire_class": "forest", "municipality": "Entrín Bajo", "province": "Badajoz", "region": "Extremadura", "muni_dist_km": 2.44}}, {"type": "Feature", "geometry": {"type": "Point", "coordinates": [2.5973, 42.0758]}, "properties": {"id": "20ee81249676", "ine": "17183", "first_utc": "2026-07-18T01:45:00Z", "last_utc": "2026-07-18T01:45:00Z", "detections": 1, "frp_max_mw": 0.6, "frp_total_mw": 0.6, "pixel_area_ha": 14.1, "status": "out", "fire_class": "forest", "municipality": "Sant Aniol de Finestres", "province": "Girona", "region": "Cataluña", "muni_dist_km": 0.43}}, {"type": "Feature", "geometry": {"type": "Point", "coordinates": [-6.4823, 38.3789]}, "properties": {"id": "54bf4649885d", "ine": "06008", "first_utc": "2026-07-18T02:24:00Z", "last_utc": "2026-07-18T02:24:00Z", "detections": 1, "frp_max_mw": 0.6, "frp_total_mw": 0.6, "pixel_area_ha": 14.1, "status": "out", "fire_class": "forest", "municipality": "Alconera", "province": "Badajoz", "region": "Extremadura", "muni_dist_km": 2.37}}, {"type": "Feature", "geometry": {"type": "Point", "coordinates": [-3.0038, 43.3164]}, "properties": {"id": "0955ebcd4249", "ine": "48084", "first_utc": "2026-07-21T01:43:00Z", "last_utc": "2026-07-21T02:30:00Z", "detections": 2, "frp_max_mw": 0.6, "frp_total_mw": 1.1, "pixel_area_ha": 28.1, "status": "out", "fire_class": "forest", "municipality": "Sestao", "province": "Bizkaia", "region": "País Vasco", "muni_dist_km": 0.88}}, {"type": "Feature", "geometry": {"type": "Point", "coordinates": [-1.5121, 42.9214]}, "properties": {"id": "299ca329ce3d", "ine": "31098", "first_utc": "2026-07-20T02:49:00Z", "last_utc": "2026-07-22T02:47:00Z", "detections": 6, "frp_max_mw": 0.6, "frp_total_mw": 2.7, "pixel_area_ha": 28.1, "status": "out", "fire_class": "forest", "municipality": "Esteribar", "province": "Navarra", "region": "Comunidad Foral de Navarra", "muni_dist_km": 2.94}}, {"type": "Feature", "geometry": {"type": "Point", "coordinates": [2.4299, 41.8531]}, "properties": {"id": "945141a0f9ee", "ine": "17063", "first_utc": "2026-07-27T02:53:00Z", "last_utc": "2026-07-27T02:53:00Z", "detections": 2, "frp_max_mw": 0.6, "frp_total_mw": 1.0, "pixel_area_ha": 28.1, "status": "dying_down", "fire_class": "forest", "municipality": "Espinelves", "province": "Girona", "region": "Cataluña", "muni_dist_km": 2.32}}, {"type": "Feature", "geometry": {"type": "Point", "coordinates": [-2.7719, 43.2064]}, "properties": {"id": "8d0e459139e7", "ine": "48055", "first_utc": "2026-07-28T02:36:00Z", "last_utc": "2026-07-28T02:36:00Z", "detections": 1, "frp_max_mw": 0.6, "frp_total_mw": 0.6, "pixel_area_ha": 14.1, "status": "active", "fire_class": "forest", "municipality": "Lemoa", "province": "Bizkaia", "region": "País Vasco", "muni_dist_km": 0.24}}, {"type": "Feature", "geometry": {"type": "Point", "coordinates": [-6.7672, 42.5522]}, "properties": {"id": "35f729da1b92", "ine": "24206", "first_utc": "2026-07-28T02:36:00Z", "last_utc": "2026-07-28T02:36:00Z", "detections": 1, "frp_max_mw": 0.6, "frp_total_mw": 0.6, "pixel_area_ha": 14.1, "status": "active", "fire_class": "forest", "municipality": "Toral de los Vados", "province": "León", "region": "Castilla y León", "muni_dist_km": 0.7}}, {"type": "Feature", "geometry": {"type": "Point", "coordinates": [-4.9953, 37.2433]}, "properties": {"id": "431a224934db", "ine": "41001", "first_utc": "2026-06-01T02:21:00Z", "last_utc": "2026-06-01T02:21:00Z", "detections": 1, "frp_max_mw": 0.5, "frp_total_mw": 0.5, "pixel_area_ha": 14.1, "status": "out", "fire_class": "forest", "municipality": "Aguadulce", "province": "Sevilla", "region": "Andalucía", "muni_dist_km": 1.62}}, {"type": "Feature", "geometry": {"type": "Point", "coordinates": [-6.4122, 38.7852]}, "properties": {"id": "04d3ed762717", "ine": "06133", "first_utc": "2026-06-03T03:23:00Z", "last_utc": "2026-06-03T03:23:00Z", "detections": 2, "frp_max_mw": 0.5, "frp_total_mw": 0.9, "pixel_area_ha": 28.1, "status": "out", "fire_class": "forest", "municipality": "Torremejía", "province": "Badajoz", "region": "Extremadura", "muni_dist_km": 3.15}}, {"type": "Feature", "geometry": {"type": "Point", "coordinates": [-5.7243, 43.5615]}, "properties": {"id": "48b058e10bfa", "ine": "33014", "first_utc": "2026-06-06T01:34:00Z", "last_utc": "2026-06-06T01:34:00Z", "detections": 1, "frp_max_mw": 0.5, "frp_total_mw": 0.5, "pixel_area_ha": 14.1, "status": "out", "fire_class": "forest", "municipality": "Carreño", "province": "Asturias", "region": "Principado de Asturias", "muni_dist_km": 5.53}}, {"type": "Feature", "geometry": {"type": "Point", "coordinates": [-0.2473, 39.6662]}, "properties": {"id": "2dd224683aea", "ine": "46082", "first_utc": "2026-06-10T01:13:00Z", "last_utc": "2026-06-10T01:13:00Z", "detections": 1, "frp_max_mw": 0.5, "frp_total_mw": 0.5, "pixel_area_ha": 14.1, "status": "out", "fire_class": "forest", "municipality": "Canet d'En Berenguer", "province": "València/Valencia", "region": "Comunitat Valenciana", "muni_dist_km": 3.1}}, {"type": "Feature", "geometry": {"type": "Point", "coordinates": [-7.2321, 38.7294]}, "properties": {"id": "eba360756ef9", "ine": "06095", "first_utc": "2026-06-10T02:53:00Z", "last_utc": "2026-06-10T02:53:00Z", "detections": 1, "frp_max_mw": 0.5, "frp_total_mw": 0.5, "pixel_area_ha": 14.1, "status": "out", "fire_class": "forest", "municipality": "Olivenza", "province": "Badajoz", "region": "Extremadura", "muni_dist_km": 12.79}}, {"type": "Feature", "geometry": {"type": "Point", "coordinates": [2.1834, 41.4765]}, "properties": {"id": "be8612d62771", "ine": "08125", "first_utc": "2026-06-12T01:56:00Z", "last_utc": "2026-06-12T01:56:00Z", "detections": 1, "frp_max_mw": 0.5, "frp_total_mw": 0.5, "pixel_area_ha": 14.1, "status": "out", "fire_class": "forest", "municipality": "Montcada i Reixac", "province": "Barcelona", "region": "Cataluña", "muni_dist_km": 1.44}}, {"type": "Feature", "geometry": {"type": "Point", "coordinates": [-8.4594, 43.3455]}, "properties": {"id": "2c379e9fe3c0", "ine": "15030", "first_utc": "2026-06-12T01:56:00Z", "last_utc": "2026-06-12T01:56:00Z", "detections": 1, "frp_max_mw": 0.5, "frp_total_mw": 0.5, "pixel_area_ha": 14.1, "status": "out", "fire_class": "forest", "municipality": "A Coruña", "province": "A Coruña", "region": "Galicia", "muni_dist_km": 3.0}}, {"type": "Feature", "geometry": {"type": "Point", "coordinates": [-6.4998, 38.9537]}, "properties": {"id": "70e6f1110e4f", "ine": "06058", "first_utc": "2026-06-12T01:58:00Z", "last_utc": "2026-06-12T01:58:00Z", "detections": 2, "frp_max_mw": 0.5, "frp_total_mw": 0.9, "pixel_area_ha": 28.1, "status": "out", "fire_class": "forest", "municipality": "La Garrovilla", "province": "Badajoz", "region": "Extremadura", "muni_dist_km": 2.4}}, {"type": "Feature", "geometry": {"type": "Point", "coordinates": [-6.3677, 39.4775]}, "properties": {"id": "145d4f312e81", "ine": "10177", "first_utc": "2026-06-14T01:39:00Z", "last_utc": "2026-06-14T01:39:00Z", "detections": 1, "frp_max_mw": 0.5, "frp_total_mw": 0.5, "pixel_area_ha": 14.1, "status": "out", "fire_class": "forest", "municipality": "Sierra de Fuentes", "province": "Cáceres", "region": "Extremadura", "muni_dist_km": 11.31}}, {"type": "Feature", "geometry": {"type": "Point", "coordinates": [-3.8989, 40.012]}, "properties": {"id": "2ee96d8f8792", "ine": "45188", "first_utc": "2026-06-15T03:00:00Z", "last_utc": "2026-06-15T03:00:00Z", "detections": 1, "frp_max_mw": 0.5, "frp_total_mw": 0.5, "pixel_area_ha": 14.1, "status": "out", "fire_class": "forest", "municipality": "Villaluenga de la Sagra", "province": "Toledo", "region": "Castilla-La Mancha", "muni_dist_km": 1.69}}, {"type": "Feature", "geometry": {"type": "Point", "coordinates": [-1.022, 38.4178]}, "properties": {"id": "6d0329a8defb", "ine": "03105", "first_utc": "2026-06-17T02:21:00Z", "last_utc": "2026-06-17T02:21:00Z", "detections": 1, "frp_max_mw": 0.5, "frp_total_mw": 0.5, "pixel_area_ha": 14.1, "status": "out", "fire_class": "forest", "municipality": "el Pinós/Pinoso", "province": "Alacant/Alicante", "region": "Comunitat Valenciana", "muni_dist_km": 0.87}}, {"type": "Feature", "geometry": {"type": "Point", "coordinates": [-8.4376, 43.3467]}, "properties": {"id": "08e225d5ba23", "ine": "15030", "first_utc": "2026-06-19T02:32:00Z", "last_utc": "2026-06-19T02:32:00Z", "detections": 2, "frp_max_mw": 0.5, "frp_total_mw": 1.0, "pixel_area_ha": 28.1, "status": "out", "fire_class": "forest", "municipality": "A Coruña", "province": "A Coruña", "region": "Galicia", "muni_dist_km": 1.23}}, {"type": "Feature", "geometry": {"type": "Point", "coordinates": [-3.7778, 38.0817]}, "properties": {"id": "6922ab8accf5", "ine": "23010", "first_utc": "2026-06-20T02:47:00Z", "last_utc": "2026-06-20T02:47:00Z", "detections": 1, "frp_max_mw": 0.5, "frp_total_mw": 0.5, "pixel_area_ha": 14.1, "status": "out", "fire_class": "forest", "municipality": "Bailén", "province": "Jaén", "region": "Andalucía", "muni_dist_km": 1.22}}, {"type": "Feature", "geometry": {"type": "Point", "coordinates": [-2.4292, 43.1016]}, "properties": {"id": "3300145587f8", "ine": "20074", "first_utc": "2026-06-23T01:49:00Z", "last_utc": "2026-06-23T01:49:00Z", "detections": 1, "frp_max_mw": 0.5, "frp_total_mw": 0.5, "pixel_area_ha": 14.1, "status": "out", "fire_class": "forest", "municipality": "Bergara", "province": "Gipuzkoa", "region": "País Vasco", "muni_dist_km": 2.57}}, {"type": "Feature", "geometry": {"type": "Point", "coordinates": [2.1163, 41.3904]}, "properties": {"id": "07ac0ab29baa", "ine": "08077", "first_utc": "2026-06-25T01:13:00Z", "last_utc": "2026-06-25T01:13:00Z", "detections": 1, "frp_max_mw": 0.5, "frp_total_mw": 0.5, "pixel_area_ha": 14.1, "status": "out", "fire_class": "urban", "municipality": "Esplugues de Llobregat", "province": "Barcelona", "region": "Cataluña", "muni_dist_km": 2.48}}, {"type": "Feature", "geometry": {"type": "Point", "coordinates": [-4.0869, 37.594]}, "properties": {"id": "0607b5168be6", "ine": "23003", "first_utc": "2026-06-27T02:17:00Z", "last_utc": "2026-06-27T02:17:00Z", "detections": 1, "frp_max_mw": 0.5, "frp_total_mw": 0.5, "pixel_area_ha": 14.1, "status": "out", "fire_class": "forest", "municipality": "Alcaudete", "province": "Jaén", "region": "Andalucía", "muni_dist_km": 1.36}}, {"type": "Feature", "geometry": {"type": "Point", "coordinates": [-6.6723, 37.3597]}, "properties": {"id": "41e2a5afce26", "ine": "21077", "first_utc": "2026-07-01T02:09:00Z", "last_utc": "2026-07-01T02:09:00Z", "detections": 1, "frp_max_mw": 0.5, "frp_total_mw": 0.5, "pixel_area_ha": 14.1, "status": "out", "fire_class": "forest", "municipality": "Villarrasa", "province": "Huelva", "region": "Andalucía", "muni_dist_km": 6.01}}, {"type": "Feature", "geometry": {"type": "Point", "coordinates": [-2.7751, 43.2063]}, "properties": {"id": "d55bcf1c5d9d", "ine": "48055", "first_utc": "2026-07-02T02:21:00Z", "last_utc": "2026-07-02T02:21:00Z", "detections": 1, "frp_max_mw": 0.5, "frp_total_mw": 0.5, "pixel_area_ha": 14.1, "status": "out", "fire_class": "forest", "municipality": "Lemoa", "province": "Bizkaia", "region": "País Vasco", "muni_dist_km": 0.42}}, {"type": "Feature", "geometry": {"type": "Point", "coordinates": [-4.5828, 37.4646]}, "properties": {"id": "8c958089eec9", "ine": "14044", "first_utc": "2026-07-04T02:04:00Z", "last_utc": "2026-07-04T02:04:00Z", "detections": 1, "frp_max_mw": 0.5, "frp_total_mw": 0.5, "pixel_area_ha": 14.1, "status": "out", "fire_class": "forest", "municipality": "Monturque", "province": "Córdoba", "region": "Andalucía", "muni_dist_km": 1.26}}, {"type": "Feature", "geometry": {"type": "Point", "coordinates": [-4.9322, 43.3397]}, "properties": {"id": "6028ba2f39f7", "ine": "33043", "first_utc": "2026-07-05T03:06:00Z", "last_utc": "2026-07-05T03:06:00Z", "detections": 1, "frp_max_mw": 0.5, "frp_total_mw": 0.5, "pixel_area_ha": 14.1, "status": "out", "fire_class": "forest", "municipality": "Onís", "province": "Asturias", "region": "Principado de Asturias", "muni_dist_km": 4.4}}, {"type": "Feature", "geometry": {"type": "Point", "coordinates": [-7.9881, 42.5881]}, "properties": {"id": "cd966e9c868e", "ine": "36016", "first_utc": "2026-07-07T02:28:00Z", "last_utc": "2026-07-07T02:28:00Z", "detections": 1, "frp_max_mw": 0.5, "frp_total_mw": 0.5, "pixel_area_ha": 14.1, "status": "out", "fire_class": "forest", "municipality": "Dozón", "province": "Pontevedra", "region": "Galicia", "muni_dist_km": 4.79}}, {"type": "Feature", "geometry": {"type": "Point", "coordinates": [-5.1589, 37.3849]}, "properties": {"id": "a6cb503b8af8", "ine": "41052", "first_utc": "2026-07-09T02:13:00Z", "last_utc": "2026-07-09T02:13:00Z", "detections": 1, "frp_max_mw": 0.5, "frp_total_mw": 0.5, "pixel_area_ha": 14.1, "status": "out", "fire_class": "forest", "municipality": "Lantejuela", "province": "Sevilla", "region": "Andalucía", "muni_dist_km": 6.05}}, {"type": "Feature", "geometry": {"type": "Point", "coordinates": [-6.061, 37.2946]}, "properties": {"id": "3ec6ce30bbb1", "ine": "41070", "first_utc": "2026-07-14T02:17:00Z", "last_utc": "2026-07-14T02:17:00Z", "detections": 1, "frp_max_mw": 0.5, "frp_total_mw": 0.5, "pixel_area_ha": 14.1, "status": "out", "fire_class": "forest", "municipality": "Palomares del Río", "province": "Sevilla", "region": "Andalucía", "muni_dist_km": 2.28}}, {"type": "Feature", "geometry": {"type": "Point", "coordinates": [-6.4846, 38.3779]}, "properties": {"id": "16c8f10e8a2d", "ine": "06008", "first_utc": "2026-07-20T01:45:00Z", "last_utc": "2026-07-20T01:45:00Z", "detections": 1, "frp_max_mw": 0.5, "frp_total_mw": 0.5, "pixel_area_ha": 14.1, "status": "out", "fire_class": "forest", "municipality": "Alconera", "province": "Badajoz", "region": "Extremadura", "muni_dist_km": 2.52}}, {"type": "Feature", "geometry": {"type": "Point", "coordinates": [-4.2471, 38.6749]}, "properties": {"id": "ba69ffed1a23", "ine": "13026", "first_utc": "2026-07-25T02:13:00Z", "last_utc": "2026-07-25T02:13:00Z", "detections": 1, "frp_max_mw": 0.5, "frp_total_mw": 0.5, "pixel_area_ha": 14.1, "status": "out", "fire_class": "forest", "municipality": "Cabezarrubias del Puerto", "province": "Ciudad Real", "region": "Castilla-La Mancha", "muni_dist_km": 12.58}}, {"type": "Feature", "geometry": {"type": "Point", "coordinates": [-4.7538, 37.5155]}, "properties": {"id": "ba53aeb3fe37", "ine": "14040", "first_utc": "2026-06-01T01:30:00Z", "last_utc": "2026-06-01T02:21:00Z", "detections": 2, "frp_max_mw": 0.4, "frp_total_mw": 0.6, "pixel_area_ha": 14.1, "status": "out", "fire_class": "forest", "municipality": "Montalbán de Córdoba", "province": "Córdoba", "region": "Andalucía", "muni_dist_km": 3.9}}, {"type": "Feature", "geometry": {"type": "Point", "coordinates": [-5.6036, 37.208]}, "properties": {"id": "ef5970b2aafb", "ine": "41011", "first_utc": "2026-06-04T02:13:00Z", "last_utc": "2026-06-04T03:06:00Z", "detections": 2, "frp_max_mw": 0.4, "frp_total_mw": 0.8, "pixel_area_ha": 28.1, "status": "out", "fire_class": "forest", "municipality": "Arahal", "province": "Sevilla", "region": "Andalucía", "muni_dist_km": 2.75}}, {"type": "Feature", "geometry": {"type": "Point", "coordinates": [-6.3384, 38.667]}, "properties": {"id": "506e7bf09f7a", "ine": "06011", "first_utc": "2026-06-06T03:15:00Z", "last_utc": "2026-06-06T03:15:00Z", "detections": 1, "frp_max_mw": 0.4, "frp_total_mw": 0.4, "pixel_area_ha": 14.1, "status": "out", "fire_class": "forest", "municipality": "Almendralejo", "province": "Badajoz", "region": "Extremadura", "muni_dist_km": 7.69}}, {"type": "Feature", "geometry": {"type": "Point", "coordinates": [-16.2938, 28.4601]}, "properties": {"id": "525a8d7d7639", "ine": "38023", "first_utc": "2026-06-08T02:43:00Z", "last_utc": "2026-06-08T02:43:00Z", "detections": 1, "frp_max_mw": 0.4, "frp_total_mw": 0.4, "pixel_area_ha": 14.1, "status": "out", "fire_class": "forest", "municipality": "San Cristóbal de La Laguna", "province": "Santa Cruz de Tenerife", "region": "Canarias", "muni_dist_km": 6.38}}, {"type": "Feature", "geometry": {"type": "Point", "coordinates": [2.183, 41.4757]}, "properties": {"id": "a926a63395d7", "ine": "08125", "first_utc": "2026-06-09T02:51:00Z", "last_utc": "2026-06-09T02:51:00Z", "detections": 1, "frp_max_mw": 0.4, "frp_total_mw": 0.4, "pixel_area_ha": 14.1, "status": "out", "fire_class": "urban", "municipality": "Montcada i Reixac", "province": "Barcelona", "region": "Cataluña", "muni_dist_km": 1.53}}, {"type": "Feature", "geometry": {"type": "Point", "coordinates": [-2.7331, 36.7751]}, "properties": {"id": "60009874f4ea", "ine": "04903", "first_utc": "2026-06-09T02:53:00Z", "last_utc": "2026-06-09T02:53:00Z", "detections": 1, "frp_max_mw": 0.4, "frp_total_mw": 0.4, "pixel_area_ha": 14.1, "status": "out", "fire_class": "forest", "municipality": "La Mojonera", "province": "Almería", "region": "Andalucía", "muni_dist_km": 3.66}}, {"type": "Feature", "geometry": {"type": "Point", "coordinates": [-5.7547, 43.5499]}, "properties": {"id": "386f672e9ebb", "ine": "33014", "first_utc": "2026-06-10T02:34:00Z", "last_utc": "2026-06-10T02:34:00Z", "detections": 1, "frp_max_mw": 0.4, "frp_total_mw": 0.4, "pixel_area_ha": 14.1, "status": "out", "fire_class": "forest", "municipality": "Carreño", "province": "Asturias", "region": "Principado de Asturias", "muni_dist_km": 2.93}}, {"type": "Feature", "geometry": {"type": "Point", "coordinates": [-4.1599, 42.875]}, "properties": {"id": "fca9ec8d80e9", "ine": "39092", "first_utc": "2026-06-12T01:56:00Z", "last_utc": "2026-06-12T01:56:00Z", "detections": 1, "frp_max_mw": 0.4, "frp_total_mw": 0.4, "pixel_area_ha": 14.1, "status": "out", "fire_class": "forest", "municipality": "Valdeolea", "province": "Cantabria", "region": "Cantabria", "muni_dist_km": 4.03}}, {"type": "Feature", "geometry": {"type": "Point", "coordinates": [-2.8024, 36.7837]}, "properties": {"id": "8cda838fe8ee", "ine": "04902", "first_utc": "2026-06-12T02:15:00Z", "last_utc": "2026-06-12T02:15:00Z", "detections": 1, "frp_max_mw": 0.4, "frp_total_mw": 0.4, "pixel_area_ha": 14.1, "status": "out", "fire_class": "forest", "municipality": "El Ejido", "province": "Almería", "region": "Andalucía", "muni_dist_km": 4.37}}, {"type": "Feature", "geometry": {"type": "Point", "coordinates": [-5.668, 38.7458]}, "properties": {"id": "bd3501638ce8", "ine": "06109", "first_utc": "2026-06-13T01:37:00Z", "last_utc": "2026-06-13T01:37:00Z", "detections": 1, "frp_max_mw": 0.4, "frp_total_mw": 0.4, "pixel_area_ha": 14.1, "status": "out", "fire_class": "forest", "municipality": "Quintana de la Serena", "province": "Badajoz", "region": "Extremadura", "muni_dist_km": 4.85}}, {"type": "Feature", "geometry": {"type": "Point", "coordinates": [-0.2468, 39.6632]}, "properties": {"id": "560ebc2ef02d", "ine": "46082", "first_utc": "2026-06-13T01:37:00Z", "last_utc": "2026-06-13T01:37:00Z", "detections": 1, "frp_max_mw": 0.4, "frp_total_mw": 0.4, "pixel_area_ha": 14.1, "status": "out", "fire_class": "forest", "municipality": "Canet d'En Berenguer", "province": "València/Valencia", "region": "Comunitat Valenciana", "muni_dist_km": 3.26}}, {"type": "Feature", "geometry": {"type": "Point", "coordinates": [-1.5105, 42.9223]}, "properties": {"id": "77ba492f7f2e", "ine": "31098", "first_utc": "2026-06-16T02:21:00Z", "last_utc": "2026-06-16T02:21:00Z", "detections": 1, "frp_max_mw": 0.4, "frp_total_mw": 0.4, "pixel_area_ha": 14.1, "status": "out", "fire_class": "forest", "municipality": "Esteribar", "province": "Navarra", "region": "Comunidad Foral de Navarra", "muni_dist_km": 2.98}}, {"type": "Feature", "geometry": {"type": "Point", "coordinates": [-0.8988, 38.0853]}, "properties": {"id": "309491d90a6d", "ine": "03099", "first_utc": "2026-06-17T02:21:00Z", "last_utc": "2026-06-17T02:21:00Z", "detections": 1, "frp_max_mw": 0.4, "frp_total_mw": 0.4, "pixel_area_ha": 14.1, "status": "out", "fire_class": "forest", "municipality": "Orihuela", "province": "Alacant/Alicante", "region": "Comunitat Valenciana", "muni_dist_km": 2.22}}, {"type": "Feature", "geometry": {"type": "Point", "coordinates": [1.3506, 41.6181]}, "properties": {"id": "1e551f1a3da1", "ine": "25905", "first_utc": "2026-06-18T01:43:00Z", "last_utc": "2026-06-18T02:02:00Z", "detections": 2, "frp_max_mw": 0.4, "frp_total_mw": 0.6, "pixel_area_ha": 14.1, "status": "out", "fire_class": "agricultural", "municipality": "Ribera d'Ondara", "province": "Lleida", "region": "Cataluña", "muni_dist_km": 2.43}}, {"type": "Feature", "geometry": {"type": "Point", "coordinates": [-3.9017, 40.0124]}, "properties": {"id": "9f13312afb0a", "ine": "45188", "first_utc": "2026-06-19T03:06:00Z", "last_utc": "2026-06-19T03:06:00Z", "detections": 1, "frp_max_mw": 0.4, "frp_total_mw": 0.4, "pixel_area_ha": 14.1, "status": "out", "fire_class": "forest", "municipality": "Villaluenga de la Sagra", "province": "Toledo", "region": "Castilla-La Mancha", "muni_dist_km": 1.52}}, {"type": "Feature", "geometry": {"type": "Point", "coordinates": [-8.8839, 42.4917]}, "properties": {"id": "97a0502e68d6", "ine": "36022", "first_utc": "2026-06-24T02:38:00Z", "last_utc": "2026-06-24T02:38:00Z", "detections": 1, "frp_max_mw": 0.4, "frp_total_mw": 0.4, "pixel_area_ha": 14.1, "status": "out", "fire_class": "forest", "municipality": "O Grove", "province": "Pontevedra", "region": "Galicia", "muni_dist_km": 2.08}}, {"type": "Feature", "geometry": {"type": "Point", "coordinates": [-5.7495, 43.5481]}, "properties": {"id": "19e8d7fe5e58", "ine": "33014", "first_utc": "2026-06-26T02:34:00Z", "last_utc": "2026-06-26T02:34:00Z", "detections": 1, "frp_max_mw": 0.4, "frp_total_mw": 0.4, "pixel_area_ha": 14.1, "status": "out", "fire_class": "forest", "municipality": "Carreño", "province": "Asturias", "region": "Principado de Asturias", "muni_dist_km": 3.36}}, {"type": "Feature", "geometry": {"type": "Point", "coordinates": [-1.5119, 42.9225]}, "properties": {"id": "a3656f17327f", "ine": "31098", "first_utc": "2026-06-27T02:15:00Z", "last_utc": "2026-06-27T02:15:00Z", "detections": 1, "frp_max_mw": 0.4, "frp_total_mw": 0.4, "pixel_area_ha": 14.1, "status": "out", "fire_class": "forest", "municipality": "Esteribar", "province": "Navarra", "region": "Comunidad Foral de Navarra", "muni_dist_km": 2.9}}, {"type": "Feature", "geometry": {"type": "Point", "coordinates": [-5.5038, 42.5674]}, "properties": {"id": "a690b9da69e4", "ine": "24227", "first_utc": "2026-07-09T01:49:00Z", "last_utc": "2026-07-09T01:49:00Z", "detections": 1, "frp_max_mw": 0.4, "frp_total_mw": 0.4, "pixel_area_ha": 14.1, "status": "out", "fire_class": "forest", "municipality": "Villaturiel", "province": "León", "region": "Castilla y León", "muni_dist_km": 4.94}}, {"type": "Feature", "geometry": {"type": "Point", "coordinates": [-5.8979, 43.0978]}, "properties": {"id": "738e0774b87a", "ine": "33033", "first_utc": "2026-07-13T02:34:00Z", "last_utc": "2026-07-13T02:34:00Z", "detections": 1, "frp_max_mw": 0.4, "frp_total_mw": 0.4, "pixel_area_ha": 14.1, "status": "out", "fire_class": "forest", "municipality": "Lena", "province": "Asturias", "region": "Principado de Asturias", "muni_dist_km": 6.76}}, {"type": "Feature", "geometry": {"type": "Point", "coordinates": [-5.8145, 43.4419]}, "properties": {"id": "9e1504a009fb", "ine": "33035", "first_utc": "2026-07-13T02:34:00Z", "last_utc": "2026-07-13T02:34:00Z", "detections": 1, "frp_max_mw": 0.4, "frp_total_mw": 0.4, "pixel_area_ha": 14.1, "status": "out", "fire_class": "forest", "municipality": "Llanera", "province": "Asturias", "region": "Principado de Asturias", "muni_dist_km": 4.04}}, {"type": "Feature", "geometry": {"type": "Point", "coordinates": [-5.7619, 37.476]}, "properties": {"id": "baedec7e1ef5", "ine": "41102", "first_utc": "2026-07-19T02:24:00Z", "last_utc": "2026-07-19T02:24:00Z", "detections": 1, "frp_max_mw": 0.4, "frp_total_mw": 0.4, "pixel_area_ha": 14.1, "status": "out", "fire_class": "forest", "municipality": "El Viso del Alcor", "province": "Sevilla", "region": "Andalucía", "muni_dist_km": 11.05}}, {"type": "Feature", "geometry": {"type": "Point", "coordinates": [-5.8148, 43.4423]}, "properties": {"id": "1711ef744527", "ine": "33035", "first_utc": "2026-07-21T02:32:00Z", "last_utc": "2026-07-21T02:32:00Z", "detections": 1, "frp_max_mw": 0.4, "frp_total_mw": 0.4, "pixel_area_ha": 14.1, "status": "out", "fire_class": "forest", "municipality": "Llanera", "province": "Asturias", "region": "Principado de Asturias", "muni_dist_km": 4.0}}, {"type": "Feature", "geometry": {"type": "Point", "coordinates": [-2.7725, 43.2078]}, "properties": {"id": "38382f46ca61", "ine": "48055", "first_utc": "2026-07-23T02:28:00Z", "last_utc": "2026-07-23T02:28:00Z", "detections": 1, "frp_max_mw": 0.4, "frp_total_mw": 0.4, "pixel_area_ha": 14.1, "status": "out", "fire_class": "forest", "municipality": "Lemoa", "province": "Bizkaia", "region": "País Vasco", "muni_dist_km": 0.4}}, {"type": "Feature", "geometry": {"type": "Point", "coordinates": [-3.1456, 41.1565]}, "properties": {"id": "b844c75d718f", "ine": "19146", "first_utc": "2026-07-25T01:52:00Z", "last_utc": "2026-07-25T01:52:00Z", "detections": 1, "frp_max_mw": 0.4, "frp_total_mw": 0.4, "pixel_area_ha": 14.1, "status": "out", "fire_class": "forest", "municipality": "La Huerce", "province": "Guadalajara", "region": "Castilla-La Mancha", "muni_dist_km": 2.8}}, {"type": "Feature", "geometry": {"type": "Point", "coordinates": [-5.7545, 43.5495]}, "properties": {"id": "a8aae94b1ec1", "ine": "33014", "first_utc": "2026-06-01T02:19:00Z", "last_utc": "2026-06-01T02:19:00Z", "detections": 1, "frp_max_mw": 0.3, "frp_total_mw": 0.3, "pixel_area_ha": 14.1, "status": "out", "fire_class": "forest", "municipality": "Carreño", "province": "Asturias", "region": "Principado de Asturias", "muni_dist_km": 2.95}}, {"type": "Feature", "geometry": {"type": "Point", "coordinates": [-2.7324, 36.7737]}, "properties": {"id": "ceb976253c3a", "ine": "04903", "first_utc": "2026-06-05T02:47:00Z", "last_utc": "2026-06-05T02:47:00Z", "detections": 1, "frp_max_mw": 0.3, "frp_total_mw": 0.3, "pixel_area_ha": 14.1, "status": "out", "fire_class": "forest", "municipality": "La Mojonera", "province": "Almería", "region": "Andalucía", "muni_dist_km": 3.59}}, {"type": "Feature", "geometry": {"type": "Point", "coordinates": [-4.7495, 40.6748]}, "properties": {"id": "a59497af80be", "ine": "05121", "first_utc": "2026-06-12T02:15:00Z", "last_utc": "2026-06-12T02:15:00Z", "detections": 1, "frp_max_mw": 0.3, "frp_total_mw": 0.3, "pixel_area_ha": 14.1, "status": "out", "fire_class": "forest", "municipality": "Martiherrero", "province": "Ávila", "region": "Castilla y León", "muni_dist_km": 2.78}}, {"type": "Feature", "geometry": {"type": "Point", "coordinates": [-6.6749, 37.3576]}, "properties": {"id": "499e14829dbd", "ine": "21077", "first_utc": "2026-06-18T01:45:00Z", "last_utc": "2026-06-18T01:45:00Z", "detections": 1, "frp_max_mw": 0.3, "frp_total_mw": 0.3, "pixel_area_ha": 14.1, "status": "out", "fire_class": "forest", "municipality": "Villarrasa", "province": "Huelva", "region": "Andalucía", "muni_dist_km": 6.33}}, {"type": "Feature", "geometry": {"type": "Point", "coordinates": [-4.3502, 37.635]}, "properties": {"id": "11f341e52d5d", "ine": "14007", "first_utc": "2026-06-19T03:08:00Z", "last_utc": "2026-06-19T03:08:00Z", "detections": 1, "frp_max_mw": 0.3, "frp_total_mw": 0.3, "pixel_area_ha": 14.1, "status": "out", "fire_class": "forest", "municipality": "Baena", "province": "Córdoba", "region": "Andalucía", "muni_dist_km": 5.9}}, {"type": "Feature", "geometry": {"type": "Point", "coordinates": [-4.8484, 37.7592]}, "properties": {"id": "3e09ac33783e", "ine": "14065", "first_utc": "2026-06-22T02:30:00Z", "last_utc": "2026-06-22T02:30:00Z", "detections": 1, "frp_max_mw": 0.3, "frp_total_mw": 0.3, "pixel_area_ha": 14.1, "status": "out", "fire_class": "forest", "municipality": "La Victoria", "province": "Córdoba", "region": "Andalucía", "muni_dist_km": 6.97}}, {"type": "Feature", "geometry": {"type": "Point", "coordinates": [-3.9294, 42.8047]}, "properties": {"id": "4d58de2d8b8e", "ine": "39094", "first_utc": "2026-06-24T01:49:00Z", "last_utc": "2026-06-24T01:49:00Z", "detections": 1, "frp_max_mw": 0.3, "frp_total_mw": 0.3, "pixel_area_ha": 14.1, "status": "out", "fire_class": "forest", "municipality": "Valderredible", "province": "Cantabria", "region": "Cantabria", "muni_dist_km": 4.93}}, {"type": "Feature", "geometry": {"type": "Point", "coordinates": [-8.4355, 43.3467]}, "properties": {"id": "76f671e5242d", "ine": "15030", "first_utc": "2026-06-24T02:38:00Z", "last_utc": "2026-06-24T03:10:00Z", "detections": 2, "frp_max_mw": 0.3, "frp_total_mw": 0.6, "pixel_area_ha": 28.1, "status": "out", "fire_class": "forest", "municipality": "A Coruña", "province": "A Coruña", "region": "Galicia", "muni_dist_km": 1.05}}, {"type": "Feature", "geometry": {"type": "Point", "coordinates": [-5.6632, 37.3845]}, "properties": {"id": "2054b6e03971", "ine": "41102", "first_utc": "2026-07-06T01:28:00Z", "last_utc": "2026-07-06T01:28:00Z", "detections": 1, "frp_max_mw": 0.3, "frp_total_mw": 0.3, "pixel_area_ha": 14.1, "status": "out", "fire_class": "forest", "municipality": "El Viso del Alcor", "province": "Sevilla", "region": "Andalucía", "muni_dist_km": 4.08}}, {"type": "Feature", "geometry": {"type": "Point", "coordinates": [-6.6273, 39.9704]}, "properties": {"id": "0a359d2db657", "ine": "10059", "first_utc": "2026-07-13T02:36:00Z", "last_utc": "2026-07-13T02:36:00Z", "detections": 1, "frp_max_mw": 0.3, "frp_total_mw": 0.3, "pixel_area_ha": 14.1, "status": "out", "fire_class": "forest", "municipality": "Casillas de Coria", "province": "Cáceres", "region": "Extremadura", "muni_dist_km": 2.99}}, {"type": "Feature", "geometry": {"type": "Point", "coordinates": [-3.6743, 42.5964]}, "properties": {"id": "b91bd0f9fc60", "ine": "09906", "first_utc": "2026-07-17T02:06:00Z", "last_utc": "2026-07-17T02:06:00Z", "detections": 1, "frp_max_mw": 0.3, "frp_total_mw": 0.3, "pixel_area_ha": 14.1, "status": "out", "fire_class": "forest", "municipality": "Merindad de Río Ubierna", "province": "Burgos", "region": "Castilla y León", "muni_dist_km": 4.46}}, {"type": "Feature", "geometry": {"type": "Point", "coordinates": [-1.5115, 42.9204]}, "properties": {"id": "db35742a05fe", "ine": "31098", "first_utc": "2026-07-28T02:53:00Z", "last_utc": "2026-07-28T02:53:00Z", "detections": 1, "frp_max_mw": 0.3, "frp_total_mw": 0.3, "pixel_area_ha": 14.1, "status": "active", "fire_class": "forest", "municipality": "Esteribar", "province": "Navarra", "region": "Comunidad Foral de Navarra", "muni_dist_km": 3.13}}, {"type": "Feature", "geometry": {"type": "Point", "coordinates": [-6.101, 38.9044]}, "properties": {"id": "7c5ca0b9e815", "ine": "06060", "first_utc": "2026-06-07T02:11:00Z", "last_utc": "2026-06-07T02:11:00Z", "detections": 1, "frp_max_mw": 0.2, "frp_total_mw": 0.2, "pixel_area_ha": 14.1, "status": "out", "fire_class": "forest", "municipality": "Guareña", "province": "Badajoz", "region": "Extremadura", "muni_dist_km": 1.15}}, {"type": "Feature", "geometry": {"type": "Point", "coordinates": [-2.5384, 41.3806]}, "properties": {"id": "6c66523c0de3", "ine": "42083", "first_utc": "2026-06-10T01:11:00Z", "last_utc": "2026-06-10T01:11:00Z", "detections": 1, "frp_max_mw": 0.2, "frp_total_mw": 0.2, "pixel_area_ha": 14.1, "status": "out", "fire_class": "forest", "municipality": "Frechilla de Almazán", "province": "Soria", "region": "Castilla y León", "muni_dist_km": 3.86}}, {"type": "Feature", "geometry": {"type": "Point", "coordinates": [-1.5125, 42.9215]}, "properties": {"id": "7a47961e9b2c", "ine": "31098", "first_utc": "2026-06-14T02:58:00Z", "last_utc": "2026-06-14T02:58:00Z", "detections": 1, "frp_max_mw": 0.2, "frp_total_mw": 0.2, "pixel_area_ha": 14.1, "status": "out", "fire_class": "forest", "municipality": "Esteribar", "province": "Navarra", "region": "Comunidad Foral de Navarra", "muni_dist_km": 2.98}}, {"type": "Feature", "geometry": {"type": "Point", "coordinates": [-0.9542, 37.6091]}, "properties": {"id": "7fba6fe70198", "ine": "30016", "first_utc": "2026-06-24T01:52:00Z", "last_utc": "2026-06-24T01:52:00Z", "detections": 1, "frp_max_mw": 0.2, "frp_total_mw": 0.2, "pixel_area_ha": 14.1, "status": "out", "fire_class": "forest", "municipality": "Cartagena", "province": "Murcia", "region": "Región de Murcia", "muni_dist_km": 4.54}}, {"type": "Feature", "geometry": {"type": "Point", "coordinates": [-5.8512, 43.5497]}, "properties": {"id": "66c751e3dbff", "ine": "33020", "first_utc": "2026-07-02T02:41:00Z", "last_utc": "2026-07-02T02:41:00Z", "detections": 1, "frp_max_mw": 0.2, "frp_total_mw": 0.2, "pixel_area_ha": 14.1, "status": "out", "fire_class": "forest", "municipality": "Corvera de Asturias", "province": "Asturias", "region": "Principado de Asturias", "muni_dist_km": 4.4}}, {"type": "Feature", "geometry": {"type": "Point", "coordinates": [1.2807, 42.0255]}, "properties": {"id": "970dc1b652b0", "ine": "25044", "first_utc": "2026-07-05T01:43:00Z", "last_utc": "2026-07-05T01:43:00Z", "detections": 1, "frp_max_mw": 0.2, "frp_total_mw": 0.2, "pixel_area_ha": 14.1, "status": "out", "fire_class": "forest", "municipality": "Bassella", "province": "Lleida", "region": "Cataluña", "muni_dist_km": 2.45}}, {"type": "Feature", "geometry": {"type": "Point", "coordinates": [-3.7992, 37.2109]}, "properties": {"id": "9b61b19c7a9c", "ine": "18079", "first_utc": "2026-07-26T01:52:00Z", "last_utc": "2026-07-26T01:52:00Z", "detections": 1, "frp_max_mw": 0.2, "frp_total_mw": 0.2, "pixel_area_ha": 14.1, "status": "out", "fire_class": "forest", "municipality": "Fuente Vaqueros", "province": "Granada", "region": "Andalucía", "muni_dist_km": 1.53}}, {"type": "Feature", "geometry": {"type": "Point", "coordinates": [-4.3168, 40.4519]}, "properties": {"id": "0ed8a5e869da", "ine": "28159", "first_utc": "2026-07-28T02:36:00Z", "last_utc": "2026-07-28T02:36:00Z", "detections": 1, "frp_max_mw": 0.2, "frp_total_mw": 0.2, "pixel_area_ha": 14.1, "status": "active", "fire_class": "forest", "municipality": "Valdemaqueda", "province": "Madrid", "region": "Comunidad de Madrid", "muni_dist_km": 6.3}}]}