{"type": "FeatureCollection", "features": [{"type": "Feature", "geometry": {"type": "Point", "coordinates": [-0.25698, 39.88418]}, "properties": {"id": "ce542678ebc4", "first_utc": "2026-07-25T09:09:00Z", "last_utc": "2026-07-28T02:53:00Z", "detections": 1833, "frp_max_mw": 4855.2, "frp_total_mw": 80035.5, "pixel_area_ha": 9082.8, "status": "active", "fire_class": "forest", "official_area_ha": 10046.0, "perimeter_id": "570518", "municipality": "Alfondeguilla", "province": "Castelló/Castellón", "region": "Comunitat Valenciana", "muni_dist_km": 0.07}}, {"type": "Feature", "geometry": {"type": "Point", "coordinates": [-2.03162, 40.95126]}, "properties": {"id": "23d5fcf72db5", "first_utc": "2026-07-21T12:14:00Z", "last_utc": "2026-07-22T03:08:00Z", "detections": 195, "frp_max_mw": 4061.7, "frp_total_mw": 24993.0, "pixel_area_ha": 1434.1, "status": "out", "fire_class": "forest", "official_area_ha": 2958.0, "perimeter_id": "562292", "municipality": "Establés", "province": "Guadalajara", "region": "Castilla-La Mancha", "muni_dist_km": 2.57}}, {"type": "Feature", "geometry": {"type": "Point", "coordinates": [-6.43, 42.56054]}, "properties": {"id": "e2656799ff43", "first_utc": "2026-07-22T19:55:00Z", "last_utc": "2026-07-24T13:33:00Z", "detections": 180, "frp_max_mw": 2717.1, "frp_total_mw": 13274.9, "pixel_area_ha": 928.0, "status": "out", "fire_class": "forest", "official_area_ha": 0.25, "perimeter_id": "562635", "municipality": "Castropodame", "province": "León", "region": "Castilla y León", "muni_dist_km": 0.47}}, {"type": "Feature", "geometry": {"type": "Point", "coordinates": [-3.07514, 41.11115]}, "properties": {"id": "f42d8e3ec507", "first_utc": "2026-07-16T12:08:00Z", "last_utc": "2026-07-24T14:52:00Z", "detections": 5108, "frp_max_mw": 2255.7, "frp_total_mw": 238842.7, "pixel_area_ha": 24928.4, "status": "out", "fire_class": "forest", "official_area_ha": 33022.0, "perimeter_id": "561620", "municipality": "Prádena de Atienza", "province": "Guadalajara", "region": "Castilla-La Mancha", "muni_dist_km": 0.01}}, {"type": "Feature", "geometry": {"type": "Point", "coordinates": [-4.5585, 40.36258]}, "properties": {"id": "bf20a32e0893", "first_utc": "2026-07-22T13:36:00Z", "last_utc": "2026-07-28T04:42:00Z", "detections": 10384, "frp_max_mw": 1898.5, "frp_total_mw": 382709.1, "pixel_area_ha": 50039.5, "status": "active", "fire_class": "forest", "official_area_ha": 23078.0, "perimeter_id": "52448", "municipality": "Casavieja", "province": "Ávila", "region": "Castilla y León", "muni_dist_km": 0.08}}, {"type": "Feature", "geometry": {"type": "Point", "coordinates": [-4.21746, 40.47225]}, "properties": {"id": "ae2afeb34c0e", "first_utc": "2026-07-24T14:52:00Z", "last_utc": "2026-07-25T14:20:00Z", "detections": 338, "frp_max_mw": 809.4, "frp_total_mw": 4512.8, "pixel_area_ha": 2235.5, "status": "out", "fire_class": "forest", "official_area_ha": 15849.0, "perimeter_id": "565281", "municipality": "Robledo de Chavela", "province": "Madrid", "region": "Comunidad de Madrid", "muni_dist_km": 0.11}}, {"type": "Feature", "geometry": {"type": "Point", "coordinates": [-6.03452, 42.73739]}, "properties": {"id": "a370fc848e5e", "first_utc": "2026-07-22T19:55:00Z", "last_utc": "2026-07-26T13:16:00Z", "detections": 579, "frp_max_mw": 692.6, "frp_total_mw": 19400.5, "pixel_area_ha": 2587.0, "status": "out", "fire_class": "forest", "official_area_ha": 0.5, "perimeter_id": "562641", "municipality": "Valdesamario", "province": "León", "region": "Castilla y León", "muni_dist_km": 0.1}}, {"type": "Feature", "geometry": {"type": "Point", "coordinates": [-6.41534, 41.75595]}, "properties": {"id": "d2f63a23b057", "first_utc": "2026-07-22T19:55:00Z", "last_utc": "2026-07-22T19:55:00Z", "detections": 1, "frp_max_mw": 573.0, "frp_total_mw": 573.0, "pixel_area_ha": 14.1, "status": "out", "fire_class": "forest", "municipality": "Rábano de Aliste", "province": "Zamora", "region": "Castilla y León", "muni_dist_km": 3.6}}, {"type": "Feature", "geometry": {"type": "Point", "coordinates": [-6.4548, 41.74599]}, "properties": {"id": "376b355b49d5", "first_utc": "2026-07-22T19:55:00Z", "last_utc": "2026-07-22T19:55:00Z", "detections": 1, "frp_max_mw": 498.7, "frp_total_mw": 498.7, "pixel_area_ha": 14.1, "status": "out", "fire_class": "forest", "municipality": "Rábano de Aliste", "province": "Zamora", "region": "Castilla y León", "muni_dist_km": 2.69}}, {"type": "Feature", "geometry": {"type": "Point", "coordinates": [-7.54456, 41.34369]}, "properties": {"id": "89e5f3c35ee5", "first_utc": "2026-07-22T13:36:00Z", "last_utc": "2026-07-23T15:52:00Z", "detections": 105, "frp_max_mw": 492.6, "frp_total_mw": 3613.2, "pixel_area_ha": 660.8, "status": "out", "fire_class": "forest", "municipality": "Oímbra", "province": "Ourense", "region": "Galicia", "muni_dist_km": 57.33}}, {"type": "Feature", "geometry": {"type": "Point", "coordinates": [-4.33368, 40.26637]}, "properties": {"id": "a26fd70535e8", "first_utc": "2026-07-22T19:55:00Z", "last_utc": "2026-07-23T15:52:00Z", "detections": 33, "frp_max_mw": 492.2, "frp_total_mw": 1054.5, "pixel_area_ha": 337.4, "status": "out", "fire_class": "forest", "official_area_ha": 3673.0, "perimeter_id": "567459", "municipality": "Villa del Prado", "province": "Madrid", "region": "Comunidad de Madrid", "muni_dist_km": 1.53}}, {"type": "Feature", "geometry": {"type": "Point", "coordinates": [-7.49165, 41.36385]}, "properties": {"id": "9b0601bfaa45", "first_utc": "2026-07-22T19:55:00Z", "last_utc": "2026-07-23T02:30:00Z", "detections": 4, "frp_max_mw": 465.0, "frp_total_mw": 517.0, "pixel_area_ha": 56.2, "status": "out", "fire_class": "forest", "municipality": "Oímbra", "province": "Ourense", "region": "Galicia", "muni_dist_km": 56.06}}, {"type": "Feature", "geometry": {"type": "Point", "coordinates": [-3.15864, 41.14535]}, "properties": {"id": "3c3c557e2d05", "first_utc": "2026-07-21T14:37:00Z", "last_utc": "2026-07-21T14:37:00Z", "detections": 2, "frp_max_mw": 454.0, "frp_total_mw": 681.5, "pixel_area_ha": 28.1, "status": "out", "fire_class": "forest", "municipality": "La Huerce", "province": "Guadalajara", "region": "Castilla-La Mancha", "muni_dist_km": 0.73}}, {"type": "Feature", "geometry": {"type": "Point", "coordinates": [-4.37431, 40.30739]}, "properties": {"id": "73524d4262f5", "first_utc": "2026-07-26T14:29:00Z", "last_utc": "2026-07-26T14:29:00Z", "detections": 1, "frp_max_mw": 416.8, "frp_total_mw": 416.8, "pixel_area_ha": 14.1, "status": "out", "fire_class": "forest", "municipality": "Cadalso de los Vidrios", "province": "Madrid", "region": "Comunidad de Madrid", "muni_dist_km": 5.06}}, {"type": "Feature", "geometry": {"type": "Point", "coordinates": [-4.03873, 39.56732]}, "properties": {"id": "8ba8391448c2", "first_utc": "2026-07-23T20:34:00Z", "last_utc": "2026-07-25T02:13:00Z", "detections": 150, "frp_max_mw": 414.4, "frp_total_mw": 11361.1, "pixel_area_ha": 1026.4, "status": "out", "fire_class": "forest", "official_area_ha": 1002.0, "perimeter_id": "567385", "municipality": "Marjaliza", "province": "Toledo", "region": "Castilla-La Mancha", "muni_dist_km": 4.17}}, {"type": "Feature", "geometry": {"type": "Point", "coordinates": [-4.36858, 40.29119]}, "properties": {"id": "ca9fb62fea7e", "first_utc": "2026-07-26T14:29:00Z", "last_utc": "2026-07-26T14:29:00Z", "detections": 1, "frp_max_mw": 412.2, "frp_total_mw": 412.2, "pixel_area_ha": 14.1, "status": "out", "fire_class": "forest", "municipality": "Almorox", "province": "Toledo", "region": "Castilla-La Mancha", "muni_dist_km": 5.12}}, {"type": "Feature", "geometry": {"type": "Point", "coordinates": [-7.49213, 41.37549]}, "properties": {"id": "ba4d24eb0ccb", "first_utc": "2026-07-22T19:55:00Z", "last_utc": "2026-07-22T19:55:00Z", "detections": 2, "frp_max_mw": 408.4, "frp_total_mw": 492.7, "pixel_area_ha": 28.1, "status": "out", "fire_class": "forest", "municipality": "Oímbra", "province": "Ourense", "region": "Galicia", "muni_dist_km": 54.53}}, {"type": "Feature", "geometry": {"type": "Point", "coordinates": [-7.05962, 40.5559]}, "properties": {"id": "5f5fa2a83ffd", "first_utc": "2026-07-27T19:53:00Z", "last_utc": "2026-07-28T04:42:00Z", "detections": 48, "frp_max_mw": 405.8, "frp_total_mw": 1539.9, "pixel_area_ha": 464.0, "status": "active", "fire_class": "forest", "municipality": "Fuentes de Oñoro", "province": "Salamanca", "region": "Castilla y León", "muni_dist_km": 20.69}}, {"type": "Feature", "geometry": {"type": "Point", "coordinates": [-3.42707, 38.44831]}, "properties": {"id": "4279d3d6dcda", "first_utc": "2026-07-27T12:02:00Z", "last_utc": "2026-07-27T15:07:00Z", "detections": 65, "frp_max_mw": 367.5, "frp_total_mw": 6005.6, "pixel_area_ha": 351.5, "status": "dying_down", "fire_class": "forest", "municipality": "Almuradiel", "province": "Ciudad Real", "region": "Castilla-La Mancha", "muni_dist_km": 4.63}}, {"type": "Feature", "geometry": {"type": "Point", "coordinates": [3.86593, 36.16081]}, "properties": {"id": "f31b1167bc13", "first_utc": "2026-07-19T13:44:00Z", "last_utc": "2026-07-24T02:30:00Z", "detections": 493, "frp_max_mw": 351.8, "frp_total_mw": 19438.5, "pixel_area_ha": 3824.3, "status": "out", "fire_class": "forest"}}, {"type": "Feature", "geometry": {"type": "Point", "coordinates": [-7.53658, 41.36449]}, "properties": {"id": "bb4ab7d0e93e", "first_utc": "2026-07-22T19:55:00Z", "last_utc": "2026-07-22T21:33:00Z", "detections": 4, "frp_max_mw": 346.8, "frp_total_mw": 490.8, "pixel_area_ha": 56.2, "status": "out", "fire_class": "forest", "municipality": "Oímbra", "province": "Ourense", "region": "Galicia", "muni_dist_km": 55.61}}, {"type": "Feature", "geometry": {"type": "Point", "coordinates": [-6.38446, 42.57228]}, "properties": {"id": "a64961227638", "first_utc": "2026-07-22T21:33:00Z", "last_utc": "2026-07-22T21:33:00Z", "detections": 2, "frp_max_mw": 322.0, "frp_total_mw": 421.2, "pixel_area_ha": 28.1, "status": "out", "fire_class": "forest", "official_area_ha": 0.04, "municipality": "Castropodame", "province": "León", "region": "Castilla y León", "muni_dist_km": 4.43}}, {"type": "Feature", "geometry": {"type": "Point", "coordinates": [2.52368, 36.37869]}, "properties": {"id": "0c44243f0127", "first_utc": "2026-07-25T11:51:00Z", "last_utc": "2026-07-25T13:14:00Z", "detections": 12, "frp_max_mw": 306.9, "frp_total_mw": 585.1, "pixel_area_ha": 98.4, "status": "out", "fire_class": "forest"}}, {"type": "Feature", "geometry": {"type": "Point", "coordinates": [-4.587, 40.4353]}, "properties": {"id": "cd155ad2f880", "first_utc": "2026-07-24T21:12:00Z", "last_utc": "2026-07-25T14:20:00Z", "detections": 126, "frp_max_mw": 244.4, "frp_total_mw": 1266.1, "pixel_area_ha": 745.2, "status": "out", "fire_class": "forest", "official_area_ha": 1577.0, "perimeter_id": "572496", "municipality": "El Barraco", "province": "Ávila", "region": "Castilla y León", "muni_dist_km": 0.07}}, {"type": "Feature", "geometry": {"type": "Point", "coordinates": [-8.26019, 41.17019]}, "properties": {"id": "f5626bd14c28", "first_utc": "2026-07-27T10:26:00Z", "last_utc": "2026-07-28T04:42:00Z", "detections": 72, "frp_max_mw": 236.4, "frp_total_mw": 2134.9, "pixel_area_ha": 548.3, "status": "active", "fire_class": "forest", "municipality": "Lobios", "province": "Ourense", "region": "Galicia", "muni_dist_km": 78.46}}, {"type": "Feature", "geometry": {"type": "Point", "coordinates": [-7.06322, 40.5192]}, "properties": {"id": "52fa660828f7", "first_utc": "2026-07-27T12:38:00Z", "last_utc": "2026-07-27T15:09:00Z", "detections": 49, "frp_max_mw": 230.6, "frp_total_mw": 3372.4, "pixel_area_ha": 351.5, "status": "dying_down", "fire_class": "forest", "municipality": "La Alamedilla", "province": "Salamanca", "region": "Castilla y León", "muni_dist_km": 20.42}}, {"type": "Feature", "geometry": {"type": "Point", "coordinates": [3.97212, 36.14924]}, "properties": {"id": "6bda16b521f6", "first_utc": "2026-07-22T00:33:00Z", "last_utc": "2026-07-22T13:33:00Z", "detections": 89, "frp_max_mw": 223.1, "frp_total_mw": 5047.5, "pixel_area_ha": 899.8, "status": "out", "fire_class": "forest"}}, {"type": "Feature", "geometry": {"type": "Point", "coordinates": [-4.37052, 40.26215]}, "properties": {"id": "00d63445e01c", "first_utc": "2026-07-22T15:14:00Z", "last_utc": "2026-07-22T19:55:00Z", "detections": 3, "frp_max_mw": 218.9, "frp_total_mw": 318.8, "pixel_area_ha": 42.2, "status": "out", "fire_class": "forest", "official_area_ha": 855.0, "perimeter_id": "567373", "municipality": "Almorox", "province": "Toledo", "region": "Castilla-La Mancha", "muni_dist_km": 1.66}}, {"type": "Feature", "geometry": {"type": "Point", "coordinates": [-6.48097, 42.57084]}, "properties": {"id": "ea60f6169e2e", "first_utc": "2026-07-22T21:33:00Z", "last_utc": "2026-07-22T21:33:00Z", "detections": 2, "frp_max_mw": 197.4, "frp_total_mw": 350.3, "pixel_area_ha": 28.1, "status": "out", "fire_class": "forest", "official_area_ha": 810.0, "municipality": "Castropodame", "province": "León", "region": "Castilla y León", "muni_dist_km": 3.14}}, {"type": "Feature", "geometry": {"type": "Point", "coordinates": [-6.71864, 42.28589]}, "properties": {"id": "f486d21dc537", "first_utc": "2026-07-22T12:49:00Z", "last_utc": "2026-07-23T15:52:00Z", "detections": 13, "frp_max_mw": 195.9, "frp_total_mw": 596.5, "pixel_area_ha": 126.5, "status": "out", "fire_class": "forest", "official_area_ha": 68.9, "perimeter_id": "15651", "municipality": "Encinedo", "province": "León", "region": "Castilla y León", "muni_dist_km": 6.37}}, {"type": "Feature", "geometry": {"type": "Point", "coordinates": [-0.46858, 40.75004]}, "properties": {"id": "223a50c6adc4", "first_utc": "2026-07-24T11:53:00Z", "last_utc": "2026-07-25T02:56:00Z", "detections": 65, "frp_max_mw": 188.2, "frp_total_mw": 1886.6, "pixel_area_ha": 674.9, "status": "out", "fire_class": "forest", "municipality": "Molinos", "province": "Teruel", "region": "Aragón", "muni_dist_km": 4.1}}, {"type": "Feature", "geometry": {"type": "Point", "coordinates": [-1.65248, 42.76149]}, "properties": {"id": "a4d097913a40", "first_utc": "2026-07-24T12:57:00Z", "last_utc": "2026-07-24T13:53:00Z", "detections": 18, "frp_max_mw": 178.7, "frp_total_mw": 585.9, "pixel_area_ha": 210.9, "status": "out", "fire_class": "forest", "municipality": "Galar", "province": "Navarra", "region": "Comunidad Foral de Navarra", "muni_dist_km": 1.52}}, {"type": "Feature", "geometry": {"type": "Point", "coordinates": [3.95311, 36.2247]}, "properties": {"id": "6cbc33fbaa97", "first_utc": "2026-07-21T12:49:00Z", "last_utc": "2026-07-23T13:50:00Z", "detections": 160, "frp_max_mw": 176.6, "frp_total_mw": 3712.2, "pixel_area_ha": 984.2, "status": "out", "fire_class": "forest"}}, {"type": "Feature", "geometry": {"type": "Point", "coordinates": [-0.25346, 35.81056]}, "properties": {"id": "7aca0e9053a6", "first_utc": "2026-06-08T01:52:00Z", "last_utc": "2026-07-28T02:56:00Z", "detections": 912, "frp_max_mw": 176.3, "frp_total_mw": 6048.8, "pixel_area_ha": 956.1, "status": "active", "fire_class": "forest"}}, {"type": "Feature", "geometry": {"type": "Point", "coordinates": [-6.93698, 42.69711]}, "properties": {"id": "1364213b7138", "first_utc": "2026-07-24T10:09:00Z", "last_utc": "2026-07-24T13:55:00Z", "detections": 15, "frp_max_mw": 164.7, "frp_total_mw": 571.8, "pixel_area_ha": 112.5, "status": "out", "fire_class": "forest", "official_area_ha": 20.0, "perimeter_id": "570517", "municipality": "Balboa", "province": "León", "region": "Castilla y León", "muni_dist_km": 1.93}}, {"type": "Feature", "geometry": {"type": "Point", "coordinates": [1.28548, 42.45938]}, "properties": {"id": "d96097208a81", "first_utc": "2026-07-24T11:53:00Z", "last_utc": "2026-07-25T02:11:00Z", "detections": 23, "frp_max_mw": 154.6, "frp_total_mw": 635.0, "pixel_area_ha": 168.7, "status": "out", "fire_class": "forest", "official_area_ha": 15.0, "perimeter_id": "572412", "municipality": "Farrera", "province": "Lleida", "region": "Cataluña", "muni_dist_km": 2.1}}, {"type": "Feature", "geometry": {"type": "Point", "coordinates": [-8.1441, 41.42703]}, "properties": {"id": "8d2cd833deb6", "first_utc": "2026-07-27T12:38:00Z", "last_utc": "2026-07-27T15:09:00Z", "detections": 16, "frp_max_mw": 153.1, "frp_total_mw": 910.2, "pixel_area_ha": 140.6, "status": "dying_down", "fire_class": "forest", "municipality": "Lobios", "province": "Ourense", "region": "Galicia", "muni_dist_km": 49.64}}, {"type": "Feature", "geometry": {"type": "Point", "coordinates": [-4.7817, 37.97992]}, "properties": {"id": "a80ff9785abb", "first_utc": "2026-07-24T13:31:00Z", "last_utc": "2026-07-25T02:13:00Z", "detections": 20, "frp_max_mw": 151.6, "frp_total_mw": 643.5, "pixel_area_ha": 210.9, "status": "out", "fire_class": "forest", "municipality": "Obejo", "province": "Córdoba", "region": "Andalucía", "muni_dist_km": 9.81}}, {"type": "Feature", "geometry": {"type": "Point", "coordinates": [-7.34799, 38.29964]}, "properties": {"id": "8c98e2b1a6d5", "first_utc": "2026-07-22T15:14:00Z", "last_utc": "2026-07-22T15:14:00Z", "detections": 1, "frp_max_mw": 148.9, "frp_total_mw": 148.9, "pixel_area_ha": 14.1, "status": "out", "fire_class": "likely_agricultural", "municipality": "Villanueva del Fresno", "province": "Badajoz", "region": "Extremadura", "muni_dist_km": 19.66}}, {"type": "Feature", "geometry": {"type": "Point", "coordinates": [-5.96343, 36.78981]}, "properties": {"id": "7930862891f9", "first_utc": "2026-07-26T13:59:00Z", "last_utc": "2026-07-26T14:35:00Z", "detections": 4, "frp_max_mw": 137.6, "frp_total_mw": 331.4, "pixel_area_ha": 42.2, "status": "out", "fire_class": "likely_agricultural", "municipality": "El Cuervo de Sevilla", "province": "Sevilla", "region": "Andalucía", "muni_dist_km": 9.01}}, {"type": "Feature", "geometry": {"type": "Point", "coordinates": [-7.56987, 41.35314]}, "properties": {"id": "7316394e3c9f", "first_utc": "2026-07-22T21:33:00Z", "last_utc": "2026-07-22T21:33:00Z", "detections": 1, "frp_max_mw": 130.5, "frp_total_mw": 130.5, "pixel_area_ha": 14.1, "status": "out", "fire_class": "forest", "municipality": "Oímbra", "province": "Ourense", "region": "Galicia", "muni_dist_km": 57.64}}, {"type": "Feature", "geometry": {"type": "Point", "coordinates": [-8.52405, 39.16615]}, "properties": {"id": "a7cbb1283800", "first_utc": "2026-07-27T12:38:00Z", "last_utc": "2026-07-27T15:07:00Z", "detections": 20, "frp_max_mw": 125.7, "frp_total_mw": 789.4, "pixel_area_ha": 140.6, "status": "dying_down", "fire_class": "forest", "municipality": "Cedillo", "province": "Cáceres", "region": "Extremadura", "muni_dist_km": 102.54}}, {"type": "Feature", "geometry": {"type": "Point", "coordinates": [-7.09475, 37.52839]}, "properties": {"id": "44322cb12e53", "first_utc": "2026-07-24T14:52:00Z", "last_utc": "2026-07-24T14:52:00Z", "detections": 2, "frp_max_mw": 124.6, "frp_total_mw": 193.3, "pixel_area_ha": 28.1, "status": "out", "fire_class": "likely_agricultural", "municipality": "Alosno", "province": "Huelva", "region": "Andalucía", "muni_dist_km": 3.68}}, {"type": "Feature", "geometry": {"type": "Point", "coordinates": [2.32293, 43.55496]}, "properties": {"id": "f393afb967da", "first_utc": "2026-07-24T19:34:00Z", "last_utc": "2026-07-25T02:11:00Z", "detections": 28, "frp_max_mw": 124.2, "frp_total_mw": 232.2, "pixel_area_ha": 225.0, "status": "out", "fire_class": "forest", "municipality": "Lladorre", "province": "Lleida", "region": "Cataluña", "muni_dist_km": 129.14}}, {"type": "Feature", "geometry": {"type": "Point", "coordinates": [3.64335, 43.49317]}, "properties": {"id": "e7a4db3d2ebd", "first_utc": "2026-07-24T11:53:00Z", "last_utc": "2026-07-24T14:52:00Z", "detections": 28, "frp_max_mw": 118.2, "frp_total_mw": 1659.3, "pixel_area_ha": 253.1, "status": "out", "fire_class": "forest"}}, {"type": "Feature", "geometry": {"type": "Point", "coordinates": [-6.13028, 42.65119]}, "properties": {"id": "1bb6daf74f33", "first_utc": "2026-07-23T20:34:00Z", "last_utc": "2026-07-23T20:34:00Z", "detections": 1, "frp_max_mw": 116.5, "frp_total_mw": 116.5, "pixel_area_ha": 14.1, "status": "out", "fire_class": "forest", "municipality": "Villagatón", "province": "León", "region": "Castilla y León", "muni_dist_km": 4.25}}, {"type": "Feature", "geometry": {"type": "Point", "coordinates": [-8.64627, 39.99652]}, "properties": {"id": "c3cbb9d40d46", "first_utc": "2026-07-25T15:29:00Z", "last_utc": "2026-07-25T15:29:00Z", "detections": 1, "frp_max_mw": 116.1, "frp_total_mw": 116.1, "pixel_area_ha": 14.1, "status": "out", "fire_class": "likely_agricultural", "municipality": "Cedillo", "province": "Cáceres", "region": "Extremadura", "muni_dist_km": 107.8}}, {"type": "Feature", "geometry": {"type": "Point", "coordinates": [-6.59496, 41.886]}, "properties": {"id": "d8f65063bfeb", "first_utc": "2026-07-27T12:38:00Z", "last_utc": "2026-07-27T15:09:00Z", "detections": 28, "frp_max_mw": 116.1, "frp_total_mw": 1290.9, "pixel_area_ha": 126.5, "status": "dying_down", "fire_class": "forest", "municipality": "Figueruela de Arriba", "province": "Zamora", "region": "Castilla y León", "muni_dist_km": 10.37}}, {"type": "Feature", "geometry": {"type": "Point", "coordinates": [-8.53524, 41.75736]}, "properties": {"id": "3eff32aa8495", "first_utc": "2026-07-26T20:51:00Z", "last_utc": "2026-07-27T03:15:00Z", "detections": 5, "frp_max_mw": 113.5, "frp_total_mw": 156.2, "pixel_area_ha": 42.2, "status": "dying_down", "fire_class": "forest", "municipality": "A Guarda", "province": "Pontevedra", "region": "Galicia", "muni_dist_km": 31.28}}, {"type": "Feature", "geometry": {"type": "Point", "coordinates": [-7.06289, 37.62061]}, "properties": {"id": "f27acfee5a26", "first_utc": "2026-07-22T02:13:00Z", "last_utc": "2026-07-23T02:30:00Z", "detections": 102, "frp_max_mw": 113.1, "frp_total_mw": 1386.9, "pixel_area_ha": 871.7, "status": "out", "fire_class": "mixed", "official_area_ha": 1721.0, "perimeter_id": "562615", "municipality": "Villanueva de las Cruces", "province": "Huelva", "region": "Andalucía", "muni_dist_km": 1.53}}, {"type": "Feature", "geometry": {"type": "Point", "coordinates": [3.9642, 36.11941]}, "properties": {"id": "1c4f96b80c54", "first_utc": "2026-07-22T15:12:00Z", "last_utc": "2026-07-22T15:12:00Z", "detections": 1, "frp_max_mw": 112.3, "frp_total_mw": 112.3, "pixel_area_ha": 14.1, "status": "out", "fire_class": "likely_agricultural"}}, {"type": "Feature", "geometry": {"type": "Point", "coordinates": [2.29192, 43.56563]}, "properties": {"id": "838cbdf6b538", "first_utc": "2026-07-24T19:34:00Z", "last_utc": "2026-07-24T19:34:00Z", "detections": 1, "frp_max_mw": 109.5, "frp_total_mw": 109.5, "pixel_area_ha": 14.1, "status": "out", "fire_class": "forest", "municipality": "Lladorre", "province": "Lleida", "region": "Cataluña", "muni_dist_km": 128.98}}, {"type": "Feature", "geometry": {"type": "Point", "coordinates": [3.94742, 36.09845]}, "properties": {"id": "8e93ad31fb59", "first_utc": "2026-07-22T00:33:00Z", "last_utc": "2026-07-23T01:54:00Z", "detections": 63, "frp_max_mw": 103.5, "frp_total_mw": 1366.1, "pixel_area_ha": 435.9, "status": "out", "fire_class": "forest"}}, {"type": "Feature", "geometry": {"type": "Point", "coordinates": [-8.39798, 41.72805]}, "properties": {"id": "c64893b577b5", "first_utc": "2026-07-27T12:38:00Z", "last_utc": "2026-07-27T15:09:00Z", "detections": 21, "frp_max_mw": 91.6, "frp_total_mw": 768.9, "pixel_area_ha": 168.7, "status": "dying_down", "fire_class": "forest", "municipality": "Lobios", "province": "Ourense", "region": "Galicia", "muni_dist_km": 29.96}}, {"type": "Feature", "geometry": {"type": "Point", "coordinates": [1.94534, 41.3945]}, "properties": {"id": "263771bc4f57", "first_utc": "2026-07-22T12:29:00Z", "last_utc": "2026-07-22T13:36:00Z", "detections": 4, "frp_max_mw": 88.0, "frp_total_mw": 187.0, "pixel_area_ha": 56.2, "status": "out", "fire_class": "forest", "official_area_ha": 15.0, "perimeter_id": "567406", "municipality": "Cervelló", "province": "Barcelona", "region": "Cataluña", "muni_dist_km": 0.2}}, {"type": "Feature", "geometry": {"type": "Point", "coordinates": [-7.50623, 37.98295]}, "properties": {"id": "c9cc72f99d83", "first_utc": "2026-07-23T12:29:00Z", "last_utc": "2026-07-23T13:53:00Z", "detections": 6, "frp_max_mw": 83.7, "frp_total_mw": 183.6, "pixel_area_ha": 56.2, "status": "out", "fire_class": "likely_agricultural", "municipality": "Rosal de la Frontera", "province": "Huelva", "region": "Andalucía", "muni_dist_km": 28.32}}, {"type": "Feature", "geometry": {"type": "Point", "coordinates": [3.83138, 36.69454]}, "properties": {"id": "f7962308d446", "first_utc": "2026-07-26T03:28:00Z", "last_utc": "2026-07-26T03:28:00Z", "detections": 1, "frp_max_mw": 82.4, "frp_total_mw": 82.4, "pixel_area_ha": 14.1, "status": "out", "fire_class": "forest"}}, {"type": "Feature", "geometry": {"type": "Point", "coordinates": [-8.29687, 41.16266]}, "properties": {"id": "f5cd36f5fc1d", "first_utc": "2026-07-27T19:53:00Z", "last_utc": "2026-07-27T19:53:00Z", "detections": 2, "frp_max_mw": 78.1, "frp_total_mw": 114.5, "pixel_area_ha": 28.1, "status": "dying_down", "fire_class": "forest", "municipality": "Lobios", "province": "Ourense", "region": "Galicia", "muni_dist_km": 81.12}}, {"type": "Feature", "geometry": {"type": "Point", "coordinates": [-4.38304, 40.26136]}, "properties": {"id": "3f0e8a5fcee5", "first_utc": "2026-07-22T15:14:00Z", "last_utc": "2026-07-22T15:14:00Z", "detections": 1, "frp_max_mw": 76.8, "frp_total_mw": 76.8, "pixel_area_ha": 14.1, "status": "out", "fire_class": "likely_agricultural", "municipality": "Almorox", "province": "Toledo", "region": "Castilla-La Mancha", "muni_dist_km": 1.63}}, {"type": "Feature", "geometry": {"type": "Point", "coordinates": [-3.16706, 41.15414]}, "properties": {"id": "e0a82ce507a9", "first_utc": "2026-07-21T14:37:00Z", "last_utc": "2026-07-21T14:37:00Z", "detections": 1, "frp_max_mw": 73.0, "frp_total_mw": 73.0, "pixel_area_ha": 14.1, "status": "out", "fire_class": "likely_agricultural", "municipality": "La Huerce", "province": "Guadalajara", "region": "Castilla-La Mancha", "muni_dist_km": 1.61}}, {"type": "Feature", "geometry": {"type": "Point", "coordinates": [-4.16353, 38.64862]}, "properties": {"id": "c938d5d29d28", "first_utc": "2026-07-22T12:29:00Z", "last_utc": "2026-07-22T15:14:00Z", "detections": 19, "frp_max_mw": 71.9, "frp_total_mw": 580.5, "pixel_area_ha": 140.6, "status": "out", "fire_class": "forest", "official_area_ha": 72.0, "perimeter_id": "567460", "municipality": "Puertollano", "province": "Ciudad Real", "region": "Castilla-La Mancha", "muni_dist_km": 8.22}}, {"type": "Feature", "geometry": {"type": "Point", "coordinates": [-0.44535, 40.7923]}, "properties": {"id": "76510bda2c68", "first_utc": "2026-07-24T19:34:00Z", "last_utc": "2026-07-24T19:34:00Z", "detections": 2, "frp_max_mw": 70.8, "frp_total_mw": 125.7, "pixel_area_ha": 28.1, "status": "out", "fire_class": "forest", "municipality": "Molinos", "province": "Teruel", "region": "Aragón", "muni_dist_km": 3.13}}, {"type": "Feature", "geometry": {"type": "Point", "coordinates": [3.84588, 36.69279]}, "properties": {"id": "102a5d90fa82", "first_utc": "2026-07-26T03:28:00Z", "last_utc": "2026-07-26T03:28:00Z", "detections": 1, "frp_max_mw": 70.7, "frp_total_mw": 70.7, "pixel_area_ha": 14.1, "status": "out", "fire_class": "forest"}}, {"type": "Feature", "geometry": {"type": "Point", "coordinates": [-0.52971, 40.73899]}, "properties": {"id": "7a84b34faee9", "first_utc": "2026-07-20T20:14:00Z", "last_utc": "2026-07-22T12:29:00Z", "detections": 200, "frp_max_mw": 70.2, "frp_total_mw": 1783.2, "pixel_area_ha": 1462.2, "status": "out", "fire_class": "forest", "official_area_ha": 1367.0, "perimeter_id": "562091", "municipality": "Ejulve", "province": "Teruel", "region": "Aragón", "muni_dist_km": 1.11}}, {"type": "Feature", "geometry": {"type": "Point", "coordinates": [-4.30052, 40.26726]}, "properties": {"id": "dde1e8685f34", "first_utc": "2026-07-22T19:55:00Z", "last_utc": "2026-07-23T14:12:00Z", "detections": 20, "frp_max_mw": 68.8, "frp_total_mw": 652.3, "pixel_area_ha": 196.8, "status": "out", "fire_class": "agricultural", "official_area_ha": 123.0, "perimeter_id": "273043", "municipality": "Villa del Prado", "province": "Madrid", "region": "Comunidad de Madrid", "muni_dist_km": 0.58}}, {"type": "Feature", "geometry": {"type": "Point", "coordinates": [-7.2583, 38.63255]}, "properties": {"id": "329717f10584", "first_utc": "2026-07-25T13:14:00Z", "last_utc": "2026-07-25T15:29:00Z", "detections": 14, "frp_max_mw": 67.9, "frp_total_mw": 356.7, "pixel_area_ha": 126.5, "status": "out", "fire_class": "forest", "municipality": "Cheles", "province": "Badajoz", "region": "Extremadura", "muni_dist_km": 9.63}}, {"type": "Feature", "geometry": {"type": "Point", "coordinates": [-7.50183, 38.24194]}, "properties": {"id": "718eeb7730a4", "first_utc": "2026-07-22T15:14:00Z", "last_utc": "2026-07-22T15:14:00Z", "detections": 1, "frp_max_mw": 67.6, "frp_total_mw": 67.6, "pixel_area_ha": 14.1, "status": "out", "fire_class": "likely_agricultural", "municipality": "Villanueva del Fresno", "province": "Badajoz", "region": "Extremadura", "muni_dist_km": 34.52}}, {"type": "Feature", "geometry": {"type": "Point", "coordinates": [-6.30899, 38.75954]}, "properties": {"id": "f0899cb6a74b", "first_utc": "2026-07-24T21:12:00Z", "last_utc": "2026-07-25T02:13:00Z", "detections": 2, "frp_max_mw": 67.6, "frp_total_mw": 68.6, "pixel_area_ha": 28.1, "status": "out", "fire_class": "forest", "official_area_ha": 36.0, "perimeter_id": "572378", "municipality": "Alange", "province": "Badajoz", "region": "Extremadura", "muni_dist_km": 4.87}}, {"type": "Feature", "geometry": {"type": "Point", "coordinates": [2.29678, 43.55426]}, "properties": {"id": "f68a00939513", "first_utc": "2026-07-24T19:34:00Z", "last_utc": "2026-07-24T19:34:00Z", "detections": 1, "frp_max_mw": 65.2, "frp_total_mw": 65.2, "pixel_area_ha": 14.1, "status": "out", "fire_class": "forest", "municipality": "Lladorre", "province": "Lleida", "region": "Cataluña", "muni_dist_km": 128.27}}, {"type": "Feature", "geometry": {"type": "Point", "coordinates": [-6.43578, 41.75369]}, "properties": {"id": "af5f6402dfd5", "first_utc": "2026-07-22T21:33:00Z", "last_utc": "2026-07-23T02:47:00Z", "detections": 5, "frp_max_mw": 64.2, "frp_total_mw": 126.5, "pixel_area_ha": 56.2, "status": "out", "fire_class": "forest", "official_area_ha": 167.9, "municipality": "Viñas", "province": "Zamora", "region": "Castilla y León", "muni_dist_km": 2.63}}, {"type": "Feature", "geometry": {"type": "Point", "coordinates": [-0.41122, 40.8007]}, "properties": {"id": "86352e054033", "first_utc": "2026-07-24T19:34:00Z", "last_utc": "2026-07-24T19:34:00Z", "detections": 2, "frp_max_mw": 62.4, "frp_total_mw": 102.2, "pixel_area_ha": 28.1, "status": "out", "fire_class": "forest", "municipality": "Molinos", "province": "Teruel", "region": "Aragón", "muni_dist_km": 5.25}}, {"type": "Feature", "geometry": {"type": "Point", "coordinates": [2.25953, 42.49285]}, "properties": {"id": "31a3b3e07907", "first_utc": "2026-07-25T01:15:00Z", "last_utc": "2026-07-28T02:53:00Z", "detections": 37, "frp_max_mw": 58.4, "frp_total_mw": 439.7, "pixel_area_ha": 210.9, "status": "active", "fire_class": "forest", "municipality": "Setcases", "province": "Girona", "region": "Cataluña", "muni_dist_km": 9.96}}, {"type": "Feature", "geometry": {"type": "Point", "coordinates": [-7.34269, 38.38665]}, "properties": {"id": "f85ea70a8493", "first_utc": "2026-07-27T21:31:00Z", "last_utc": "2026-07-27T21:31:00Z", "detections": 2, "frp_max_mw": 58.0, "frp_total_mw": 87.6, "pixel_area_ha": 28.1, "status": "dying_down", "fire_class": "forest", "municipality": "Villanueva del Fresno", "province": "Badajoz", "region": "Extremadura", "muni_dist_km": 16.41}}, {"type": "Feature", "geometry": {"type": "Point", "coordinates": [-7.1021, 37.54124]}, "properties": {"id": "18c9916b3966", "first_utc": "2026-07-24T14:52:00Z", "last_utc": "2026-07-24T14:52:00Z", "detections": 1, "frp_max_mw": 56.7, "frp_total_mw": 56.7, "pixel_area_ha": 14.1, "status": "out", "fire_class": "likely_agricultural", "municipality": "Alosno", "province": "Huelva", "region": "Andalucía", "muni_dist_km": 2.49}}, {"type": "Feature", "geometry": {"type": "Point", "coordinates": [-3.56214, 36.92076]}, "properties": {"id": "660efe4faa11", "first_utc": "2026-07-25T12:38:00Z", "last_utc": "2026-07-25T15:29:00Z", "detections": 39, "frp_max_mw": 55.6, "frp_total_mw": 960.5, "pixel_area_ha": 309.3, "status": "out", "fire_class": "mixed", "official_area_ha": 146.0, "perimeter_id": "572367", "municipality": "El Valle", "province": "Granada", "region": "Andalucía", "muni_dist_km": 2.06}}, {"type": "Feature", "geometry": {"type": "Point", "coordinates": [-8.65846, 39.99445]}, "properties": {"id": "d64076650250", "first_utc": "2026-07-25T15:29:00Z", "last_utc": "2026-07-25T15:29:00Z", "detections": 1, "frp_max_mw": 55.0, "frp_total_mw": 55.0, "pixel_area_ha": 14.1, "status": "out", "fire_class": "likely_agricultural", "municipality": "Cedillo", "province": "Cáceres", "region": "Extremadura", "muni_dist_km": 108.68}}, {"type": "Feature", "geometry": {"type": "Point", "coordinates": [4.32409, 36.55243]}, "properties": {"id": "c121b9701830", "first_utc": "2026-07-23T12:10:00Z", "last_utc": "2026-07-26T01:34:00Z", "detections": 63, "frp_max_mw": 54.1, "frp_total_mw": 572.5, "pixel_area_ha": 225.0, "status": "out", "fire_class": "forest"}}, {"type": "Feature", "geometry": {"type": "Point", "coordinates": [-7.31805, 38.31667]}, "properties": {"id": "14bdd217c427", "first_utc": "2026-07-22T15:14:00Z", "last_utc": "2026-07-22T15:14:00Z", "detections": 1, "frp_max_mw": 54.0, "frp_total_mw": 54.0, "pixel_area_ha": 14.1, "status": "out", "fire_class": "likely_agricultural", "municipality": "Villanueva del Fresno", "province": "Badajoz", "region": "Extremadura", "muni_dist_km": 16.46}}, {"type": "Feature", "geometry": {"type": "Point", "coordinates": [-7.08675, 40.51813]}, "properties": {"id": "d0ffe3d268d7", "first_utc": "2026-07-27T15:09:00Z", "last_utc": "2026-07-27T15:09:00Z", "detections": 1, "frp_max_mw": 53.7, "frp_total_mw": 53.7, "pixel_area_ha": 14.1, "status": "dying_down", "fire_class": "likely_agricultural", "municipality": "La Alamedilla", "province": "Salamanca", "region": "Castilla y León", "muni_dist_km": 23.79}}, {"type": "Feature", "geometry": {"type": "Point", "coordinates": [-7.36807, 38.30679]}, "properties": {"id": "d11c8090f221", "first_utc": "2026-07-22T15:14:00Z", "last_utc": "2026-07-22T15:14:00Z", "detections": 1, "frp_max_mw": 51.9, "frp_total_mw": 51.9, "pixel_area_ha": 14.1, "status": "out", "fire_class": "likely_agricultural", "municipality": "Villanueva del Fresno", "province": "Badajoz", "region": "Extremadura", "muni_dist_km": 20.86}}, {"type": "Feature", "geometry": {"type": "Point", "coordinates": [-3.44212, 40.42626]}, "properties": {"id": "ba4929b59cf0", "first_utc": "2026-07-23T12:12:00Z", "last_utc": "2026-07-23T14:12:00Z", "detections": 10, "frp_max_mw": 50.2, "frp_total_mw": 119.7, "pixel_area_ha": 98.4, "status": "out", "fire_class": "likely_agricultural", "municipality": "San Fernando de Henares", "province": "Madrid", "region": "Comunidad de Madrid", "muni_dist_km": 3.48}}, {"type": "Feature", "geometry": {"type": "Point", "coordinates": [-8.41759, 41.71657]}, "properties": {"id": "f5f7aa55cb53", "first_utc": "2026-07-27T15:09:00Z", "last_utc": "2026-07-27T15:09:00Z", "detections": 1, "frp_max_mw": 48.4, "frp_total_mw": 48.4, "pixel_area_ha": 14.1, "status": "dying_down", "fire_class": "likely_agricultural", "municipality": "Lobios", "province": "Ourense", "region": "Galicia", "muni_dist_km": 32.6}}, {"type": "Feature", "geometry": {"type": "Point", "coordinates": [-7.35143, 38.31008]}, "properties": {"id": "b846d356ea2b", "first_utc": "2026-07-22T15:14:00Z", "last_utc": "2026-07-22T15:14:00Z", "detections": 1, "frp_max_mw": 48.3, "frp_total_mw": 48.3, "pixel_area_ha": 14.1, "status": "out", "fire_class": "likely_agricultural", "municipality": "Villanueva del Fresno", "province": "Badajoz", "region": "Extremadura", "muni_dist_km": 19.39}}, {"type": "Feature", "geometry": {"type": "Point", "coordinates": [-7.08326, 40.50728]}, "properties": {"id": "c56cdb1c4632", "first_utc": "2026-07-27T15:09:00Z", "last_utc": "2026-07-27T15:09:00Z", "detections": 1, "frp_max_mw": 48.3, "frp_total_mw": 48.3, "pixel_area_ha": 14.1, "status": "dying_down", "fire_class": "likely_agricultural", "municipality": "La Alamedilla", "province": "Salamanca", "region": "Castilla y León", "muni_dist_km": 23.2}}, {"type": "Feature", "geometry": {"type": "Point", "coordinates": [-8.29102, 41.14621]}, "properties": {"id": "3324efba49ce", "first_utc": "2026-07-27T19:53:00Z", "last_utc": "2026-07-27T19:53:00Z", "detections": 2, "frp_max_mw": 48.1, "frp_total_mw": 82.3, "pixel_area_ha": 28.1, "status": "dying_down", "fire_class": "forest", "municipality": "Lobios", "province": "Ourense", "region": "Galicia", "muni_dist_km": 82.79}}, {"type": "Feature", "geometry": {"type": "Point", "coordinates": [-8.02491, 41.7357]}, "properties": {"id": "b1167d7ebfe6", "first_utc": "2026-07-23T13:16:00Z", "last_utc": "2026-07-23T15:52:00Z", "detections": 3, "frp_max_mw": 46.4, "frp_total_mw": 59.2, "pixel_area_ha": 42.2, "status": "out", "fire_class": "likely_agricultural", "municipality": "Lobios", "province": "Ourense", "region": "Galicia", "muni_dist_km": 15.45}}, {"type": "Feature", "geometry": {"type": "Point", "coordinates": [-4.06566, 39.6312]}, "properties": {"id": "f0c259ca8aef", "first_utc": "2026-07-22T19:53:00Z", "last_utc": "2026-07-23T02:47:00Z", "detections": 20, "frp_max_mw": 44.5, "frp_total_mw": 125.7, "pixel_area_ha": 182.8, "status": "out", "fire_class": "forest", "official_area_ha": 387.0, "perimeter_id": "562602", "municipality": "Mazarambroz", "province": "Toledo", "region": "Castilla-La Mancha", "muni_dist_km": 1.51}}, {"type": "Feature", "geometry": {"type": "Point", "coordinates": [-2.35418, 37.43535]}, "properties": {"id": "a9fac81ceacf", "first_utc": "2026-07-26T13:59:00Z", "last_utc": "2026-07-26T14:29:00Z", "detections": 2, "frp_max_mw": 42.7, "frp_total_mw": 56.0, "pixel_area_ha": 28.1, "status": "out", "fire_class": "likely_agricultural", "municipality": "Somontín", "province": "Almería", "region": "Andalucía", "muni_dist_km": 3.66}}, {"type": "Feature", "geometry": {"type": "Point", "coordinates": [-4.73253, 39.92167]}, "properties": {"id": "dbd78f4d5fd3", "first_utc": "2026-07-23T01:07:00Z", "last_utc": "2026-07-23T09:30:00Z", "detections": 29, "frp_max_mw": 42.3, "frp_total_mw": 489.9, "pixel_area_ha": 225.0, "status": "out", "fire_class": "forest", "official_area_ha": 124.0, "perimeter_id": "572399", "municipality": "La Pueblanueva", "province": "Toledo", "region": "Castilla-La Mancha", "muni_dist_km": 0.8}}, {"type": "Feature", "geometry": {"type": "Point", "coordinates": [-6.49186, 42.54994]}, "properties": {"id": "2119ffad1957", "first_utc": "2026-07-22T19:55:00Z", "last_utc": "2026-07-22T19:55:00Z", "detections": 1, "frp_max_mw": 41.2, "frp_total_mw": 41.2, "pixel_area_ha": 14.1, "status": "out", "fire_class": "forest", "official_area_ha": 0.05, "municipality": "Molinaseca", "province": "León", "region": "Castilla y León", "muni_dist_km": 3.85}}, {"type": "Feature", "geometry": {"type": "Point", "coordinates": [-9.09739, 42.86021]}, "properties": {"id": "1934e4c0a5cd", "first_utc": "2026-07-21T13:55:00Z", "last_utc": "2026-07-21T14:31:00Z", "detections": 4, "frp_max_mw": 40.9, "frp_total_mw": 60.1, "pixel_area_ha": 42.2, "status": "out", "fire_class": "mixed", "official_area_ha": 2.0, "perimeter_id": "572483", "municipality": "Carnota", "province": "A Coruña", "region": "Galicia", "muni_dist_km": 1.41}}, {"type": "Feature", "geometry": {"type": "Point", "coordinates": [-1.98939, 40.94385]}, "properties": {"id": "e3649ebaedad", "first_utc": "2026-07-21T14:37:00Z", "last_utc": "2026-07-21T14:37:00Z", "detections": 2, "frp_max_mw": 40.8, "frp_total_mw": 70.1, "pixel_area_ha": 28.1, "status": "out", "fire_class": "likely_agricultural", "municipality": "Pardos", "province": "Guadalajara", "region": "Castilla-La Mancha", "muni_dist_km": 4.72}}, {"type": "Feature", "geometry": {"type": "Point", "coordinates": [-7.3347, 38.31339]}, "properties": {"id": "0a031453a073", "first_utc": "2026-07-22T15:14:00Z", "last_utc": "2026-07-22T15:14:00Z", "detections": 1, "frp_max_mw": 40.4, "frp_total_mw": 40.4, "pixel_area_ha": 14.1, "status": "out", "fire_class": "likely_agricultural", "municipality": "Villanueva del Fresno", "province": "Badajoz", "region": "Extremadura", "muni_dist_km": 17.92}}, {"type": "Feature", "geometry": {"type": "Point", "coordinates": [-1.69403, 42.1323]}, "properties": {"id": "2e22f5db78e9", "first_utc": "2026-07-24T13:33:00Z", "last_utc": "2026-07-24T14:52:00Z", "detections": 4, "frp_max_mw": 39.1, "frp_total_mw": 84.1, "pixel_area_ha": 42.2, "status": "out", "fire_class": "likely_agricultural", "municipality": "Castejón", "province": "Navarra", "region": "Comunidad Foral de Navarra", "muni_dist_km": 2.72}}, {"type": "Feature", "geometry": {"type": "Point", "coordinates": [-7.37764, 38.37611]}, "properties": {"id": "5108df5619fb", "first_utc": "2026-07-22T15:14:00Z", "last_utc": "2026-07-22T15:14:00Z", "detections": 1, "frp_max_mw": 38.5, "frp_total_mw": 38.5, "pixel_area_ha": 14.1, "status": "out", "fire_class": "likely_agricultural", "municipality": "Villanueva del Fresno", "province": "Badajoz", "region": "Extremadura", "muni_dist_km": 19.79}}, {"type": "Feature", "geometry": {"type": "Point", "coordinates": [4.41694, 43.65843]}, "properties": {"id": "0c074315d46c", "first_utc": "2026-07-24T11:53:00Z", "last_utc": "2026-07-24T12:12:00Z", "detections": 3, "frp_max_mw": 36.9, "frp_total_mw": 66.9, "pixel_area_ha": 14.1, "status": "out", "fire_class": "likely_agricultural"}}, {"type": "Feature", "geometry": {"type": "Point", "coordinates": [-3.4477, 38.44604]}, "properties": {"id": "416b1418a1b1", "first_utc": "2026-07-27T15:07:00Z", "last_utc": "2026-07-27T15:07:00Z", "detections": 1, "frp_max_mw": 36.9, "frp_total_mw": 36.9, "pixel_area_ha": 14.1, "status": "dying_down", "fire_class": "likely_agricultural", "municipality": "Almuradiel", "province": "Ciudad Real", "region": "Castilla-La Mancha", "muni_dist_km": 4.38}}, {"type": "Feature", "geometry": {"type": "Point", "coordinates": [2.43619, 36.3463]}, "properties": {"id": "08c9315bb257", "first_utc": "2026-07-23T13:16:00Z", "last_utc": "2026-07-23T13:16:00Z", "detections": 1, "frp_max_mw": 36.2, "frp_total_mw": 36.2, "pixel_area_ha": 14.1, "status": "out", "fire_class": "likely_agricultural"}}, {"type": "Feature", "geometry": {"type": "Point", "coordinates": [4.01531, 36.35666]}, "properties": {"id": "a1afa1019562", "first_utc": "2026-07-21T13:08:00Z", "last_utc": "2026-07-21T13:08:00Z", "detections": 4, "frp_max_mw": 35.9, "frp_total_mw": 95.4, "pixel_area_ha": 56.2, "status": "out", "fire_class": "likely_agricultural"}}, {"type": "Feature", "geometry": {"type": "Point", "coordinates": [1.33377, 43.99826]}, "properties": {"id": "f905677f3cdb", "first_utc": "2026-07-21T12:14:00Z", "last_utc": "2026-07-21T12:14:00Z", "detections": 1, "frp_max_mw": 35.8, "frp_total_mw": 35.8, "pixel_area_ha": 14.1, "status": "out", "fire_class": "likely_agricultural"}}, {"type": "Feature", "geometry": {"type": "Point", "coordinates": [3.89763, 36.1948]}, "properties": {"id": "3e3c7c1d988a", "first_utc": "2026-07-21T01:45:00Z", "last_utc": "2026-07-21T12:49:00Z", "detections": 6, "frp_max_mw": 33.9, "frp_total_mw": 126.9, "pixel_area_ha": 84.4, "status": "out", "fire_class": "forest"}}, {"type": "Feature", "geometry": {"type": "Point", "coordinates": [3.86197, 36.20302]}, "properties": {"id": "55e1ac4aa22d", "first_utc": "2026-07-23T13:16:00Z", "last_utc": "2026-07-28T02:36:00Z", "detections": 44, "frp_max_mw": 33.8, "frp_total_mw": 336.8, "pixel_area_ha": 126.5, "status": "active", "fire_class": "forest"}}, {"type": "Feature", "geometry": {"type": "Point", "coordinates": [-7.40844, 38.32112]}, "properties": {"id": "4a0723bbdb81", "first_utc": "2026-07-22T15:14:00Z", "last_utc": "2026-07-22T15:14:00Z", "detections": 1, "frp_max_mw": 33.4, "frp_total_mw": 33.4, "pixel_area_ha": 14.1, "status": "out", "fire_class": "likely_agricultural", "municipality": "Villanueva del Fresno", "province": "Badajoz", "region": "Extremadura", "muni_dist_km": 23.57}}, {"type": "Feature", "geometry": {"type": "Point", "coordinates": [-2.81865, 42.73165]}, "properties": {"id": "02bd1f8c3c52", "first_utc": "2026-07-24T14:52:00Z", "last_utc": "2026-07-24T14:52:00Z", "detections": 1, "frp_max_mw": 33.1, "frp_total_mw": 33.1, "pixel_area_ha": 14.1, "status": "out", "fire_class": "forest", "official_area_ha": 400.0, "municipality": "La Puebla de Arganzón", "province": "Burgos", "region": "Castilla y León", "muni_dist_km": 4.56}}, {"type": "Feature", "geometry": {"type": "Point", "coordinates": [-0.4872, 39.46529]}, "properties": {"id": "246ea79b43ba", "first_utc": "2026-07-26T00:58:00Z", "last_utc": "2026-07-26T13:14:00Z", "detections": 17, "frp_max_mw": 31.6, "frp_total_mw": 165.0, "pixel_area_ha": 140.6, "status": "out", "fire_class": "forest", "municipality": "Quart de Poblet", "province": "València/Valencia", "region": "Comunitat Valenciana", "muni_dist_km": 0.2}}, {"type": "Feature", "geometry": {"type": "Point", "coordinates": [3.92498, 36.11834]}, "properties": {"id": "d552c8e4136c", "first_utc": "2026-07-22T01:07:00Z", "last_utc": "2026-07-23T01:07:00Z", "detections": 11, "frp_max_mw": 31.0, "frp_total_mw": 113.3, "pixel_area_ha": 84.4, "status": "out", "fire_class": "forest"}}, {"type": "Feature", "geometry": {"type": "Point", "coordinates": [-6.92963, 42.69474]}, "properties": {"id": "20fb6dc532e9", "first_utc": "2026-07-26T12:55:00Z", "last_utc": "2026-07-26T14:37:00Z", "detections": 7, "frp_max_mw": 30.8, "frp_total_mw": 147.7, "pixel_area_ha": 56.2, "status": "out", "fire_class": "forest", "municipality": "Balboa", "province": "León", "region": "Castilla y León", "muni_dist_km": 1.98}}, {"type": "Feature", "geometry": {"type": "Point", "coordinates": [2.34224, 43.30194]}, "properties": {"id": "edeaa8f30e55", "first_utc": "2026-07-21T09:49:00Z", "last_utc": "2026-07-21T09:49:00Z", "detections": 1, "frp_max_mw": 30.6, "frp_total_mw": 30.6, "pixel_area_ha": 14.1, "status": "out", "fire_class": "likely_agricultural", "municipality": "Llívia", "province": "Girona", "region": "Cataluña", "muni_dist_km": 97.48}}, {"type": "Feature", "geometry": {"type": "Point", "coordinates": [-3.67526, 42.23959]}, "properties": {"id": "9ef5d9e1ab02", "first_utc": "2026-07-22T13:36:00Z", "last_utc": "2026-07-22T13:36:00Z", "detections": 2, "frp_max_mw": 30.2, "frp_total_mw": 33.2, "pixel_area_ha": 28.1, "status": "out", "fire_class": "forest", "official_area_ha": 14.58, "municipality": "Revillarruz", "province": "Burgos", "region": "Castilla y León", "muni_dist_km": 1.64}}, {"type": "Feature", "geometry": {"type": "Point", "coordinates": [-7.03398, 40.55283]}, "properties": {"id": "9f0303ea34b4", "first_utc": "2026-07-27T21:31:00Z", "last_utc": "2026-07-27T21:31:00Z", "detections": 1, "frp_max_mw": 30.1, "frp_total_mw": 30.1, "pixel_area_ha": 14.1, "status": "dying_down", "fire_class": "forest", "municipality": "Fuentes de Oñoro", "province": "Salamanca", "region": "Castilla y León", "muni_dist_km": 20.77}}, {"type": "Feature", "geometry": {"type": "Point", "coordinates": [3.95143, 36.18924]}, "properties": {"id": "aad522a48940", "first_utc": "2026-07-22T12:27:00Z", "last_utc": "2026-07-22T12:27:00Z", "detections": 1, "frp_max_mw": 29.7, "frp_total_mw": 29.7, "pixel_area_ha": 14.1, "status": "out", "fire_class": "likely_agricultural"}}, {"type": "Feature", "geometry": {"type": "Point", "coordinates": [3.8267, 36.15867]}, "properties": {"id": "3c41bc2e28ea", "first_utc": "2026-07-22T12:27:00Z", "last_utc": "2026-07-22T12:27:00Z", "detections": 1, "frp_max_mw": 29.5, "frp_total_mw": 29.5, "pixel_area_ha": 14.1, "status": "out", "fire_class": "likely_agricultural"}}, {"type": "Feature", "geometry": {"type": "Point", "coordinates": [-3.44497, 38.43672]}, "properties": {"id": "ecc030833316", "first_utc": "2026-07-27T15:07:00Z", "last_utc": "2026-07-27T15:07:00Z", "detections": 1, "frp_max_mw": 29.1, "frp_total_mw": 29.1, "pixel_area_ha": 14.1, "status": "dying_down", "fire_class": "likely_agricultural", "municipality": "Almuradiel", "province": "Ciudad Real", "region": "Castilla-La Mancha", "muni_dist_km": 5.23}}, {"type": "Feature", "geometry": {"type": "Point", "coordinates": [-7.36083, 38.37946]}, "properties": {"id": "fd431f3b8e18", "first_utc": "2026-07-22T15:14:00Z", "last_utc": "2026-07-22T15:14:00Z", "detections": 1, "frp_max_mw": 28.6, "frp_total_mw": 28.6, "pixel_area_ha": 14.1, "status": "out", "fire_class": "likely_agricultural", "municipality": "Villanueva del Fresno", "province": "Badajoz", "region": "Extremadura", "muni_dist_km": 18.31}}, {"type": "Feature", "geometry": {"type": "Point", "coordinates": [2.26952, 43.56092]}, "properties": {"id": "6af533acb173", "first_utc": "2026-07-24T19:34:00Z", "last_utc": "2026-07-24T19:34:00Z", "detections": 1, "frp_max_mw": 28.6, "frp_total_mw": 28.6, "pixel_area_ha": 14.1, "status": "out", "fire_class": "forest", "municipality": "Lladorre", "province": "Lleida", "region": "Cataluña", "muni_dist_km": 127.42}}, {"type": "Feature", "geometry": {"type": "Point", "coordinates": [-6.38383, 39.44869]}, "properties": {"id": "efd7e2a653b5", "first_utc": "2026-07-21T12:51:00Z", "last_utc": "2026-07-21T12:51:00Z", "detections": 4, "frp_max_mw": 28.0, "frp_total_mw": 76.8, "pixel_area_ha": 28.1, "status": "out", "fire_class": "likely_agricultural", "municipality": "Malpartida de Cáceres", "province": "Cáceres", "region": "Extremadura", "muni_dist_km": 9.86}}, {"type": "Feature", "geometry": {"type": "Point", "coordinates": [-7.37515, 38.38573]}, "properties": {"id": "2900e3940d51", "first_utc": "2026-07-27T21:31:00Z", "last_utc": "2026-07-27T21:31:00Z", "detections": 1, "frp_max_mw": 28.0, "frp_total_mw": 28.0, "pixel_area_ha": 14.1, "status": "dying_down", "fire_class": "forest", "municipality": "Villanueva del Fresno", "province": "Badajoz", "region": "Extremadura", "muni_dist_km": 19.55}}, {"type": "Feature", "geometry": {"type": "Point", "coordinates": [-0.08149, 40.84612]}, "properties": {"id": "d1cf0098b866", "first_utc": "2026-07-23T20:34:00Z", "last_utc": "2026-07-24T02:11:00Z", "detections": 3, "frp_max_mw": 27.8, "frp_total_mw": 42.9, "pixel_area_ha": 42.2, "status": "out", "fire_class": "forest", "municipality": "La Cerollera", "province": "Teruel", "region": "Aragón", "muni_dist_km": 1.68}}, {"type": "Feature", "geometry": {"type": "Point", "coordinates": [-8.7766, 39.8828]}, "properties": {"id": "8361fe53560e", "first_utc": "2026-07-27T14:18:00Z", "last_utc": "2026-07-27T14:35:00Z", "detections": 6, "frp_max_mw": 27.7, "frp_total_mw": 93.7, "pixel_area_ha": 56.2, "status": "dying_down", "fire_class": "likely_agricultural", "municipality": "Cedillo", "province": "Cáceres", "region": "Extremadura", "muni_dist_km": 114.26}}, {"type": "Feature", "geometry": {"type": "Point", "coordinates": [-7.38321, 38.26508]}, "properties": {"id": "f92f879bed7c", "first_utc": "2026-07-22T15:14:00Z", "last_utc": "2026-07-22T15:14:00Z", "detections": 1, "frp_max_mw": 27.4, "frp_total_mw": 27.4, "pixel_area_ha": 14.1, "status": "out", "fire_class": "likely_agricultural", "municipality": "Villanueva del Fresno", "province": "Badajoz", "region": "Extremadura", "muni_dist_km": 24.28}}, {"type": "Feature", "geometry": {"type": "Point", "coordinates": [-4.35255, 40.4606]}, "properties": {"id": "784c2a3b4cb4", "first_utc": "2026-07-25T15:29:00Z", "last_utc": "2026-07-25T15:29:00Z", "detections": 1, "frp_max_mw": 27.1, "frp_total_mw": 27.1, "pixel_area_ha": 14.1, "status": "out", "fire_class": "likely_agricultural", "municipality": "El Hoyo de Pinares", "province": "Ávila", "region": "Castilla y León", "muni_dist_km": 6.55}}, {"type": "Feature", "geometry": {"type": "Point", "coordinates": [-7.2848, 38.32323]}, "properties": {"id": "5b2fbafd3856", "first_utc": "2026-07-22T15:14:00Z", "last_utc": "2026-07-22T15:14:00Z", "detections": 1, "frp_max_mw": 26.9, "frp_total_mw": 26.9, "pixel_area_ha": 14.1, "status": "out", "fire_class": "likely_agricultural", "municipality": "Villanueva del Fresno", "province": "Badajoz", "region": "Extremadura", "muni_dist_km": 13.57}}, {"type": "Feature", "geometry": {"type": "Point", "coordinates": [1.34027, 43.64862]}, "properties": {"id": "6abccc28c144", "first_utc": "2026-07-22T15:14:00Z", "last_utc": "2026-07-22T15:14:00Z", "detections": 1, "frp_max_mw": 26.8, "frp_total_mw": 26.8, "pixel_area_ha": 14.1, "status": "out", "fire_class": "likely_agricultural", "municipality": "Canejan", "province": "Lleida", "region": "Cataluña", "muni_dist_km": 102.52}}, {"type": "Feature", "geometry": {"type": "Point", "coordinates": [-7.39149, 38.32445]}, "properties": {"id": "70547f0ed627", "first_utc": "2026-07-22T15:14:00Z", "last_utc": "2026-07-22T15:14:00Z", "detections": 1, "frp_max_mw": 26.1, "frp_total_mw": 26.1, "pixel_area_ha": 14.1, "status": "out", "fire_class": "likely_agricultural", "municipality": "Villanueva del Fresno", "province": "Badajoz", "region": "Extremadura", "muni_dist_km": 22.05}}, {"type": "Feature", "geometry": {"type": "Point", "coordinates": [-7.40026, 38.26176]}, "properties": {"id": "38646cbec569", "first_utc": "2026-07-22T15:14:00Z", "last_utc": "2026-07-22T15:14:00Z", "detections": 1, "frp_max_mw": 26.0, "frp_total_mw": 26.0, "pixel_area_ha": 14.1, "status": "out", "fire_class": "likely_agricultural", "municipality": "Villanueva del Fresno", "province": "Badajoz", "region": "Extremadura", "muni_dist_km": 25.73}}, {"type": "Feature", "geometry": {"type": "Point", "coordinates": [2.37616, 43.29365]}, "properties": {"id": "78be4e434765", "first_utc": "2026-07-21T09:49:00Z", "last_utc": "2026-07-21T09:49:00Z", "detections": 1, "frp_max_mw": 25.6, "frp_total_mw": 25.6, "pixel_area_ha": 14.1, "status": "out", "fire_class": "likely_agricultural", "municipality": "Llívia", "province": "Girona", "region": "Cataluña", "muni_dist_km": 97.48}}, {"type": "Feature", "geometry": {"type": "Point", "coordinates": [-3.88808, 38.88562]}, "properties": {"id": "2bd2090a555d", "first_utc": "2026-07-24T12:12:00Z", "last_utc": "2026-07-24T12:12:00Z", "detections": 2, "frp_max_mw": 25.6, "frp_total_mw": 51.2, "pixel_area_ha": 28.1, "status": "out", "fire_class": "likely_agricultural", "municipality": "Pozuelo de Calatrava", "province": "Ciudad Real", "region": "Castilla-La Mancha", "muni_dist_km": 3.8}}, {"type": "Feature", "geometry": {"type": "Point", "coordinates": [-4.80245, 37.96993]}, "properties": {"id": "000964ac2589", "first_utc": "2026-07-24T14:52:00Z", "last_utc": "2026-07-24T14:52:00Z", "detections": 1, "frp_max_mw": 25.0, "frp_total_mw": 25.0, "pixel_area_ha": 14.1, "status": "out", "fire_class": "likely_agricultural", "municipality": "Obejo", "province": "Córdoba", "region": "Andalucía", "muni_dist_km": 12.14}}, {"type": "Feature", "geometry": {"type": "Point", "coordinates": [-7.35962, 38.24739]}, "properties": {"id": "1b6b7fc602c3", "first_utc": "2026-07-22T15:14:00Z", "last_utc": "2026-07-22T15:14:00Z", "detections": 1, "frp_max_mw": 24.6, "frp_total_mw": 24.6, "pixel_area_ha": 14.1, "status": "out", "fire_class": "likely_agricultural", "municipality": "Valencia del Mombuey", "province": "Badajoz", "region": "Extremadura", "muni_dist_km": 22.63}}, {"type": "Feature", "geometry": {"type": "Point", "coordinates": [-7.35753, 38.369]}, "properties": {"id": "6e1d73d468db", "first_utc": "2026-07-22T15:14:00Z", "last_utc": "2026-07-22T15:14:00Z", "detections": 1, "frp_max_mw": 23.8, "frp_total_mw": 23.8, "pixel_area_ha": 14.1, "status": "out", "fire_class": "likely_agricultural", "municipality": "Villanueva del Fresno", "province": "Badajoz", "region": "Extremadura", "muni_dist_km": 18.1}}, {"type": "Feature", "geometry": {"type": "Point", "coordinates": [-6.1424, 42.64934]}, "properties": {"id": "ff4dd4a6c910", "first_utc": "2026-07-23T20:34:00Z", "last_utc": "2026-07-23T20:34:00Z", "detections": 1, "frp_max_mw": 23.8, "frp_total_mw": 23.8, "pixel_area_ha": 14.1, "status": "out", "fire_class": "forest", "official_area_ha": 11.2, "municipality": "Villagatón", "province": "León", "region": "Castilla y León", "muni_dist_km": 3.28}}, {"type": "Feature", "geometry": {"type": "Point", "coordinates": [-5.44603, 42.33609]}, "properties": {"id": "450886973ba0", "first_utc": "2026-07-24T10:09:00Z", "last_utc": "2026-07-24T10:09:00Z", "detections": 1, "frp_max_mw": 23.1, "frp_total_mw": 23.1, "pixel_area_ha": 14.1, "status": "out", "fire_class": "likely_agricultural", "municipality": "Pajares de los Oteros", "province": "León", "region": "Castilla y León", "muni_dist_km": 0.75}}, {"type": "Feature", "geometry": {"type": "Point", "coordinates": [-7.40489, 38.31066]}, "properties": {"id": "85c06d7a4c75", "first_utc": "2026-07-22T15:14:00Z", "last_utc": "2026-07-22T15:14:00Z", "detections": 1, "frp_max_mw": 22.8, "frp_total_mw": 22.8, "pixel_area_ha": 14.1, "status": "out", "fire_class": "likely_agricultural", "municipality": "Villanueva del Fresno", "province": "Badajoz", "region": "Extremadura", "muni_dist_km": 23.66}}, {"type": "Feature", "geometry": {"type": "Point", "coordinates": [-8.0778, 38.63411]}, "properties": {"id": "220aff7e4e8f", "first_utc": "2026-07-22T15:14:00Z", "last_utc": "2026-07-22T15:14:00Z", "detections": 1, "frp_max_mw": 22.7, "frp_total_mw": 22.7, "pixel_area_ha": 14.1, "status": "out", "fire_class": "likely_agricultural", "municipality": "Cheles", "province": "Badajoz", "region": "Extremadura", "muni_dist_km": 71.44}}, {"type": "Feature", "geometry": {"type": "Point", "coordinates": [-4.57738, 42.08927]}, "properties": {"id": "e40a501f2af1", "first_utc": "2026-07-22T11:55:00Z", "last_utc": "2026-07-22T13:36:00Z", "detections": 4, "frp_max_mw": 22.5, "frp_total_mw": 51.0, "pixel_area_ha": 42.2, "status": "out", "fire_class": "forest", "official_area_ha": 60.0, "municipality": "Husillos", "province": "Palencia", "region": "Castilla y León", "muni_dist_km": 2.95}}, {"type": "Feature", "geometry": {"type": "Point", "coordinates": [-3.88267, 40.0271]}, "properties": {"id": "778e70b65eb8", "first_utc": "2026-07-24T13:33:00Z", "last_utc": "2026-07-24T13:53:00Z", "detections": 3, "frp_max_mw": 22.2, "frp_total_mw": 44.7, "pixel_area_ha": 28.1, "status": "out", "fire_class": "likely_agricultural", "municipality": "Villaluenga de la Sagra", "province": "Toledo", "region": "Castilla-La Mancha", "muni_dist_km": 2.38}}, {"type": "Feature", "geometry": {"type": "Point", "coordinates": [1.28165, 43.47406]}, "properties": {"id": "a43ac2c6cec7", "first_utc": "2026-07-21T09:49:00Z", "last_utc": "2026-07-21T09:49:00Z", "detections": 1, "frp_max_mw": 21.8, "frp_total_mw": 21.8, "pixel_area_ha": 14.1, "status": "out", "fire_class": "likely_agricultural", "municipality": "Canejan", "province": "Lleida", "region": "Cataluña", "muni_dist_km": 83.07}}, {"type": "Feature", "geometry": {"type": "Point", "coordinates": [-7.3561, 38.23694]}, "properties": {"id": "36583b45510a", "first_utc": "2026-07-22T15:14:00Z", "last_utc": "2026-07-22T15:14:00Z", "detections": 1, "frp_max_mw": 21.3, "frp_total_mw": 21.3, "pixel_area_ha": 14.1, "status": "out", "fire_class": "likely_agricultural", "municipality": "Valencia del Mombuey", "province": "Badajoz", "region": "Extremadura", "muni_dist_km": 22.31}}, {"type": "Feature", "geometry": {"type": "Point", "coordinates": [-5.89384, 41.81143]}, "properties": {"id": "f235665af398", "first_utc": "2026-07-24T10:09:00Z", "last_utc": "2026-07-24T10:09:00Z", "detections": 2, "frp_max_mw": 21.2, "frp_total_mw": 35.9, "pixel_area_ha": 28.1, "status": "out", "fire_class": "likely_agricultural", "municipality": "Pozuelo de Tábara", "province": "Zamora", "region": "Castilla y León", "muni_dist_km": 3.37}}, {"type": "Feature", "geometry": {"type": "Point", "coordinates": [-8.85408, 41.7136]}, "properties": {"id": "978ec17286e4", "first_utc": "2026-07-26T12:21:00Z", "last_utc": "2026-07-26T13:16:00Z", "detections": 3, "frp_max_mw": 20.8, "frp_total_mw": 27.3, "pixel_area_ha": 28.1, "status": "out", "fire_class": "likely_agricultural", "municipality": "A Guarda", "province": "Pontevedra", "region": "Galicia", "muni_dist_km": 20.93}}, {"type": "Feature", "geometry": {"type": "Point", "coordinates": [-6.39188, 38.91982]}, "properties": {"id": "c6316cace464", "first_utc": "2026-07-24T13:33:00Z", "last_utc": "2026-07-25T03:32:00Z", "detections": 10, "frp_max_mw": 20.7, "frp_total_mw": 52.2, "pixel_area_ha": 70.3, "status": "out", "fire_class": "forest", "municipality": "Calamonte", "province": "Badajoz", "region": "Extremadura", "muni_dist_km": 4.67}}, {"type": "Feature", "geometry": {"type": "Point", "coordinates": [-7.88681, 43.47501]}, "properties": {"id": "5a32dae9c2fe", "first_utc": "2026-07-22T13:36:00Z", "last_utc": "2026-07-22T14:31:00Z", "detections": 2, "frp_max_mw": 20.6, "frp_total_mw": 25.6, "pixel_area_ha": 28.1, "status": "out", "fire_class": "likely_agricultural", "municipality": "As Pontes de García Rodríguez", "province": "A Coruña", "region": "Galicia", "muni_dist_km": 1.54}}, {"type": "Feature", "geometry": {"type": "Point", "coordinates": [-4.09612, 39.62061]}, "properties": {"id": "20bdea3c2ad2", "first_utc": "2026-07-22T19:53:00Z", "last_utc": "2026-07-22T19:53:00Z", "detections": 1, "frp_max_mw": 20.5, "frp_total_mw": 20.5, "pixel_area_ha": 14.1, "status": "out", "fire_class": "forest", "municipality": "Mazarambroz", "province": "Toledo", "region": "Castilla-La Mancha", "muni_dist_km": 3.19}}, {"type": "Feature", "geometry": {"type": "Point", "coordinates": [-6.09747, 39.2418]}, "properties": {"id": "0e8eb1c6fc87", "first_utc": "2026-07-24T21:12:00Z", "last_utc": "2026-07-24T21:12:00Z", "detections": 1, "frp_max_mw": 20.1, "frp_total_mw": 20.1, "pixel_area_ha": 14.1, "status": "out", "fire_class": "forest", "municipality": "Torre de Santa María", "province": "Cáceres", "region": "Extremadura", "muni_dist_km": 1.22}}, {"type": "Feature", "geometry": {"type": "Point", "coordinates": [-0.16713, 39.92834]}, "properties": {"id": "8a1d5b93d0d1", "first_utc": "2026-07-26T13:59:00Z", "last_utc": "2026-07-26T13:59:00Z", "detections": 1, "frp_max_mw": 19.9, "frp_total_mw": 19.9, "pixel_area_ha": 14.1, "status": "out", "fire_class": "likely_agricultural", "municipality": "Betxí", "province": "Castelló/Castellón", "region": "Comunitat Valenciana", "muni_dist_km": 2.59}}, {"type": "Feature", "geometry": {"type": "Point", "coordinates": [-7.381, 38.38657]}, "properties": {"id": "0cbd40546afb", "first_utc": "2026-07-22T15:14:00Z", "last_utc": "2026-07-22T15:14:00Z", "detections": 1, "frp_max_mw": 19.8, "frp_total_mw": 19.8, "pixel_area_ha": 14.1, "status": "out", "fire_class": "likely_agricultural", "municipality": "Villanueva del Fresno", "province": "Badajoz", "region": "Extremadura", "muni_dist_km": 20.06}}, {"type": "Feature", "geometry": {"type": "Point", "coordinates": [-1.33119, 42.66854]}, "properties": {"id": "3f80246c047c", "first_utc": "2026-07-24T14:52:00Z", "last_utc": "2026-07-25T03:32:00Z", "detections": 7, "frp_max_mw": 19.5, "frp_total_mw": 31.7, "pixel_area_ha": 28.1, "status": "out", "fire_class": "forest", "municipality": "Urraul Bajo", "province": "Navarra", "region": "Comunidad Foral de Navarra", "muni_dist_km": 2.25}}, {"type": "Feature", "geometry": {"type": "Point", "coordinates": [3.87071, 36.0843]}, "properties": {"id": "4bfbfc46b4a6", "first_utc": "2026-07-22T01:07:00Z", "last_utc": "2026-07-22T13:33:00Z", "detections": 5, "frp_max_mw": 19.3, "frp_total_mw": 35.7, "pixel_area_ha": 70.3, "status": "out", "fire_class": "forest"}}, {"type": "Feature", "geometry": {"type": "Point", "coordinates": [-7.39668, 38.2513]}, "properties": {"id": "c7507439769d", "first_utc": "2026-07-22T15:14:00Z", "last_utc": "2026-07-22T15:14:00Z", "detections": 1, "frp_max_mw": 19.2, "frp_total_mw": 19.2, "pixel_area_ha": 14.1, "status": "out", "fire_class": "likely_agricultural", "municipality": "Valencia del Mombuey", "province": "Badajoz", "region": "Extremadura", "muni_dist_km": 25.88}}, {"type": "Feature", "geometry": {"type": "Point", "coordinates": [3.84637, 36.12142]}, "properties": {"id": "848d4a80c30a", "first_utc": "2026-07-24T12:55:00Z", "last_utc": "2026-07-24T12:55:00Z", "detections": 1, "frp_max_mw": 18.9, "frp_total_mw": 18.9, "pixel_area_ha": 14.1, "status": "out", "fire_class": "likely_agricultural"}}, {"type": "Feature", "geometry": {"type": "Point", "coordinates": [-0.1889, 39.90145]}, "properties": {"id": "b6aa599a51fc", "first_utc": "2026-07-26T13:59:00Z", "last_utc": "2026-07-26T13:59:00Z", "detections": 1, "frp_max_mw": 18.4, "frp_total_mw": 18.4, "pixel_area_ha": 14.1, "status": "out", "fire_class": "likely_agricultural", "municipality": "Betxí", "province": "Castelló/Castellón", "region": "Comunitat Valenciana", "muni_dist_km": 2.29}}, {"type": "Feature", "geometry": {"type": "Point", "coordinates": [0.31822, 42.56256]}, "properties": {"id": "6a75693f5349", "first_utc": "2026-07-20T02:04:00Z", "last_utc": "2026-07-22T03:06:00Z", "detections": 14, "frp_max_mw": 18.0, "frp_total_mw": 45.5, "pixel_area_ha": 126.5, "status": "out", "fire_class": "forest", "municipality": "Plan", "province": "Huesca", "region": "Aragón", "muni_dist_km": 1.81}}, {"type": "Feature", "geometry": {"type": "Point", "coordinates": [-5.35, 43.1372]}, "properties": {"id": "7f5a432b4374", "first_utc": "2026-07-22T12:32:00Z", "last_utc": "2026-07-24T03:49:00Z", "detections": 29, "frp_max_mw": 17.4, "frp_total_mw": 196.5, "pixel_area_ha": 112.5, "status": "out", "fire_class": "forest", "municipality": "Caso", "province": "Asturias", "region": "Principado de Asturias", "muni_dist_km": 2.64}}, {"type": "Feature", "geometry": {"type": "Point", "coordinates": [-7.56101, 38.09097]}, "properties": {"id": "d2c0a192ac99", "first_utc": "2026-07-24T10:09:00Z", "last_utc": "2026-07-24T10:09:00Z", "detections": 1, "frp_max_mw": 17.4, "frp_total_mw": 17.4, "pixel_area_ha": 14.1, "status": "out", "fire_class": "likely_agricultural", "municipality": "Rosal de la Frontera", "province": "Huelva", "region": "Andalucía", "muni_dist_km": 37.48}}, {"type": "Feature", "geometry": {"type": "Point", "coordinates": [1.23525, 41.18366]}, "properties": {"id": "2acb23e98ab0", "first_utc": "2026-07-25T11:53:00Z", "last_utc": "2026-07-25T11:53:00Z", "detections": 4, "frp_max_mw": 17.4, "frp_total_mw": 55.0, "pixel_area_ha": 56.2, "status": "out", "fire_class": "likely_agricultural", "municipality": "Perafort", "province": "Tarragona", "region": "Cataluña", "muni_dist_km": 0.5}}, {"type": "Feature", "geometry": {"type": "Point", "coordinates": [0.47149, 35.81984]}, "properties": {"id": "866849da9ad5", "first_utc": "2026-07-21T12:12:00Z", "last_utc": "2026-07-21T12:12:00Z", "detections": 1, "frp_max_mw": 17.3, "frp_total_mw": 17.3, "pixel_area_ha": 14.1, "status": "out", "fire_class": "likely_agricultural"}}, {"type": "Feature", "geometry": {"type": "Point", "coordinates": [-7.37283, 38.23365]}, "properties": {"id": "14fc74e1f291", "first_utc": "2026-07-22T15:14:00Z", "last_utc": "2026-07-22T15:14:00Z", "detections": 1, "frp_max_mw": 17.1, "frp_total_mw": 17.1, "pixel_area_ha": 14.1, "status": "out", "fire_class": "likely_agricultural", "municipality": "Valencia del Mombuey", "province": "Badajoz", "region": "Extremadura", "muni_dist_km": 23.78}}, {"type": "Feature", "geometry": {"type": "Point", "coordinates": [-5.44128, 42.34803]}, "properties": {"id": "8a3c1d4121f4", "first_utc": "2026-07-24T10:09:00Z", "last_utc": "2026-07-24T10:09:00Z", "detections": 1, "frp_max_mw": 17.1, "frp_total_mw": 17.1, "pixel_area_ha": 14.1, "status": "out", "fire_class": "likely_agricultural", "municipality": "Pajares de los Oteros", "province": "León", "region": "Castilla y León", "muni_dist_km": 1.85}}, {"type": "Feature", "geometry": {"type": "Point", "coordinates": [3.47952, 36.03786]}, "properties": {"id": "899c232a7a1c", "first_utc": "2026-07-24T12:10:00Z", "last_utc": "2026-07-24T12:55:00Z", "detections": 2, "frp_max_mw": 16.8, "frp_total_mw": 29.6, "pixel_area_ha": 14.1, "status": "out", "fire_class": "likely_agricultural"}}, {"type": "Feature", "geometry": {"type": "Point", "coordinates": [0.05296, 43.15348]}, "properties": {"id": "5819fcd288c1", "first_utc": "2026-07-24T13:55:00Z", "last_utc": "2026-07-24T14:52:00Z", "detections": 2, "frp_max_mw": 16.8, "frp_total_mw": 22.8, "pixel_area_ha": 28.1, "status": "out", "fire_class": "likely_agricultural", "municipality": "Panticosa", "province": "Huesca", "region": "Aragón", "muni_dist_km": 52.06}}, {"type": "Feature", "geometry": {"type": "Point", "coordinates": [2.34111, 43.56358]}, "properties": {"id": "06f224c4ce4b", "first_utc": "2026-07-24T19:34:00Z", "last_utc": "2026-07-24T19:34:00Z", "detections": 1, "frp_max_mw": 16.7, "frp_total_mw": 16.7, "pixel_area_ha": 14.1, "status": "out", "fire_class": "forest", "municipality": "Lladorre", "province": "Lleida", "region": "Cataluña", "muni_dist_km": 131.39}}, {"type": "Feature", "geometry": {"type": "Point", "coordinates": [-2.1236, 41.68316]}, "properties": {"id": "2710402abf27", "first_utc": "2026-07-21T13:53:00Z", "last_utc": "2026-07-21T13:53:00Z", "detections": 4, "frp_max_mw": 16.3, "frp_total_mw": 53.8, "pixel_area_ha": 56.2, "status": "out", "fire_class": "forest", "municipality": "Almenar de Soria", "province": "Soria", "region": "Castilla y León", "muni_dist_km": 3.12}}, {"type": "Feature", "geometry": {"type": "Point", "coordinates": [-7.83593, 40.54332]}, "properties": {"id": "0c19afdf756e", "first_utc": "2026-07-22T15:14:00Z", "last_utc": "2026-07-22T15:14:00Z", "detections": 1, "frp_max_mw": 16.3, "frp_total_mw": 16.3, "pixel_area_ha": 14.1, "status": "out", "fire_class": "likely_agricultural", "municipality": "Valverde del Fresno", "province": "Cáceres", "region": "Extremadura", "muni_dist_km": 86.11}}, {"type": "Feature", "geometry": {"type": "Point", "coordinates": [-3.47403, 39.23925]}, "properties": {"id": "a8cb71658d6b", "first_utc": "2026-07-24T12:12:00Z", "last_utc": "2026-07-24T12:12:00Z", "detections": 4, "frp_max_mw": 16.2, "frp_total_mw": 44.6, "pixel_area_ha": 56.2, "status": "out", "fire_class": "likely_agricultural", "municipality": "Puerto Lápice", "province": "Ciudad Real", "region": "Castilla-La Mancha", "muni_dist_km": 3.64}}, {"type": "Feature", "geometry": {"type": "Point", "coordinates": [-7.35465, 38.32057]}, "properties": {"id": "58ba8cd9f6be", "first_utc": "2026-07-22T15:14:00Z", "last_utc": "2026-07-22T15:14:00Z", "detections": 1, "frp_max_mw": 15.9, "frp_total_mw": 15.9, "pixel_area_ha": 14.1, "status": "out", "fire_class": "likely_agricultural", "municipality": "Villanueva del Fresno", "province": "Badajoz", "region": "Extremadura", "muni_dist_km": 19.17}}, {"type": "Feature", "geometry": {"type": "Point", "coordinates": [-8.57452, 40.56339]}, "properties": {"id": "055aad922293", "first_utc": "2026-07-21T13:08:00Z", "last_utc": "2026-07-21T13:53:00Z", "detections": 2, "frp_max_mw": 15.7, "frp_total_mw": 20.3, "pixel_area_ha": 14.1, "status": "out", "fire_class": "likely_agricultural", "municipality": "Cedillo", "province": "Cáceres", "region": "Extremadura", "muni_dist_km": 139.62}}, {"type": "Feature", "geometry": {"type": "Point", "coordinates": [-5.91359, 37.15587]}, "properties": {"id": "e8c7d971dd44", "first_utc": "2026-07-26T12:55:00Z", "last_utc": "2026-07-26T12:55:00Z", "detections": 2, "frp_max_mw": 15.6, "frp_total_mw": 28.6, "pixel_area_ha": 28.1, "status": "out", "fire_class": "likely_agricultural", "municipality": "Los Palacios y Villafranca", "province": "Sevilla", "region": "Andalucía", "muni_dist_km": 0.77}}, {"type": "Feature", "geometry": {"type": "Point", "coordinates": [-0.4283, 42.94966]}, "properties": {"id": "4e0ca5cab709", "first_utc": "2026-07-22T12:49:00Z", "last_utc": "2026-07-22T13:36:00Z", "detections": 2, "frp_max_mw": 15.4, "frp_total_mw": 22.7, "pixel_area_ha": 28.1, "status": "out", "fire_class": "likely_agricultural", "municipality": "Sallent de Gállego", "province": "Huesca", "region": "Aragón", "muni_dist_km": 20.63}}, {"type": "Feature", "geometry": {"type": "Point", "coordinates": [-4.8697, 39.94331]}, "properties": {"id": "4d65a12d39f3", "first_utc": "2026-07-22T13:36:00Z", "last_utc": "2026-07-22T15:14:00Z", "detections": 6, "frp_max_mw": 15.3, "frp_total_mw": 77.1, "pixel_area_ha": 70.3, "status": "out", "fire_class": "likely_agricultural", "municipality": "Talavera de la Reina", "province": "Toledo", "region": "Castilla-La Mancha", "muni_dist_km": 1.65}}, {"type": "Feature", "geometry": {"type": "Point", "coordinates": [-7.84867, 39.05698]}, "properties": {"id": "4d66bc7f2249", "first_utc": "2026-07-22T15:14:00Z", "last_utc": "2026-07-22T15:14:00Z", "detections": 1, "frp_max_mw": 15.3, "frp_total_mw": 15.3, "pixel_area_ha": 14.1, "status": "out", "fire_class": "likely_agricultural", "municipality": "La Codosera", "province": "Badajoz", "region": "Extremadura", "muni_dist_km": 59.52}}, {"type": "Feature", "geometry": {"type": "Point", "coordinates": [-5.73158, 43.52603]}, "properties": {"id": "42e04ba9d69b", "first_utc": "2026-07-19T01:28:00Z", "last_utc": "2026-07-23T14:12:00Z", "detections": 74, "frp_max_mw": 15.2, "frp_total_mw": 285.6, "pixel_area_ha": 154.7, "status": "out", "fire_class": "forest", "municipality": "Gijón", "province": "Asturias", "region": "Principado de Asturias", "muni_dist_km": 4.21}}, {"type": "Feature", "geometry": {"type": "Point", "coordinates": [-4.05326, 42.16056]}, "properties": {"id": "3d96d8965d4e", "first_utc": "2026-07-28T02:00:00Z", "last_utc": "2026-07-28T04:42:00Z", "detections": 7, "frp_max_mw": 14.9, "frp_total_mw": 80.1, "pixel_area_ha": 56.2, "status": "active", "fire_class": "forest", "municipality": "Villaverde-Mogina", "province": "Burgos", "region": "Castilla y León", "muni_dist_km": 0.94}}, {"type": "Feature", "geometry": {"type": "Point", "coordinates": [-7.34801, 38.3552]}, "properties": {"id": "a4a39d2ad9be", "first_utc": "2026-07-22T15:14:00Z", "last_utc": "2026-07-22T15:14:00Z", "detections": 1, "frp_max_mw": 14.7, "frp_total_mw": 14.7, "pixel_area_ha": 14.1, "status": "out", "fire_class": "likely_agricultural", "municipality": "Villanueva del Fresno", "province": "Badajoz", "region": "Extremadura", "muni_dist_km": 17.51}}, {"type": "Feature", "geometry": {"type": "Point", "coordinates": [-2.90985, 40.35233]}, "properties": {"id": "c17e212a4835", "first_utc": "2026-07-27T12:02:00Z", "last_utc": "2026-07-27T12:02:00Z", "detections": 4, "frp_max_mw": 14.4, "frp_total_mw": 34.7, "pixel_area_ha": 56.2, "status": "dying_down", "fire_class": "likely_agricultural", "municipality": "Zorita de los Canes", "province": "Guadalajara", "region": "Castilla-La Mancha", "muni_dist_km": 2.73}}, {"type": "Feature", "geometry": {"type": "Point", "coordinates": [-7.43792, 38.39758]}, "properties": {"id": "857a39666f3b", "first_utc": "2026-07-22T15:14:00Z", "last_utc": "2026-07-22T15:14:00Z", "detections": 1, "frp_max_mw": 14.3, "frp_total_mw": 14.3, "pixel_area_ha": 14.1, "status": "out", "fire_class": "likely_agricultural", "municipality": "Cheles", "province": "Badajoz", "region": "Extremadura", "muni_dist_km": 22.21}}, {"type": "Feature", "geometry": {"type": "Point", "coordinates": [-0.98039, 41.64206]}, "properties": {"id": "dd6d6510865d", "first_utc": "2026-07-26T09:49:00Z", "last_utc": "2026-07-26T09:49:00Z", "detections": 1, "frp_max_mw": 14.3, "frp_total_mw": 14.3, "pixel_area_ha": 14.1, "status": "out", "fire_class": "likely_agricultural", "municipality": "Zaragoza", "province": "Zaragoza", "region": "Aragón", "muni_dist_km": 6.15}}, {"type": "Feature", "geometry": {"type": "Point", "coordinates": [0.98926, 35.87914]}, "properties": {"id": "fe367898d036", "first_utc": "2026-07-23T13:50:00Z", "last_utc": "2026-07-23T13:50:00Z", "detections": 2, "frp_max_mw": 14.1, "frp_total_mw": 27.8, "pixel_area_ha": 28.1, "status": "out", "fire_class": "likely_agricultural"}}, {"type": "Feature", "geometry": {"type": "Point", "coordinates": [-7.13163, 41.76127]}, "properties": {"id": "e096a78efd8c", "first_utc": "2026-07-22T12:49:00Z", "last_utc": "2026-07-22T14:12:00Z", "detections": 3, "frp_max_mw": 14.0, "frp_total_mw": 33.3, "pixel_area_ha": 42.2, "status": "out", "fire_class": "likely_agricultural", "municipality": "Vilardevós", "province": "Ourense", "region": "Galicia", "muni_dist_km": 20.78}}, {"type": "Feature", "geometry": {"type": "Point", "coordinates": [-5.83142, 43.53984]}, "properties": {"id": "0bb48aa52b0f", "first_utc": "2026-07-21T01:43:00Z", "last_utc": "2026-07-26T02:38:00Z", "detections": 26, "frp_max_mw": 14.0, "frp_total_mw": 74.0, "pixel_area_ha": 112.5, "status": "out", "fire_class": "forest", "municipality": "Carreño", "province": "Asturias", "region": "Principado de Asturias", "muni_dist_km": 3.11}}, {"type": "Feature", "geometry": {"type": "Point", "coordinates": [-2.95536, 43.14407]}, "properties": {"id": "8ca7395c6c69", "first_utc": "2026-07-21T09:49:00Z", "last_utc": "2026-07-21T09:49:00Z", "detections": 1, "frp_max_mw": 13.9, "frp_total_mw": 13.9, "pixel_area_ha": 14.1, "status": "out", "fire_class": "likely_agricultural", "municipality": "Laudio/Llodio", "province": "Araba/Álava", "region": "País Vasco", "muni_dist_km": 1.92}}, {"type": "Feature", "geometry": {"type": "Point", "coordinates": [-7.39771, 38.38325]}, "properties": {"id": "185c84b5336f", "first_utc": "2026-07-22T15:14:00Z", "last_utc": "2026-07-22T15:14:00Z", "detections": 1, "frp_max_mw": 13.6, "frp_total_mw": 13.6, "pixel_area_ha": 14.1, "status": "out", "fire_class": "likely_agricultural", "municipality": "Cheles", "province": "Badajoz", "region": "Extremadura", "muni_dist_km": 21.3}}, {"type": "Feature", "geometry": {"type": "Point", "coordinates": [-8.0374, 39.46756]}, "properties": {"id": "9045349d81ae", "first_utc": "2026-07-22T15:14:00Z", "last_utc": "2026-07-22T15:14:00Z", "detections": 1, "frp_max_mw": 13.6, "frp_total_mw": 13.6, "pixel_area_ha": 14.1, "status": "out", "fire_class": "likely_agricultural", "municipality": "Cedillo", "province": "Cáceres", "region": "Extremadura", "muni_dist_km": 51.05}}, {"type": "Feature", "geometry": {"type": "Point", "coordinates": [-4.66085, 42.58355]}, "properties": {"id": "76f7bf2dafb9", "first_utc": "2026-07-22T15:14:00Z", "last_utc": "2026-07-22T15:14:00Z", "detections": 1, "frp_max_mw": 13.6, "frp_total_mw": 13.6, "pixel_area_ha": 14.1, "status": "out", "fire_class": "likely_agricultural", "municipality": "Valderrábano", "province": "Palencia", "region": "Castilla y León", "muni_dist_km": 2.02}}, {"type": "Feature", "geometry": {"type": "Point", "coordinates": [3.57058, 36.3811]}, "properties": {"id": "0afbc6b7dd7e", "first_utc": "2026-07-23T12:10:00Z", "last_utc": "2026-07-23T13:53:00Z", "detections": 9, "frp_max_mw": 13.5, "frp_total_mw": 57.8, "pixel_area_ha": 70.3, "status": "out", "fire_class": "likely_agricultural"}}, {"type": "Feature", "geometry": {"type": "Point", "coordinates": [-2.12328, 41.68402]}, "properties": {"id": "81918e125f92", "first_utc": "2026-07-24T13:33:00Z", "last_utc": "2026-07-24T13:53:00Z", "detections": 4, "frp_max_mw": 13.2, "frp_total_mw": 42.5, "pixel_area_ha": 42.2, "status": "out", "fire_class": "forest", "municipality": "Almenar de Soria", "province": "Soria", "region": "Castilla y León", "muni_dist_km": 3.41}}, {"type": "Feature", "geometry": {"type": "Point", "coordinates": [-6.07515, 39.24352]}, "properties": {"id": "782b1d447a89", "first_utc": "2026-07-24T21:12:00Z", "last_utc": "2026-07-24T21:12:00Z", "detections": 1, "frp_max_mw": 13.1, "frp_total_mw": 13.1, "pixel_area_ha": 14.1, "status": "out", "fire_class": "forest", "municipality": "Torre de Santa María", "province": "Cáceres", "region": "Extremadura", "muni_dist_km": 2.07}}, {"type": "Feature", "geometry": {"type": "Point", "coordinates": [-7.45463, 38.39428]}, "properties": {"id": "dc4e0211a855", "first_utc": "2026-07-22T15:14:00Z", "last_utc": "2026-07-22T15:14:00Z", "detections": 1, "frp_max_mw": 13.0, "frp_total_mw": 13.0, "pixel_area_ha": 14.1, "status": "out", "fire_class": "likely_agricultural", "municipality": "Cheles", "province": "Badajoz", "region": "Extremadura", "muni_dist_km": 23.48}}, {"type": "Feature", "geometry": {"type": "Point", "coordinates": [-8.16755, 39.46388]}, "properties": {"id": "56de2d8e20b5", "first_utc": "2026-07-22T15:14:00Z", "last_utc": "2026-07-22T15:14:00Z", "detections": 1, "frp_max_mw": 13.0, "frp_total_mw": 13.0, "pixel_area_ha": 14.1, "status": "out", "fire_class": "likely_agricultural", "municipality": "Cedillo", "province": "Cáceres", "region": "Extremadura", "muni_dist_km": 61.76}}, {"type": "Feature", "geometry": {"type": "Point", "coordinates": [-8.13685, 41.06196]}, "properties": {"id": "45fd8dde010c", "first_utc": "2026-07-28T02:00:00Z", "last_utc": "2026-07-28T03:40:00Z", "detections": 6, "frp_max_mw": 13.0, "frp_total_mw": 33.4, "pixel_area_ha": 42.2, "status": "active", "fire_class": "forest", "municipality": "Lobios", "province": "Ourense", "region": "Galicia", "muni_dist_km": 90.36}}, {"type": "Feature", "geometry": {"type": "Point", "coordinates": [-4.13207, 40.18483]}, "properties": {"id": "254d65b8847e", "first_utc": "2026-07-23T13:53:00Z", "last_utc": "2026-07-23T14:12:00Z", "detections": 6, "frp_max_mw": 12.7, "frp_total_mw": 57.4, "pixel_area_ha": 84.4, "status": "out", "fire_class": "likely_agricultural", "municipality": "Valmojado", "province": "Toledo", "region": "Castilla-La Mancha", "muni_dist_km": 3.04}}, {"type": "Feature", "geometry": {"type": "Point", "coordinates": [-4.52453, 39.9154]}, "properties": {"id": "f872956f970f", "first_utc": "2026-07-21T20:53:00Z", "last_utc": "2026-07-21T20:53:00Z", "detections": 1, "frp_max_mw": 12.6, "frp_total_mw": 12.6, "pixel_area_ha": 14.1, "status": "out", "fire_class": "forest", "municipality": "Mesegar de Tajo", "province": "Toledo", "region": "Castilla-La Mancha", "muni_dist_km": 2.09}}, {"type": "Feature", "geometry": {"type": "Point", "coordinates": [-7.25146, 38.60017]}, "properties": {"id": "1de446992f38", "first_utc": "2026-07-22T15:14:00Z", "last_utc": "2026-07-22T15:14:00Z", "detections": 1, "frp_max_mw": 12.6, "frp_total_mw": 12.6, "pixel_area_ha": 14.1, "status": "out", "fire_class": "likely_agricultural", "municipality": "Cheles", "province": "Badajoz", "region": "Extremadura", "muni_dist_km": 6.38}}, {"type": "Feature", "geometry": {"type": "Point", "coordinates": [-3.72292, 39.94772]}, "properties": {"id": "d14540d8b7b9", "first_utc": "2026-07-27T15:07:00Z", "last_utc": "2026-07-27T15:07:00Z", "detections": 1, "frp_max_mw": 12.6, "frp_total_mw": 12.6, "pixel_area_ha": 14.1, "status": "dying_down", "fire_class": "likely_agricultural", "municipality": "Yepes", "province": "Toledo", "region": "Castilla-La Mancha", "muni_dist_km": 4.85}}, {"type": "Feature", "geometry": {"type": "Point", "coordinates": [-1.30344, 37.67809]}, "properties": {"id": "61d08db13ebf", "first_utc": "2026-07-23T20:32:00Z", "last_utc": "2026-07-23T20:32:00Z", "detections": 1, "frp_max_mw": 12.4, "frp_total_mw": 12.4, "pixel_area_ha": 14.1, "status": "out", "fire_class": "forest", "municipality": "Mazarrón", "province": "Murcia", "region": "Región de Murcia", "muni_dist_km": 7.69}}, {"type": "Feature", "geometry": {"type": "Point", "coordinates": [-6.13635, 37.31038]}, "properties": {"id": "da0e71f47476", "first_utc": "2026-07-24T12:57:00Z", "last_utc": "2026-07-24T13:53:00Z", "detections": 2, "frp_max_mw": 12.4, "frp_total_mw": 19.4, "pixel_area_ha": 28.1, "status": "out", "fire_class": "likely_agricultural", "municipality": "Bollullos de la Mitación", "province": "Sevilla", "region": "Andalucía", "muni_dist_km": 1.53}}, {"type": "Feature", "geometry": {"type": "Point", "coordinates": [-4.97474, 39.88108]}, "properties": {"id": "b53f037db2e4", "first_utc": "2026-07-27T13:42:00Z", "last_utc": "2026-07-27T14:18:00Z", "detections": 2, "frp_max_mw": 12.2, "frp_total_mw": 15.2, "pixel_area_ha": 28.1, "status": "dying_down", "fire_class": "likely_agricultural", "municipality": "Calera y Chozas", "province": "Toledo", "region": "Castilla-La Mancha", "muni_dist_km": 3.65}}, {"type": "Feature", "geometry": {"type": "Point", "coordinates": [-6.81885, 38.82733]}, "properties": {"id": "5d60821fde33", "first_utc": "2026-07-23T12:29:00Z", "last_utc": "2026-07-23T12:29:00Z", "detections": 2, "frp_max_mw": 12.1, "frp_total_mw": 24.1, "pixel_area_ha": 28.1, "status": "out", "fire_class": "likely_agricultural", "municipality": "Badajoz", "province": "Badajoz", "region": "Extremadura", "muni_dist_km": 5.52}}, {"type": "Feature", "geometry": {"type": "Point", "coordinates": [-7.19658, 38.76619]}, "properties": {"id": "4f9b016c86dc", "first_utc": "2026-07-22T15:14:00Z", "last_utc": "2026-07-22T15:14:00Z", "detections": 1, "frp_max_mw": 11.9, "frp_total_mw": 11.9, "pixel_area_ha": 14.1, "status": "out", "fire_class": "likely_agricultural", "municipality": "Olivenza", "province": "Badajoz", "region": "Extremadura", "muni_dist_km": 14.1}}, {"type": "Feature", "geometry": {"type": "Point", "coordinates": [-4.06961, 40.49438]}, "properties": {"id": "bc8b52abd971", "first_utc": "2026-07-24T12:57:00Z", "last_utc": "2026-07-24T12:57:00Z", "detections": 2, "frp_max_mw": 11.9, "frp_total_mw": 18.7, "pixel_area_ha": 28.1, "status": "out", "fire_class": "likely_agricultural", "municipality": "Valdemorillo", "province": "Madrid", "region": "Comunidad de Madrid", "muni_dist_km": 0.84}}, {"type": "Feature", "geometry": {"type": "Point", "coordinates": [-8.46343, 41.8388]}, "properties": {"id": "865f6edeed58", "first_utc": "2026-07-27T13:42:00Z", "last_utc": "2026-07-27T14:37:00Z", "detections": 5, "frp_max_mw": 11.9, "frp_total_mw": 38.7, "pixel_area_ha": 56.2, "status": "dying_down", "fire_class": "likely_agricultural", "municipality": "Entrimo", "province": "Ourense", "region": "Galicia", "muni_dist_km": 29.12}}, {"type": "Feature", "geometry": {"type": "Point", "coordinates": [-6.6132, 41.88813]}, "properties": {"id": "dec91e1df799", "first_utc": "2026-07-27T15:09:00Z", "last_utc": "2026-07-27T15:09:00Z", "detections": 1, "frp_max_mw": 11.9, "frp_total_mw": 11.9, "pixel_area_ha": 14.1, "status": "dying_down", "fire_class": "likely_agricultural", "municipality": "Pedralba de la Pradería", "province": "Zamora", "region": "Castilla y León", "muni_dist_km": 12.1}}, {"type": "Feature", "geometry": {"type": "Point", "coordinates": [-0.79217, 39.61508]}, "properties": {"id": "3d21e9054f07", "first_utc": "2026-07-25T13:14:00Z", "last_utc": "2026-07-25T13:33:00Z", "detections": 3, "frp_max_mw": 11.8, "frp_total_mw": 23.7, "pixel_area_ha": 28.1, "status": "out", "fire_class": "likely_agricultural", "municipality": "Bugarra", "province": "València/Valencia", "region": "Comunitat Valenciana", "muni_dist_km": 1.59}}, {"type": "Feature", "geometry": {"type": "Point", "coordinates": [2.79715, 36.23193]}, "properties": {"id": "18e669f9176e", "first_utc": "2026-07-22T08:52:00Z", "last_utc": "2026-07-22T08:52:00Z", "detections": 1, "frp_max_mw": 11.7, "frp_total_mw": 11.7, "pixel_area_ha": 14.1, "status": "out", "fire_class": "likely_agricultural"}}, {"type": "Feature", "geometry": {"type": "Point", "coordinates": [-4.93087, 39.95103]}, "properties": {"id": "923f863f280c", "first_utc": "2026-07-27T13:42:00Z", "last_utc": "2026-07-27T14:18:00Z", "detections": 5, "frp_max_mw": 11.5, "frp_total_mw": 41.0, "pixel_area_ha": 70.3, "status": "dying_down", "fire_class": "agricultural", "official_area_ha": 211.0, "perimeter_id": "235222", "municipality": "Talavera de la Reina", "province": "Toledo", "region": "Castilla-La Mancha", "muni_dist_km": 6.47}}, {"type": "Feature", "geometry": {"type": "Point", "coordinates": [-4.17664, 39.02312]}, "properties": {"id": "5ab692fa3518", "first_utc": "2026-07-27T15:07:00Z", "last_utc": "2026-07-27T15:07:00Z", "detections": 1, "frp_max_mw": 11.5, "frp_total_mw": 11.5, "pixel_area_ha": 14.1, "status": "dying_down", "fire_class": "likely_agricultural", "municipality": "Alcolea de Calatrava", "province": "Ciudad Real", "region": "Castilla-La Mancha", "muni_dist_km": 7.11}}, {"type": "Feature", "geometry": {"type": "Point", "coordinates": [-1.31329, 37.66767]}, "properties": {"id": "056cb8105a66", "first_utc": "2026-07-23T20:32:00Z", "last_utc": "2026-07-23T20:32:00Z", "detections": 1, "frp_max_mw": 11.4, "frp_total_mw": 11.4, "pixel_area_ha": 14.1, "status": "out", "fire_class": "forest", "municipality": "Mazarrón", "province": "Murcia", "region": "Región de Murcia", "muni_dist_km": 6.24}}, {"type": "Feature", "geometry": {"type": "Point", "coordinates": [-6.1038, 36.61157]}, "properties": {"id": "987cc1850385", "first_utc": "2026-07-27T12:36:00Z", "last_utc": "2026-07-27T12:36:00Z", "detections": 8, "frp_max_mw": 11.2, "frp_total_mw": 47.9, "pixel_area_ha": 98.4, "status": "dying_down", "fire_class": "likely_agricultural", "municipality": "Puerto Real", "province": "Cádiz", "region": "Andalucía", "muni_dist_km": 8.98}}, {"type": "Feature", "geometry": {"type": "Point", "coordinates": [-7.73577, 38.36106]}, "properties": {"id": "c15f015d7d7c", "first_utc": "2026-07-22T15:14:00Z", "last_utc": "2026-07-22T15:14:00Z", "detections": 1, "frp_max_mw": 11.1, "frp_total_mw": 11.1, "pixel_area_ha": 14.1, "status": "out", "fire_class": "likely_agricultural", "municipality": "Cheles", "province": "Badajoz", "region": "Extremadura", "muni_dist_km": 45.82}}, {"type": "Feature", "geometry": {"type": "Point", "coordinates": [3.84311, 36.68313]}, "properties": {"id": "9d576da041f9", "first_utc": "2026-07-26T03:28:00Z", "last_utc": "2026-07-26T03:28:00Z", "detections": 1, "frp_max_mw": 11.0, "frp_total_mw": 11.0, "pixel_area_ha": 14.1, "status": "out", "fire_class": "forest"}}, {"type": "Feature", "geometry": {"type": "Point", "coordinates": [-0.44998, 39.48863]}, "properties": {"id": "bd61582aec04", "first_utc": "2026-07-25T11:53:00Z", "last_utc": "2026-07-25T11:53:00Z", "detections": 3, "frp_max_mw": 10.9, "frp_total_mw": 27.7, "pixel_area_ha": 42.2, "status": "out", "fire_class": "likely_agricultural", "municipality": "Mislata", "province": "València/Valencia", "region": "Comunitat Valenciana", "muni_dist_km": 2.25}}, {"type": "Feature", "geometry": {"type": "Point", "coordinates": [-3.05329, 43.20937]}, "properties": {"id": "c10430fe3ef3", "first_utc": "2026-07-22T13:36:00Z", "last_utc": "2026-07-22T13:36:00Z", "detections": 1, "frp_max_mw": 10.6, "frp_total_mw": 10.6, "pixel_area_ha": 14.1, "status": "out", "fire_class": "likely_agricultural", "municipality": "Güeñes", "province": "Bizkaia", "region": "País Vasco", "muni_dist_km": 1.04}}, {"type": "Feature", "geometry": {"type": "Point", "coordinates": [-8.49435, 41.59578]}, "properties": {"id": "bb89956b436c", "first_utc": "2026-07-26T12:55:00Z", "last_utc": "2026-07-26T13:16:00Z", "detections": 3, "frp_max_mw": 10.6, "frp_total_mw": 23.6, "pixel_area_ha": 42.2, "status": "out", "fire_class": "likely_agricultural", "municipality": "A Guarda", "province": "Pontevedra", "region": "Galicia", "muni_dist_km": 45.56}}, {"type": "Feature", "geometry": {"type": "Point", "coordinates": [-0.9549, 38.55654]}, "properties": {"id": "4f219dab5c7b", "first_utc": "2026-07-27T12:02:00Z", "last_utc": "2026-07-27T12:02:00Z", "detections": 2, "frp_max_mw": 10.4, "frp_total_mw": 18.7, "pixel_area_ha": 28.1, "status": "dying_down", "fire_class": "likely_agricultural", "municipality": "Salinas", "province": "Alacant/Alicante", "region": "Comunitat Valenciana", "muni_dist_km": 6.6}}, {"type": "Feature", "geometry": {"type": "Point", "coordinates": [-2.8969, 43.00526]}, "properties": {"id": "1acbe49f1a59", "first_utc": "2026-07-22T13:36:00Z", "last_utc": "2026-07-22T13:36:00Z", "detections": 1, "frp_max_mw": 10.3, "frp_total_mw": 10.3, "pixel_area_ha": 14.1, "status": "out", "fire_class": "likely_agricultural", "municipality": "Urkabustaiz", "province": "Araba/Álava", "region": "País Vasco", "muni_dist_km": 4.76}}, {"type": "Feature", "geometry": {"type": "Point", "coordinates": [-4.70666, 41.60425]}, "properties": {"id": "6f057fe40ca0", "first_utc": "2026-07-21T09:49:00Z", "last_utc": "2026-07-21T09:49:00Z", "detections": 1, "frp_max_mw": 10.2, "frp_total_mw": 10.2, "pixel_area_ha": 14.1, "status": "out", "fire_class": "likely_agricultural", "municipality": "Laguna de Duero", "province": "Valladolid", "region": "Castilla y León", "muni_dist_km": 3.55}}, {"type": "Feature", "geometry": {"type": "Point", "coordinates": [3.82994, 36.6847]}, "properties": {"id": "58f5dd17ae8e", "first_utc": "2026-07-26T03:28:00Z", "last_utc": "2026-07-26T03:28:00Z", "detections": 1, "frp_max_mw": 10.2, "frp_total_mw": 10.2, "pixel_area_ha": 14.1, "status": "out", "fire_class": "forest"}}, {"type": "Feature", "geometry": {"type": "Point", "coordinates": [-1.352, 43.05819]}, "properties": {"id": "f18371472f10", "first_utc": "2026-07-23T13:18:00Z", "last_utc": "2026-07-23T14:12:00Z", "detections": 5, "frp_max_mw": 10.1, "frp_total_mw": 30.1, "pixel_area_ha": 28.1, "status": "out", "fire_class": "likely_agricultural", "municipality": "Luzaide/Valcarlos", "province": "Navarra", "region": "Comunidad Foral de Navarra", "muni_dist_km": 3.02}}, {"type": "Feature", "geometry": {"type": "Point", "coordinates": [-3.10564, 43.33565]}, "properties": {"id": "e09edcf0e8e9", "first_utc": "2026-07-22T02:47:00Z", "last_utc": "2026-07-22T04:10:00Z", "detections": 10, "frp_max_mw": 10.0, "frp_total_mw": 72.8, "pixel_area_ha": 98.4, "status": "out", "fire_class": "forest", "municipality": "Zierbena", "province": "Bizkaia", "region": "País Vasco", "muni_dist_km": 1.34}}, {"type": "Feature", "geometry": {"type": "Point", "coordinates": [-6.72696, 37.2357]}, "properties": {"id": "e9d51b28dfd7", "first_utc": "2026-07-22T14:10:00Z", "last_utc": "2026-07-22T14:10:00Z", "detections": 1, "frp_max_mw": 9.8, "frp_total_mw": 9.8, "pixel_area_ha": 14.1, "status": "out", "fire_class": "likely_agricultural", "municipality": "Lucena del Puerto", "province": "Huelva", "region": "Andalucía", "muni_dist_km": 1.92}}, {"type": "Feature", "geometry": {"type": "Point", "coordinates": [1.29356, 43.59094]}, "properties": {"id": "c3bae178c44d", "first_utc": "2026-07-24T12:57:00Z", "last_utc": "2026-07-24T12:57:00Z", "detections": 1, "frp_max_mw": 9.8, "frp_total_mw": 9.8, "pixel_area_ha": 14.1, "status": "out", "fire_class": "likely_agricultural", "municipality": "Canejan", "province": "Lleida", "region": "Cataluña", "muni_dist_km": 95.11}}, {"type": "Feature", "geometry": {"type": "Point", "coordinates": [-8.58107, 41.3978]}, "properties": {"id": "398f5e8c3eb5", "first_utc": "2026-07-25T02:11:00Z", "last_utc": "2026-07-25T04:27:00Z", "detections": 5, "frp_max_mw": 9.7, "frp_total_mw": 17.3, "pixel_area_ha": 70.3, "status": "out", "fire_class": "forest", "municipality": "A Guarda", "province": "Pontevedra", "region": "Galicia", "muni_dist_km": 60.45}}, {"type": "Feature", "geometry": {"type": "Point", "coordinates": [3.08144, 36.7483]}, "properties": {"id": "a15e4cb59370", "first_utc": "2026-07-15T01:05:00Z", "last_utc": "2026-07-22T01:28:00Z", "detections": 20, "frp_max_mw": 9.6, "frp_total_mw": 54.6, "pixel_area_ha": 56.2, "status": "out", "fire_class": "forest"}}, {"type": "Feature", "geometry": {"type": "Point", "coordinates": [-6.13584, 36.52296]}, "properties": {"id": "829e304b83c0", "first_utc": "2026-07-27T12:36:00Z", "last_utc": "2026-07-27T12:36:00Z", "detections": 2, "frp_max_mw": 9.6, "frp_total_mw": 18.0, "pixel_area_ha": 28.1, "status": "dying_down", "fire_class": "likely_agricultural", "municipality": "Puerto Real", "province": "Cádiz", "region": "Andalucía", "muni_dist_km": 1.95}}, {"type": "Feature", "geometry": {"type": "Point", "coordinates": [2.87841, 36.59739]}, "properties": {"id": "912286e6a7df", "first_utc": "2026-07-12T01:13:00Z", "last_utc": "2026-07-24T02:30:00Z", "detections": 57, "frp_max_mw": 9.5, "frp_total_mw": 125.4, "pixel_area_ha": 126.5, "status": "out", "fire_class": "forest"}}, {"type": "Feature", "geometry": {"type": "Point", "coordinates": [-0.13577, 39.95432]}, "properties": {"id": "f74d93a39605", "first_utc": "2026-07-25T13:33:00Z", "last_utc": "2026-07-25T13:33:00Z", "detections": 3, "frp_max_mw": 9.5, "frp_total_mw": 19.4, "pixel_area_ha": 28.1, "status": "out", "fire_class": "likely_agricultural", "municipality": "Vila-real", "province": "Castelló/Castellón", "region": "Comunitat Valenciana", "muni_dist_km": 2.13}}, {"type": "Feature", "geometry": {"type": "Point", "coordinates": [-0.32408, 35.82176]}, "properties": {"id": "a881ed8e3146", "first_utc": "2026-07-22T12:46:00Z", "last_utc": "2026-07-22T12:46:00Z", "detections": 1, "frp_max_mw": 9.3, "frp_total_mw": 9.3, "pixel_area_ha": 14.1, "status": "out", "fire_class": "likely_agricultural"}}, {"type": "Feature", "geometry": {"type": "Point", "coordinates": [-6.92779, 37.24093]}, "properties": {"id": "763fb167ec25", "first_utc": "2026-07-22T12:29:00Z", "last_utc": "2026-07-22T12:49:00Z", "detections": 3, "frp_max_mw": 9.3, "frp_total_mw": 24.4, "pixel_area_ha": 28.1, "status": "out", "fire_class": "likely_agricultural", "municipality": "Huelva", "province": "Huelva", "region": "Andalucía", "muni_dist_km": 3.47}}, {"type": "Feature", "geometry": {"type": "Point", "coordinates": [-8.64421, 42.7388]}, "properties": {"id": "2d9dff7cbcec", "first_utc": "2026-07-23T13:18:00Z", "last_utc": "2026-07-23T13:18:00Z", "detections": 1, "frp_max_mw": 8.9, "frp_total_mw": 8.9, "pixel_area_ha": 14.1, "status": "out", "fire_class": "likely_agricultural", "municipality": "Padrón", "province": "A Coruña", "region": "Galicia", "muni_dist_km": 2.32}}, {"type": "Feature", "geometry": {"type": "Point", "coordinates": [-7.3367, 38.59441]}, "properties": {"id": "24b90d5b1e51", "first_utc": "2026-07-22T15:14:00Z", "last_utc": "2026-07-22T15:14:00Z", "detections": 1, "frp_max_mw": 8.8, "frp_total_mw": 8.8, "pixel_area_ha": 14.1, "status": "out", "fire_class": "likely_agricultural", "municipality": "Cheles", "province": "Badajoz", "region": "Extremadura", "muni_dist_km": 8.47}}, {"type": "Feature", "geometry": {"type": "Point", "coordinates": [1.43087, 42.35994]}, "properties": {"id": "f976b7edf80d", "first_utc": "2026-07-27T12:02:00Z", "last_utc": "2026-07-27T12:38:00Z", "detections": 2, "frp_max_mw": 8.5, "frp_total_mw": 12.4, "pixel_area_ha": 28.1, "status": "dying_down", "fire_class": "likely_agricultural", "municipality": "La Seu d'Urgell", "province": "Lleida", "region": "Cataluña", "muni_dist_km": 2.59}}, {"type": "Feature", "geometry": {"type": "Point", "coordinates": [-0.9677, 38.55169]}, "properties": {"id": "12c9e3ee6824", "first_utc": "2026-07-27T12:02:00Z", "last_utc": "2026-07-27T12:02:00Z", "detections": 1, "frp_max_mw": 8.4, "frp_total_mw": 8.4, "pixel_area_ha": 14.1, "status": "dying_down", "fire_class": "likely_agricultural", "municipality": "Salinas", "province": "Alacant/Alicante", "region": "Comunitat Valenciana", "muni_dist_km": 6.97}}, {"type": "Feature", "geometry": {"type": "Point", "coordinates": [-4.64888, 42.58547]}, "properties": {"id": "9c76cee363e2", "first_utc": "2026-07-22T15:14:00Z", "last_utc": "2026-07-22T15:14:00Z", "detections": 1, "frp_max_mw": 8.3, "frp_total_mw": 8.3, "pixel_area_ha": 14.1, "status": "out", "fire_class": "forest", "official_area_ha": 12.66, "municipality": "Valderrábano", "province": "Palencia", "region": "Castilla y León", "muni_dist_km": 1.7}}, {"type": "Feature", "geometry": {"type": "Point", "coordinates": [-7.08054, 37.55757]}, "properties": {"id": "94ce38aafe03", "first_utc": "2026-07-23T01:54:00Z", "last_utc": "2026-07-23T02:49:00Z", "detections": 14, "frp_max_mw": 8.3, "frp_total_mw": 64.1, "pixel_area_ha": 126.5, "status": "out", "fire_class": "forest", "official_area_ha": 271.0, "perimeter_id": "572368", "municipality": "Alosno", "province": "Huelva", "region": "Andalucía", "muni_dist_km": 0.82}}, {"type": "Feature", "geometry": {"type": "Point", "coordinates": [-3.75202, 40.21344]}, "properties": {"id": "5341c03e08cc", "first_utc": "2026-07-24T12:12:00Z", "last_utc": "2026-07-24T12:57:00Z", "detections": 3, "frp_max_mw": 8.3, "frp_total_mw": 19.4, "pixel_area_ha": 28.1, "status": "out", "fire_class": "likely_agricultural", "municipality": "Parla", "province": "Madrid", "region": "Comunidad de Madrid", "muni_dist_km": 2.21}}, {"type": "Feature", "geometry": {"type": "Point", "coordinates": [-5.73075, 43.5262]}, "properties": {"id": "1917861ec684", "first_utc": "2026-07-25T01:52:00Z", "last_utc": "2026-07-28T02:53:00Z", "detections": 24, "frp_max_mw": 8.3, "frp_total_mw": 53.5, "pixel_area_ha": 154.7, "status": "active", "fire_class": "forest", "municipality": "Gijón", "province": "Asturias", "region": "Principado de Asturias", "muni_dist_km": 4.33}}, {"type": "Feature", "geometry": {"type": "Point", "coordinates": [0.12648, 36.01802]}, "properties": {"id": "229c15594de1", "first_utc": "2026-07-13T01:41:00Z", "last_utc": "2026-07-24T02:11:00Z", "detections": 38, "frp_max_mw": 8.0, "frp_total_mw": 110.8, "pixel_area_ha": 70.3, "status": "out", "fire_class": "forest"}}, {"type": "Feature", "geometry": {"type": "Point", "coordinates": [-5.83249, 43.53765]}, "properties": {"id": "6206778f6708", "first_utc": "2026-07-27T15:09:00Z", "last_utc": "2026-07-28T02:53:00Z", "detections": 8, "frp_max_mw": 8.0, "frp_total_mw": 21.4, "pixel_area_ha": 112.5, "status": "active", "fire_class": "forest", "municipality": "Carreño", "province": "Asturias", "region": "Principado de Asturias", "muni_dist_km": 3.3}}, {"type": "Feature", "geometry": {"type": "Point", "coordinates": [-4.26787, 42.94153]}, "properties": {"id": "dedf7fbd40a0", "first_utc": "2026-07-21T12:51:00Z", "last_utc": "2026-07-21T12:51:00Z", "detections": 1, "frp_max_mw": 7.7, "frp_total_mw": 7.7, "pixel_area_ha": 14.1, "status": "out", "fire_class": "forest", "official_area_ha": 2.11, "municipality": "Brañosera", "province": "Palencia", "region": "Castilla y León", "muni_dist_km": 2.25}}, {"type": "Feature", "geometry": {"type": "Point", "coordinates": [2.1626, 43.92923]}, "properties": {"id": "de4259a0d41e", "first_utc": "2026-07-24T14:52:00Z", "last_utc": "2026-07-24T14:52:00Z", "detections": 1, "frp_max_mw": 7.6, "frp_total_mw": 7.6, "pixel_area_ha": 14.1, "status": "out", "fire_class": "likely_agricultural"}}, {"type": "Feature", "geometry": {"type": "Point", "coordinates": [3.12325, 36.68056]}, "properties": {"id": "a841b86683be", "first_utc": "2026-06-19T01:45:00Z", "last_utc": "2026-07-25T01:52:00Z", "detections": 168, "frp_max_mw": 7.6, "frp_total_mw": 346.9, "pixel_area_ha": 140.6, "status": "out", "fire_class": "forest"}}, {"type": "Feature", "geometry": {"type": "Point", "coordinates": [-7.41504, 37.25715]}, "properties": {"id": "0429ce1afb50", "first_utc": "2026-07-27T02:56:00Z", "last_utc": "2026-07-27T03:15:00Z", "detections": 2, "frp_max_mw": 7.6, "frp_total_mw": 10.3, "pixel_area_ha": 14.1, "status": "dying_down", "fire_class": "forest", "municipality": "Ayamonte", "province": "Huelva", "region": "Andalucía", "muni_dist_km": 2.99}}, {"type": "Feature", "geometry": {"type": "Point", "coordinates": [-6.09989, 36.54339]}, "properties": {"id": "34f87a50cfa5", "first_utc": "2026-07-27T12:36:00Z", "last_utc": "2026-07-27T12:36:00Z", "detections": 4, "frp_max_mw": 7.6, "frp_total_mw": 30.5, "pixel_area_ha": 56.2, "status": "dying_down", "fire_class": "likely_agricultural", "municipality": "Puerto Real", "province": "Cádiz", "region": "Andalucía", "muni_dist_km": 2.0}}, {"type": "Feature", "geometry": {"type": "Point", "coordinates": [-4.51493, 42.487]}, "properties": {"id": "3f12c7d3a24d", "first_utc": "2026-07-22T14:12:00Z", "last_utc": "2026-07-22T14:12:00Z", "detections": 4, "frp_max_mw": 7.4, "frp_total_mw": 21.0, "pixel_area_ha": 56.2, "status": "out", "fire_class": "forest", "official_area_ha": 88.29, "municipality": "Bárcena de Campos", "province": "Palencia", "region": "Castilla y León", "muni_dist_km": 1.0}}, {"type": "Feature", "geometry": {"type": "Point", "coordinates": [4.44686, 35.87977]}, "properties": {"id": "d2744388d761", "first_utc": "2026-07-19T00:43:00Z", "last_utc": "2026-07-24T02:30:00Z", "detections": 24, "frp_max_mw": 7.3, "frp_total_mw": 70.0, "pixel_area_ha": 70.3, "status": "out", "fire_class": "forest"}}, {"type": "Feature", "geometry": {"type": "Point", "coordinates": [-4.09804, 40.16014]}, "properties": {"id": "3dce766893b1", "first_utc": "2026-07-24T12:12:00Z", "last_utc": "2026-07-24T12:12:00Z", "detections": 1, "frp_max_mw": 7.2, "frp_total_mw": 7.2, "pixel_area_ha": 14.1, "status": "out", "fire_class": "likely_agricultural", "municipality": "Las Ventas de Retamosa", "province": "Toledo", "region": "Castilla-La Mancha", "muni_dist_km": 3.81}}, {"type": "Feature", "geometry": {"type": "Point", "coordinates": [2.757, 36.46945]}, "properties": {"id": "cdb5b43860c0", "first_utc": "2026-07-26T13:14:00Z", "last_utc": "2026-07-26T13:14:00Z", "detections": 1, "frp_max_mw": 7.2, "frp_total_mw": 7.2, "pixel_area_ha": 14.1, "status": "out", "fire_class": "likely_agricultural"}}, {"type": "Feature", "geometry": {"type": "Point", "coordinates": [2.8082, 36.23047]}, "properties": {"id": "2bd433e141f1", "first_utc": "2026-07-22T08:52:00Z", "last_utc": "2026-07-22T08:52:00Z", "detections": 1, "frp_max_mw": 7.1, "frp_total_mw": 7.1, "pixel_area_ha": 14.1, "status": "out", "fire_class": "likely_agricultural"}}, {"type": "Feature", "geometry": {"type": "Point", "coordinates": [-0.91643, 37.56987]}, "properties": {"id": "2bd557c2a53f", "first_utc": "2026-07-28T01:15:00Z", "last_utc": "2026-07-28T02:56:00Z", "detections": 7, "frp_max_mw": 7.1, "frp_total_mw": 24.2, "pixel_area_ha": 70.3, "status": "active", "fire_class": "forest", "municipality": "La Unión", "province": "Murcia", "region": "Región de Murcia", "muni_dist_km": 5.31}}, {"type": "Feature", "geometry": {"type": "Point", "coordinates": [3.74755, 36.17975]}, "properties": {"id": "2ce0f100df2a", "first_utc": "2026-07-17T01:02:00Z", "last_utc": "2026-07-28T02:36:00Z", "detections": 47, "frp_max_mw": 7.0, "frp_total_mw": 125.7, "pixel_area_ha": 84.4, "status": "active", "fire_class": "forest"}}, {"type": "Feature", "geometry": {"type": "Point", "coordinates": [2.39616, 43.22015]}, "properties": {"id": "90979d7ada12", "first_utc": "2026-07-21T12:51:00Z", "last_utc": "2026-07-21T12:51:00Z", "detections": 1, "frp_max_mw": 6.8, "frp_total_mw": 6.8, "pixel_area_ha": 14.1, "status": "out", "fire_class": "likely_agricultural", "municipality": "Llívia", "province": "Girona", "region": "Cataluña", "muni_dist_km": 90.4}}, {"type": "Feature", "geometry": {"type": "Point", "coordinates": [-6.77019, 42.55139]}, "properties": {"id": "4c40a7f71490", "first_utc": "2026-07-22T02:11:00Z", "last_utc": "2026-07-27T02:17:00Z", "detections": 10, "frp_max_mw": 6.8, "frp_total_mw": 13.7, "pixel_area_ha": 28.1, "status": "dying_down", "fire_class": "forest", "municipality": "Toral de los Vados", "province": "León", "region": "Castilla y León", "muni_dist_km": 0.43}}, {"type": "Feature", "geometry": {"type": "Point", "coordinates": [4.44703, 35.87825]}, "properties": {"id": "b9f086005cb6", "first_utc": "2026-07-26T00:58:00Z", "last_utc": "2026-07-28T02:36:00Z", "detections": 13, "frp_max_mw": 6.8, "frp_total_mw": 38.0, "pixel_area_ha": 70.3, "status": "active", "fire_class": "forest"}}, {"type": "Feature", "geometry": {"type": "Point", "coordinates": [4.42015, 43.61985]}, "properties": {"id": "97e932dd9aea", "first_utc": "2026-07-22T00:30:00Z", "last_utc": "2026-07-22T01:26:00Z", "detections": 6, "frp_max_mw": 6.7, "frp_total_mw": 21.2, "pixel_area_ha": 84.4, "status": "out", "fire_class": "forest"}}, {"type": "Feature", "geometry": {"type": "Point", "coordinates": [-6.00782, 41.89292]}, "properties": {"id": "b3a15711e334", "first_utc": "2026-07-22T12:32:00Z", "last_utc": "2026-07-22T12:49:00Z", "detections": 2, "frp_max_mw": 6.6, "frp_total_mw": 11.1, "pixel_area_ha": 28.1, "status": "out", "fire_class": "forest", "official_area_ha": 3.5, "perimeter_id": "572485", "municipality": "Villanueva de las Peras", "province": "Zamora", "region": "Castilla y León", "muni_dist_km": 3.94}}, {"type": "Feature", "geometry": {"type": "Point", "coordinates": [-13.87864, 28.45465]}, "properties": {"id": "1d3e8c54e538", "first_utc": "2026-07-22T13:31:00Z", "last_utc": "2026-07-22T13:31:00Z", "detections": 1, "frp_max_mw": 6.6, "frp_total_mw": 6.6, "pixel_area_ha": 14.1, "status": "out", "fire_class": "likely_agricultural", "municipality": "Puerto del Rosario", "province": "Las Palmas", "region": "Canarias", "muni_dist_km": 9.41}}, {"type": "Feature", "geometry": {"type": "Point", "coordinates": [-8.63945, 41.26942]}, "properties": {"id": "10fc4197bfec", "first_utc": "2026-07-22T13:36:00Z", "last_utc": "2026-07-22T13:36:00Z", "detections": 1, "frp_max_mw": 6.6, "frp_total_mw": 6.6, "pixel_area_ha": 14.1, "status": "out", "fire_class": "likely_agricultural", "municipality": "A Guarda", "province": "Pontevedra", "region": "Galicia", "muni_dist_km": 72.74}}, {"type": "Feature", "geometry": {"type": "Point", "coordinates": [-4.35001, 42.63685]}, "properties": {"id": "3f13a78fdd2e", "first_utc": "2026-07-23T12:12:00Z", "last_utc": "2026-07-23T12:12:00Z", "detections": 4, "frp_max_mw": 6.5, "frp_total_mw": 20.8, "pixel_area_ha": 42.2, "status": "out", "fire_class": "forest", "official_area_ha": 0.06, "municipality": "La Vid de Ojeda", "province": "Palencia", "region": "Castilla y León", "muni_dist_km": 3.83}}, {"type": "Feature", "geometry": {"type": "Point", "coordinates": [-5.79922, 43.41123]}, "properties": {"id": "146d975fcfbf", "first_utc": "2026-07-27T14:18:00Z", "last_utc": "2026-07-27T14:18:00Z", "detections": 1, "frp_max_mw": 6.5, "frp_total_mw": 6.5, "pixel_area_ha": 14.1, "status": "dying_down", "fire_class": "likely_agricultural", "municipality": "Llanera", "province": "Asturias", "region": "Principado de Asturias", "muni_dist_km": 6.92}}, {"type": "Feature", "geometry": {"type": "Point", "coordinates": [-8.56812, 40.56461]}, "properties": {"id": "5f31375aab48", "first_utc": "2026-07-27T14:37:00Z", "last_utc": "2026-07-27T14:37:00Z", "detections": 1, "frp_max_mw": 6.5, "frp_total_mw": 6.5, "pixel_area_ha": 14.1, "status": "dying_down", "fire_class": "likely_agricultural", "municipality": "Cedillo", "province": "Cáceres", "region": "Extremadura", "muni_dist_km": 139.42}}, {"type": "Feature", "geometry": {"type": "Point", "coordinates": [-4.54741, 37.88928]}, "properties": {"id": "ba379494ed30", "first_utc": "2026-07-23T20:32:00Z", "last_utc": "2026-07-23T20:32:00Z", "detections": 1, "frp_max_mw": 6.3, "frp_total_mw": 6.3, "pixel_area_ha": 14.1, "status": "out", "fire_class": "forest", "municipality": "El Carpio", "province": "Córdoba", "region": "Andalucía", "muni_dist_km": 7.03}}, {"type": "Feature", "geometry": {"type": "Point", "coordinates": [-6.85892, 40.40572]}, "properties": {"id": "7fdafdfda319", "first_utc": "2026-07-24T13:33:00Z", "last_utc": "2026-07-24T13:53:00Z", "detections": 3, "frp_max_mw": 6.3, "frp_total_mw": 12.5, "pixel_area_ha": 42.2, "status": "out", "fire_class": "likely_agricultural", "municipality": "La Alberguería de Argañán", "province": "Salamanca", "region": "Castilla y León", "muni_dist_km": 4.62}}, {"type": "Feature", "geometry": {"type": "Point", "coordinates": [-0.81595, 41.15139]}, "properties": {"id": "d301b8a2914f", "first_utc": "2026-07-27T12:02:00Z", "last_utc": "2026-07-27T12:02:00Z", "detections": 1, "frp_max_mw": 6.3, "frp_total_mw": 6.3, "pixel_area_ha": 14.1, "status": "dying_down", "fire_class": "likely_agricultural", "municipality": "Moneva", "province": "Zaragoza", "region": "Aragón", "muni_dist_km": 1.36}}, {"type": "Feature", "geometry": {"type": "Point", "coordinates": [-6.11801, 42.65305]}, "properties": {"id": "05f9cc1def07", "first_utc": "2026-07-23T20:34:00Z", "last_utc": "2026-07-23T20:34:00Z", "detections": 1, "frp_max_mw": 6.2, "frp_total_mw": 6.2, "pixel_area_ha": 14.1, "status": "out", "fire_class": "forest", "official_area_ha": 0.01, "municipality": "Villagatón", "province": "León", "region": "Castilla y León", "muni_dist_km": 5.26}}, {"type": "Feature", "geometry": {"type": "Point", "coordinates": [1.15495, 36.06341]}, "properties": {"id": "a0964d4d9b44", "first_utc": "2026-07-26T01:34:00Z", "last_utc": "2026-07-26T01:34:00Z", "detections": 2, "frp_max_mw": 6.2, "frp_total_mw": 11.6, "pixel_area_ha": 14.1, "status": "out", "fire_class": "forest"}}, {"type": "Feature", "geometry": {"type": "Point", "coordinates": [4.47595, 35.70844]}, "properties": {"id": "b21d2fa2737a", "first_utc": "2026-07-19T00:43:00Z", "last_utc": "2026-07-28T02:02:00Z", "detections": 34, "frp_max_mw": 6.2, "frp_total_mw": 101.8, "pixel_area_ha": 84.4, "status": "active", "fire_class": "forest"}}, {"type": "Feature", "geometry": {"type": "Point", "coordinates": [-2.4707, 42.35043]}, "properties": {"id": "fcee28f23869", "first_utc": "2026-07-23T12:12:00Z", "last_utc": "2026-07-23T12:32:00Z", "detections": 3, "frp_max_mw": 6.1, "frp_total_mw": 14.2, "pixel_area_ha": 42.2, "status": "out", "fire_class": "likely_agricultural", "municipality": "Albelda de Iregua", "province": "La Rioja", "region": "La Rioja", "muni_dist_km": 1.64}}, {"type": "Feature", "geometry": {"type": "Point", "coordinates": [0.18069, 41.92435]}, "properties": {"id": "af29f09db051", "first_utc": "2026-07-27T13:42:00Z", "last_utc": "2026-07-27T13:42:00Z", "detections": 1, "frp_max_mw": 6.1, "frp_total_mw": 6.1, "pixel_area_ha": 14.1, "status": "dying_down", "fire_class": "likely_agricultural", "municipality": "Monzón", "province": "Huesca", "region": "Aragón", "muni_dist_km": 2.94}}, {"type": "Feature", "geometry": {"type": "Point", "coordinates": [-6.78337, 38.60814]}, "properties": {"id": "ab508b2e07f1", "first_utc": "2026-07-24T12:57:00Z", "last_utc": "2026-07-24T13:33:00Z", "detections": 2, "frp_max_mw": 6.0, "frp_total_mw": 11.5, "pixel_area_ha": 14.1, "status": "out", "fire_class": "likely_agricultural", "municipality": "Nogales", "province": "Badajoz", "region": "Extremadura", "muni_dist_km": 3.98}}, {"type": "Feature", "geometry": {"type": "Point", "coordinates": [-4.85195, 40.42107]}, "properties": {"id": "9ece55d03dae", "first_utc": "2026-07-25T13:14:00Z", "last_utc": "2026-07-25T13:33:00Z", "detections": 2, "frp_max_mw": 5.9, "frp_total_mw": 11.3, "pixel_area_ha": 28.1, "status": "out", "fire_class": "forest", "municipality": "Navatalgordo", "province": "Ávila", "region": "Castilla y León", "muni_dist_km": 1.23}}, {"type": "Feature", "geometry": {"type": "Point", "coordinates": [-6.55445, 38.77491]}, "properties": {"id": "5d60f65eac47", "first_utc": "2026-07-27T12:38:00Z", "last_utc": "2026-07-27T12:38:00Z", "detections": 1, "frp_max_mw": 5.8, "frp_total_mw": 5.8, "pixel_area_ha": 14.1, "status": "dying_down", "fire_class": "likely_agricultural", "municipality": "Solana de los Barros", "province": "Badajoz", "region": "Extremadura", "muni_dist_km": 4.66}}, {"type": "Feature", "geometry": {"type": "Point", "coordinates": [-3.47451, 40.24489]}, "properties": {"id": "c2ef2aadd716", "first_utc": "2026-07-10T12:19:00Z", "last_utc": "2026-07-28T02:56:00Z", "detections": 97, "frp_max_mw": 5.8, "frp_total_mw": 235.3, "pixel_area_ha": 126.5, "status": "active", "fire_class": "forest", "municipality": "Morata de Tajuña", "province": "Madrid", "region": "Comunidad de Madrid", "muni_dist_km": 1.38}}, {"type": "Feature", "geometry": {"type": "Point", "coordinates": [-6.89491, 37.18122]}, "properties": {"id": "5fe5a82d8d3e", "first_utc": "2026-07-26T14:35:00Z", "last_utc": "2026-07-26T14:35:00Z", "detections": 1, "frp_max_mw": 5.7, "frp_total_mw": 5.7, "pixel_area_ha": 14.1, "status": "out", "fire_class": "likely_agricultural", "municipality": "Palos de la Frontera", "province": "Huelva", "region": "Andalucía", "muni_dist_km": 1.43}}, {"type": "Feature", "geometry": {"type": "Point", "coordinates": [-0.34322, 38.92035]}, "properties": {"id": "adcd4da6dc0c", "first_utc": "2026-07-21T12:14:00Z", "last_utc": "2026-07-21T13:08:00Z", "detections": 2, "frp_max_mw": 5.6, "frp_total_mw": 7.1, "pixel_area_ha": 14.1, "status": "out", "fire_class": "likely_agricultural", "municipality": "Benicolet", "province": "València/Valencia", "region": "Comunitat Valenciana", "muni_dist_km": 1.05}}, {"type": "Feature", "geometry": {"type": "Point", "coordinates": [-4.58766, 37.1614]}, "properties": {"id": "d1f0a71a4fd3", "first_utc": "2026-07-26T12:19:00Z", "last_utc": "2026-07-26T12:19:00Z", "detections": 2, "frp_max_mw": 5.6, "frp_total_mw": 10.6, "pixel_area_ha": 28.1, "status": "out", "fire_class": "likely_agricultural", "municipality": "Mollina", "province": "Málaga", "region": "Andalucía", "muni_dist_km": 5.47}}, {"type": "Feature", "geometry": {"type": "Point", "coordinates": [2.88605, 36.60643]}, "properties": {"id": "71558906e217", "first_utc": "2026-07-26T13:14:00Z", "last_utc": "2026-07-26T13:14:00Z", "detections": 1, "frp_max_mw": 5.6, "frp_total_mw": 5.6, "pixel_area_ha": 14.1, "status": "out", "fire_class": "likely_agricultural"}}, {"type": "Feature", "geometry": {"type": "Point", "coordinates": [-3.27169, 40.17773]}, "properties": {"id": "091111830059", "first_utc": "2026-07-23T13:53:00Z", "last_utc": "2026-07-23T13:53:00Z", "detections": 1, "frp_max_mw": 5.5, "frp_total_mw": 5.5, "pixel_area_ha": 14.1, "status": "out", "fire_class": "likely_agricultural", "municipality": "Villarejo de Salvanés", "province": "Madrid", "region": "Comunidad de Madrid", "muni_dist_km": 5.33}}, {"type": "Feature", "geometry": {"type": "Point", "coordinates": [-5.69562, 37.25433]}, "properties": {"id": "6b5cf8be6a0d", "first_utc": "2026-07-26T12:19:00Z", "last_utc": "2026-07-26T12:19:00Z", "detections": 2, "frp_max_mw": 5.5, "frp_total_mw": 8.3, "pixel_area_ha": 28.1, "status": "out", "fire_class": "likely_agricultural", "municipality": "Los Molares", "province": "Sevilla", "region": "Andalucía", "muni_dist_km": 10.29}}, {"type": "Feature", "geometry": {"type": "Point", "coordinates": [-4.74775, 38.74662]}, "properties": {"id": "30d301856dbd", "first_utc": "2026-07-26T12:19:00Z", "last_utc": "2026-07-26T12:19:00Z", "detections": 1, "frp_max_mw": 5.5, "frp_total_mw": 5.5, "pixel_area_ha": 14.1, "status": "out", "fire_class": "likely_agricultural", "municipality": "Almadén", "province": "Ciudad Real", "region": "Castilla-La Mancha", "muni_dist_km": 6.49}}, {"type": "Feature", "geometry": {"type": "Point", "coordinates": [-4.25087, 39.98088]}, "properties": {"id": "b8571c147196", "first_utc": "2026-07-21T12:14:00Z", "last_utc": "2026-07-21T12:14:00Z", "detections": 2, "frp_max_mw": 5.4, "frp_total_mw": 10.8, "pixel_area_ha": 28.1, "status": "out", "fire_class": "likely_agricultural", "municipality": "Barcience", "province": "Toledo", "region": "Castilla-La Mancha", "muni_dist_km": 1.1}}, {"type": "Feature", "geometry": {"type": "Point", "coordinates": [-1.32478, 37.66625]}, "properties": {"id": "40ab9b9c2957", "first_utc": "2026-07-23T20:32:00Z", "last_utc": "2026-07-23T20:32:00Z", "detections": 1, "frp_max_mw": 5.3, "frp_total_mw": 5.3, "pixel_area_ha": 14.1, "status": "out", "fire_class": "forest", "municipality": "Mazarrón", "province": "Murcia", "region": "Región de Murcia", "muni_dist_km": 5.61}}, {"type": "Feature", "geometry": {"type": "Point", "coordinates": [-7.12216, 41.64086]}, "properties": {"id": "928560499c2a", "first_utc": "2026-07-22T13:36:00Z", "last_utc": "2026-07-22T13:36:00Z", "detections": 1, "frp_max_mw": 5.1, "frp_total_mw": 5.1, "pixel_area_ha": 14.1, "status": "out", "fire_class": "likely_agricultural", "municipality": "Vilardevós", "province": "Ourense", "region": "Galicia", "muni_dist_km": 32.57}}, {"type": "Feature", "geometry": {"type": "Point", "coordinates": [-0.3058, 35.82875]}, "properties": {"id": "8884c2a64751", "first_utc": "2026-07-22T12:29:00Z", "last_utc": "2026-07-22T14:10:00Z", "detections": 3, "frp_max_mw": 5.1, "frp_total_mw": 9.5, "pixel_area_ha": 28.1, "status": "out", "fire_class": "likely_agricultural"}}, {"type": "Feature", "geometry": {"type": "Point", "coordinates": [-5.89428, 37.17936]}, "properties": {"id": "be975ebba37d", "first_utc": "2026-07-24T13:53:00Z", "last_utc": "2026-07-24T13:53:00Z", "detections": 1, "frp_max_mw": 5.1, "frp_total_mw": 5.1, "pixel_area_ha": 14.1, "status": "out", "fire_class": "likely_agricultural", "municipality": "Los Palacios y Villafranca", "province": "Sevilla", "region": "Andalucía", "muni_dist_km": 4.02}}, {"type": "Feature", "geometry": {"type": "Point", "coordinates": [-8.83221, 38.52758]}, "properties": {"id": "66403358200e", "first_utc": "2026-07-26T13:14:00Z", "last_utc": "2026-07-26T13:14:00Z", "detections": 1, "frp_max_mw": 5.1, "frp_total_mw": 5.1, "pixel_area_ha": 14.1, "status": "out", "fire_class": "likely_agricultural"}}, {"type": "Feature", "geometry": {"type": "Point", "coordinates": [2.92859, 36.13992]}, "properties": {"id": "d4913d3f1ebc", "first_utc": "2026-06-22T01:37:00Z", "last_utc": "2026-07-28T02:02:00Z", "detections": 119, "frp_max_mw": 5.1, "frp_total_mw": 141.3, "pixel_area_ha": 126.5, "status": "active", "fire_class": "forest"}}, {"type": "Feature", "geometry": {"type": "Point", "coordinates": [3.13713, 36.59832]}, "properties": {"id": "1228ea974aff", "first_utc": "2026-07-21T00:52:00Z", "last_utc": "2026-07-28T02:36:00Z", "detections": 25, "frp_max_mw": 5.1, "frp_total_mw": 55.2, "pixel_area_ha": 56.2, "status": "active", "fire_class": "forest"}}, {"type": "Feature", "geometry": {"type": "Point", "coordinates": [-1.63786, 39.44186]}, "properties": {"id": "7ea126d5cbe3", "first_utc": "2026-07-25T12:38:00Z", "last_utc": "2026-07-25T13:14:00Z", "detections": 2, "frp_max_mw": 5.0, "frp_total_mw": 6.0, "pixel_area_ha": 28.1, "status": "out", "fire_class": "likely_agricultural", "municipality": "Villarta", "province": "Cuenca", "region": "Castilla-La Mancha", "muni_dist_km": 0.79}}, {"type": "Feature", "geometry": {"type": "Point", "coordinates": [-2.95384, 43.30232]}, "properties": {"id": "f7134bf16caf", "first_utc": "2026-07-22T12:49:00Z", "last_utc": "2026-07-22T13:36:00Z", "detections": 3, "frp_max_mw": 4.9, "frp_total_mw": 14.2, "pixel_area_ha": 28.1, "status": "out", "fire_class": "likely_agricultural", "municipality": "Erandio", "province": "Bizkaia", "region": "País Vasco", "muni_dist_km": 1.68}}, {"type": "Feature", "geometry": {"type": "Point", "coordinates": [-2.99093, 43.24405]}, "properties": {"id": "762b7e78ce17", "first_utc": "2026-07-22T12:49:00Z", "last_utc": "2026-07-23T01:54:00Z", "detections": 2, "frp_max_mw": 4.9, "frp_total_mw": 5.8, "pixel_area_ha": 14.1, "status": "out", "fire_class": "forest", "municipality": "Alonsotegi", "province": "Bizkaia", "region": "País Vasco", "muni_dist_km": 1.57}}, {"type": "Feature", "geometry": {"type": "Point", "coordinates": [3.08282, 36.74901]}, "properties": {"id": "1cee99316c17", "first_utc": "2026-07-24T01:37:00Z", "last_utc": "2026-07-25T01:52:00Z", "detections": 4, "frp_max_mw": 4.9, "frp_total_mw": 8.5, "pixel_area_ha": 28.1, "status": "out", "fire_class": "forest"}}, {"type": "Feature", "geometry": {"type": "Point", "coordinates": [3.8747, 36.1921]}, "properties": {"id": "3ae143fb1186", "first_utc": "2026-07-22T02:13:00Z", "last_utc": "2026-07-22T02:13:00Z", "detections": 2, "frp_max_mw": 4.8, "frp_total_mw": 9.3, "pixel_area_ha": 28.1, "status": "out", "fire_class": "forest"}}, {"type": "Feature", "geometry": {"type": "Point", "coordinates": [-3.649, 37.09994]}, "properties": {"id": "1a323f4dade7", "first_utc": "2026-07-22T14:10:00Z", "last_utc": "2026-07-22T14:10:00Z", "detections": 2, "frp_max_mw": 4.8, "frp_total_mw": 9.2, "pixel_area_ha": 28.1, "status": "out", "fire_class": "likely_agricultural", "municipality": "Villa de Otura", "province": "Granada", "region": "Andalucía", "muni_dist_km": 2.87}}, {"type": "Feature", "geometry": {"type": "Point", "coordinates": [-8.50882, 39.43848]}, "properties": {"id": "27edce551347", "first_utc": "2026-07-22T14:10:00Z", "last_utc": "2026-07-22T14:10:00Z", "detections": 1, "frp_max_mw": 4.8, "frp_total_mw": 4.8, "pixel_area_ha": 14.1, "status": "out", "fire_class": "likely_agricultural", "municipality": "Cedillo", "province": "Cáceres", "region": "Extremadura", "muni_dist_km": 90.76}}, {"type": "Feature", "geometry": {"type": "Point", "coordinates": [-3.19067, 40.74064]}, "properties": {"id": "30457e245910", "first_utc": "2026-07-24T12:12:00Z", "last_utc": "2026-07-24T12:12:00Z", "detections": 1, "frp_max_mw": 4.8, "frp_total_mw": 4.8, "pixel_area_ha": 14.1, "status": "out", "fire_class": "likely_agricultural", "municipality": "Fontanar", "province": "Guadalajara", "region": "Castilla-La Mancha", "muni_dist_km": 1.31}}, {"type": "Feature", "geometry": {"type": "Point", "coordinates": [-8.54981, 41.75544]}, "properties": {"id": "1cb954ed456a", "first_utc": "2026-07-26T20:51:00Z", "last_utc": "2026-07-26T20:51:00Z", "detections": 1, "frp_max_mw": 4.8, "frp_total_mw": 4.8, "pixel_area_ha": 14.1, "status": "out", "fire_class": "forest", "municipality": "A Guarda", "province": "Pontevedra", "region": "Galicia", "muni_dist_km": 30.55}}, {"type": "Feature", "geometry": {"type": "Point", "coordinates": [0.41902, 40.53952]}, "properties": {"id": "f5f8e709e456", "first_utc": "2026-07-21T12:14:00Z", "last_utc": "2026-07-21T12:14:00Z", "detections": 2, "frp_max_mw": 4.7, "frp_total_mw": 8.6, "pixel_area_ha": 14.1, "status": "out", "fire_class": "likely_agricultural", "municipality": "Vinaròs", "province": "Castelló/Castellón", "region": "Comunitat Valenciana", "muni_dist_km": 3.5}}, {"type": "Feature", "geometry": {"type": "Point", "coordinates": [-4.74104, 37.61322]}, "properties": {"id": "b80ddea10b08", "first_utc": "2026-07-26T13:59:00Z", "last_utc": "2026-07-26T13:59:00Z", "detections": 1, "frp_max_mw": 4.7, "frp_total_mw": 4.7, "pixel_area_ha": 14.1, "status": "out", "fire_class": "likely_agricultural", "municipality": "Montalbán de Córdoba", "province": "Córdoba", "region": "Andalucía", "muni_dist_km": 7.0}}, {"type": "Feature", "geometry": {"type": "Point", "coordinates": [-3.75124, 40.25409]}, "properties": {"id": "84eb837f9ef1", "first_utc": "2026-07-26T12:55:00Z", "last_utc": "2026-07-26T12:55:00Z", "detections": 1, "frp_max_mw": 4.6, "frp_total_mw": 4.6, "pixel_area_ha": 14.1, "status": "out", "fire_class": "likely_agricultural", "municipality": "Parla", "province": "Madrid", "region": "Comunidad de Madrid", "muni_dist_km": 2.93}}, {"type": "Feature", "geometry": {"type": "Point", "coordinates": [-1.19435, 38.05291]}, "properties": {"id": "22296c6f4ba1", "first_utc": "2026-07-25T13:31:00Z", "last_utc": "2026-07-25T13:31:00Z", "detections": 1, "frp_max_mw": 4.5, "frp_total_mw": 4.5, "pixel_area_ha": 14.1, "status": "out", "fire_class": "likely_agricultural", "municipality": "Alguazas", "province": "Murcia", "region": "Región de Murcia", "muni_dist_km": 6.9}}, {"type": "Feature", "geometry": {"type": "Point", "coordinates": [-4.81683, 40.01208]}, "properties": {"id": "e808db902df1", "first_utc": "2026-07-25T13:33:00Z", "last_utc": "2026-07-25T13:33:00Z", "detections": 1, "frp_max_mw": 4.4, "frp_total_mw": 4.4, "pixel_area_ha": 14.1, "status": "out", "fire_class": "likely_agricultural", "municipality": "Pepino", "province": "Toledo", "region": "Castilla-La Mancha", "muni_dist_km": 2.7}}, {"type": "Feature", "geometry": {"type": "Point", "coordinates": [-0.28464, 43.23553]}, "properties": {"id": "709bb2f63687", "first_utc": "2026-07-21T13:10:00Z", "last_utc": "2026-07-21T13:10:00Z", "detections": 1, "frp_max_mw": 4.3, "frp_total_mw": 4.3, "pixel_area_ha": 14.1, "status": "out", "fire_class": "likely_agricultural", "municipality": "Sallent de Gállego", "province": "Huesca", "region": "Aragón", "muni_dist_km": 51.49}}, {"type": "Feature", "geometry": {"type": "Point", "coordinates": [0.53995, 35.78315]}, "properties": {"id": "8e9b8f11bb39", "first_utc": "2026-07-21T01:28:00Z", "last_utc": "2026-07-25T01:52:00Z", "detections": 10, "frp_max_mw": 4.3, "frp_total_mw": 22.4, "pixel_area_ha": 42.2, "status": "out", "fire_class": "forest"}}, {"type": "Feature", "geometry": {"type": "Point", "coordinates": [-5.93887, 37.00228]}, "properties": {"id": "6fad8529d915", "first_utc": "2026-07-25T13:31:00Z", "last_utc": "2026-07-25T13:31:00Z", "detections": 1, "frp_max_mw": 4.3, "frp_total_mw": 4.3, "pixel_area_ha": 14.1, "status": "out", "fire_class": "likely_agricultural", "municipality": "Las Cabezas de San Juan", "province": "Sevilla", "region": "Andalucía", "muni_dist_km": 1.79}}, {"type": "Feature", "geometry": {"type": "Point", "coordinates": [-0.13615, 39.81359]}, "properties": {"id": "f4f50d300b87", "first_utc": "2026-07-25T13:33:00Z", "last_utc": "2026-07-25T13:33:00Z", "detections": 1, "frp_max_mw": 4.3, "frp_total_mw": 4.3, "pixel_area_ha": 14.1, "status": "out", "fire_class": "likely_agricultural", "municipality": "Moncofa", "province": "Castelló/Castellón", "region": "Comunitat Valenciana", "muni_dist_km": 2.18}}, {"type": "Feature", "geometry": {"type": "Point", "coordinates": [0.31144, 43.3765]}, "properties": {"id": "83208b92d87b", "first_utc": "2026-07-24T12:12:00Z", "last_utc": "2026-07-24T12:12:00Z", "detections": 1, "frp_max_mw": 4.1, "frp_total_mw": 4.1, "pixel_area_ha": 14.1, "status": "out", "fire_class": "likely_agricultural", "municipality": "Bausen", "province": "Lleida", "region": "Cataluña", "muni_dist_km": 67.34}}, {"type": "Feature", "geometry": {"type": "Point", "coordinates": [-4.90653, 41.31731]}, "properties": {"id": "1a7bea7e06c2", "first_utc": "2026-07-26T12:55:00Z", "last_utc": "2026-07-26T12:55:00Z", "detections": 1, "frp_max_mw": 4.0, "frp_total_mw": 4.0, "pixel_area_ha": 14.1, "status": "out", "fire_class": "likely_agricultural", "municipality": "Medina del Campo", "province": "Valladolid", "region": "Castilla y León", "muni_dist_km": 0.32}}, {"type": "Feature", "geometry": {"type": "Point", "coordinates": [-0.9267, 41.64851]}, "properties": {"id": "b62df747e316", "first_utc": "2026-07-25T13:14:00Z", "last_utc": "2026-07-25T13:14:00Z", "detections": 1, "frp_max_mw": 3.9, "frp_total_mw": 3.9, "pixel_area_ha": 14.1, "status": "out", "fire_class": "likely_agricultural", "municipality": "Zaragoza", "province": "Zaragoza", "region": "Aragón", "muni_dist_km": 3.59}}, {"type": "Feature", "geometry": {"type": "Point", "coordinates": [-5.54183, 43.5292]}, "properties": {"id": "7791bd10ece2", "first_utc": "2026-07-25T12:40:00Z", "last_utc": "2026-07-25T13:16:00Z", "detections": 2, "frp_max_mw": 3.9, "frp_total_mw": 6.8, "pixel_area_ha": 28.1, "status": "out", "fire_class": "likely_agricultural", "municipality": "Villaviciosa", "province": "Asturias", "region": "Principado de Asturias", "muni_dist_km": 8.09}}, {"type": "Feature", "geometry": {"type": "Point", "coordinates": [-8.43645, 43.34605]}, "properties": {"id": "a7f2992b9deb", "first_utc": "2026-07-20T02:04:00Z", "last_utc": "2026-07-24T02:30:00Z", "detections": 13, "frp_max_mw": 3.8, "frp_total_mw": 18.4, "pixel_area_ha": 42.2, "status": "out", "fire_class": "forest", "municipality": "A Coruña", "province": "A Coruña", "region": "Galicia", "muni_dist_km": 0.96}}, {"type": "Feature", "geometry": {"type": "Point", "coordinates": [-3.47631, 38.70198]}, "properties": {"id": "19ede1b71aa5", "first_utc": "2026-07-23T12:29:00Z", "last_utc": "2026-07-23T12:29:00Z", "detections": 1, "frp_max_mw": 3.7, "frp_total_mw": 3.7, "pixel_area_ha": 14.1, "status": "out", "fire_class": "likely_agricultural", "municipality": "Santa Cruz de Mudela", "province": "Ciudad Real", "region": "Castilla-La Mancha", "muni_dist_km": 7.4}}, {"type": "Feature", "geometry": {"type": "Point", "coordinates": [-8.59798, 43.0046]}, "properties": {"id": "39fdec7b8b62", "first_utc": "2026-07-23T13:53:00Z", "last_utc": "2026-07-23T13:53:00Z", "detections": 1, "frp_max_mw": 3.7, "frp_total_mw": 3.7, "pixel_area_ha": 14.1, "status": "out", "fire_class": "forest", "official_area_ha": 232.0, "perimeter_id": "12113", "municipality": "Trazo", "province": "A Coruña", "region": "Galicia", "muni_dist_km": 4.85}}, {"type": "Feature", "geometry": {"type": "Point", "coordinates": [-7.82923, 43.65178]}, "properties": {"id": "28b8f61907a0", "first_utc": "2026-07-24T13:33:00Z", "last_utc": "2026-07-24T13:33:00Z", "detections": 1, "frp_max_mw": 3.7, "frp_total_mw": 3.7, "pixel_area_ha": 14.1, "status": "out", "fire_class": "likely_agricultural", "municipality": "Ortigueira", "province": "A Coruña", "region": "Galicia", "muni_dist_km": 0.03}}, {"type": "Feature", "geometry": {"type": "Point", "coordinates": [-6.23211, 38.55845]}, "properties": {"id": "9133bf468072", "first_utc": "2026-07-24T13:53:00Z", "last_utc": "2026-07-24T13:53:00Z", "detections": 1, "frp_max_mw": 3.7, "frp_total_mw": 3.7, "pixel_area_ha": 14.1, "status": "out", "fire_class": "likely_agricultural", "municipality": "Ribera del Fresno", "province": "Badajoz", "region": "Extremadura", "muni_dist_km": 2.11}}, {"type": "Feature", "geometry": {"type": "Point", "coordinates": [2.92289, 36.72812]}, "properties": {"id": "1077eb8ba90b", "first_utc": "2026-07-22T01:28:00Z", "last_utc": "2026-07-22T02:13:00Z", "detections": 3, "frp_max_mw": 3.6, "frp_total_mw": 5.9, "pixel_area_ha": 28.1, "status": "out", "fire_class": "forest"}}, {"type": "Feature", "geometry": {"type": "Point", "coordinates": [-1.90491, 36.96499]}, "properties": {"id": "72e00b9a5ca2", "first_utc": "2026-07-23T01:54:00Z", "last_utc": "2026-07-23T01:54:00Z", "detections": 1, "frp_max_mw": 3.6, "frp_total_mw": 3.6, "pixel_area_ha": 14.1, "status": "out", "fire_class": "forest", "municipality": "Carboneras", "province": "Almería", "region": "Andalucía", "muni_dist_km": 5.32}}, {"type": "Feature", "geometry": {"type": "Point", "coordinates": [1.72951, 36.23431]}, "properties": {"id": "24c857a5284c", "first_utc": "2026-07-27T12:00:00Z", "last_utc": "2026-07-27T12:36:00Z", "detections": 2, "frp_max_mw": 3.6, "frp_total_mw": 6.7, "pixel_area_ha": 28.1, "status": "dying_down", "fire_class": "likely_agricultural"}}, {"type": "Feature", "geometry": {"type": "Point", "coordinates": [3.12314, 36.68039]}, "properties": {"id": "bc74a9279e2d", "first_utc": "2026-07-27T01:15:00Z", "last_utc": "2026-07-28T02:36:00Z", "detections": 10, "frp_max_mw": 3.6, "frp_total_mw": 21.6, "pixel_area_ha": 70.3, "status": "active", "fire_class": "forest"}}, {"type": "Feature", "geometry": {"type": "Point", "coordinates": [-0.23978, 35.80712]}, "properties": {"id": "51b01a1f13c4", "first_utc": "2026-07-24T01:37:00Z", "last_utc": "2026-07-24T13:31:00Z", "detections": 2, "frp_max_mw": 3.5, "frp_total_mw": 6.9, "pixel_area_ha": 28.1, "status": "out", "fire_class": "forest"}}, {"type": "Feature", "geometry": {"type": "Point", "coordinates": [-6.36702, 39.50395]}, "properties": {"id": "4cac26d83a09", "first_utc": "2026-07-24T13:33:00Z", "last_utc": "2026-07-24T13:33:00Z", "detections": 1, "frp_max_mw": 3.5, "frp_total_mw": 3.5, "pixel_area_ha": 14.1, "status": "out", "fire_class": "likely_agricultural", "municipality": "Casar de Cáceres", "province": "Cáceres", "region": "Extremadura", "muni_dist_km": 11.42}}, {"type": "Feature", "geometry": {"type": "Point", "coordinates": [2.87875, 36.59639]}, "properties": {"id": "0a7e7c23140a", "first_utc": "2026-07-25T13:14:00Z", "last_utc": "2026-07-28T02:36:00Z", "detections": 12, "frp_max_mw": 3.5, "frp_total_mw": 18.3, "pixel_area_ha": 56.2, "status": "active", "fire_class": "forest"}}, {"type": "Feature", "geometry": {"type": "Point", "coordinates": [-7.00549, 38.88522]}, "properties": {"id": "2abcbc237b3e", "first_utc": "2026-07-21T12:51:00Z", "last_utc": "2026-07-21T12:51:00Z", "detections": 1, "frp_max_mw": 3.4, "frp_total_mw": 3.4, "pixel_area_ha": 14.1, "status": "out", "fire_class": "likely_agricultural", "municipality": "Badajoz", "province": "Badajoz", "region": "Extremadura", "muni_dist_km": 13.19}}, {"type": "Feature", "geometry": {"type": "Point", "coordinates": [2.89529, 36.5984]}, "properties": {"id": "6f3f066174c6", "first_utc": "2026-07-24T01:37:00Z", "last_utc": "2026-07-24T02:30:00Z", "detections": 5, "frp_max_mw": 3.4, "frp_total_mw": 9.8, "pixel_area_ha": 42.2, "status": "out", "fire_class": "forest"}}, {"type": "Feature", "geometry": {"type": "Point", "coordinates": [-4.45614, 40.45462]}, "properties": {"id": "f6cc1406e18d", "first_utc": "2026-07-25T01:15:00Z", "last_utc": "2026-07-25T03:32:00Z", "detections": 24, "frp_max_mw": 3.4, "frp_total_mw": 46.6, "pixel_area_ha": 196.8, "status": "out", "fire_class": "forest", "official_area_ha": 44403.0, "perimeter_id": "562592", "municipality": "Cebreros", "province": "Ávila", "region": "Castilla y León", "muni_dist_km": 1.36}}, {"type": "Feature", "geometry": {"type": "Point", "coordinates": [-1.71124, 42.35234]}, "properties": {"id": "f15287abf506", "first_utc": "2026-07-23T12:12:00Z", "last_utc": "2026-07-23T12:12:00Z", "detections": 1, "frp_max_mw": 3.3, "frp_total_mw": 3.3, "pixel_area_ha": 14.1, "status": "out", "fire_class": "likely_agricultural", "municipality": "Marcilla", "province": "Navarra", "region": "Comunidad Foral de Navarra", "muni_dist_km": 1.47}}, {"type": "Feature", "geometry": {"type": "Point", "coordinates": [-3.20431, 39.613]}, "properties": {"id": "c2305a167809", "first_utc": "2026-07-26T13:14:00Z", "last_utc": "2026-07-26T13:14:00Z", "detections": 1, "frp_max_mw": 3.3, "frp_total_mw": 3.3, "pixel_area_ha": 14.1, "status": "out", "fire_class": "likely_agricultural", "municipality": "La Villa de Don Fadrique", "province": "Toledo", "region": "Castilla-La Mancha", "muni_dist_km": 1.66}}, {"type": "Feature", "geometry": {"type": "Point", "coordinates": [-0.32583, 35.82245]}, "properties": {"id": "41ee50fa957d", "first_utc": "2026-07-27T12:36:00Z", "last_utc": "2026-07-27T12:36:00Z", "detections": 1, "frp_max_mw": 3.3, "frp_total_mw": 3.3, "pixel_area_ha": 14.1, "status": "dying_down", "fire_class": "likely_agricultural"}}, {"type": "Feature", "geometry": {"type": "Point", "coordinates": [-0.26531, 35.76751]}, "properties": {"id": "c5a8ab18b799", "first_utc": "2026-07-27T01:34:00Z", "last_utc": "2026-07-28T02:02:00Z", "detections": 3, "frp_max_mw": 3.3, "frp_total_mw": 7.8, "pixel_area_ha": 42.2, "status": "active", "fire_class": "forest"}}, {"type": "Feature", "geometry": {"type": "Point", "coordinates": [-5.71377, 37.27226]}, "properties": {"id": "4b849bb9ace2", "first_utc": "2026-07-22T12:29:00Z", "last_utc": "2026-07-22T12:29:00Z", "detections": 2, "frp_max_mw": 3.2, "frp_total_mw": 5.6, "pixel_area_ha": 28.1, "status": "out", "fire_class": "likely_agricultural", "municipality": "Alcalá de Guadaíra", "province": "Sevilla", "region": "Andalucía", "muni_dist_km": 8.32}}, {"type": "Feature", "geometry": {"type": "Point", "coordinates": [-3.84124, 43.41066]}, "properties": {"id": "668d7da8578d", "first_utc": "2026-07-22T02:11:00Z", "last_utc": "2026-07-23T13:18:00Z", "detections": 4, "frp_max_mw": 3.2, "frp_total_mw": 9.8, "pixel_area_ha": 28.1, "status": "out", "fire_class": "forest", "municipality": "El Astillero", "province": "Cantabria", "region": "Cantabria", "muni_dist_km": 1.21}}, {"type": "Feature", "geometry": {"type": "Point", "coordinates": [-8.6178, 39.82959]}, "properties": {"id": "419661978512", "first_utc": "2026-07-24T13:53:00Z", "last_utc": "2026-07-24T13:53:00Z", "detections": 1, "frp_max_mw": 3.2, "frp_total_mw": 3.2, "pixel_area_ha": 14.1, "status": "out", "fire_class": "likely_agricultural", "municipality": "Cedillo", "province": "Cáceres", "region": "Extremadura", "muni_dist_km": 99.93}}, {"type": "Feature", "geometry": {"type": "Point", "coordinates": [0.59662, 43.93826]}, "properties": {"id": "27365e3eb5ca", "first_utc": "2026-07-21T13:10:00Z", "last_utc": "2026-07-21T13:10:00Z", "detections": 1, "frp_max_mw": 3.1, "frp_total_mw": 3.1, "pixel_area_ha": 14.1, "status": "out", "fire_class": "likely_agricultural"}}, {"type": "Feature", "geometry": {"type": "Point", "coordinates": [-3.21572, 39.03522]}, "properties": {"id": "a3d7e009f562", "first_utc": "2026-07-22T14:10:00Z", "last_utc": "2026-07-22T14:10:00Z", "detections": 1, "frp_max_mw": 3.1, "frp_total_mw": 3.1, "pixel_area_ha": 14.1, "status": "out", "fire_class": "likely_agricultural", "municipality": "La Solana", "province": "Ciudad Real", "region": "Castilla-La Mancha", "muni_dist_km": 11.9}}, {"type": "Feature", "geometry": {"type": "Point", "coordinates": [0.12631, 36.01826]}, "properties": {"id": "0e35a2a80b7d", "first_utc": "2026-07-26T01:54:00Z", "last_utc": "2026-07-28T02:02:00Z", "detections": 10, "frp_max_mw": 3.1, "frp_total_mw": 19.4, "pixel_area_ha": 42.2, "status": "active", "fire_class": "forest"}}, {"type": "Feature", "geometry": {"type": "Point", "coordinates": [-8.27756, 43.44712]}, "properties": {"id": "bc133b29ca45", "first_utc": "2026-07-22T13:36:00Z", "last_utc": "2026-07-22T13:36:00Z", "detections": 1, "frp_max_mw": 3.0, "frp_total_mw": 3.0, "pixel_area_ha": 14.1, "status": "out", "fire_class": "likely_agricultural", "municipality": "Ares", "province": "A Coruña", "region": "Galicia", "muni_dist_km": 1.96}}, {"type": "Feature", "geometry": {"type": "Point", "coordinates": [-4.25774, 42.79029]}, "properties": {"id": "47e1fe68f15f", "first_utc": "2026-07-24T13:33:00Z", "last_utc": "2026-07-24T13:33:00Z", "detections": 1, "frp_max_mw": 3.0, "frp_total_mw": 3.0, "pixel_area_ha": 14.1, "status": "out", "fire_class": "forest", "official_area_ha": 0.71, "municipality": "Aguilar de Campoo", "province": "Palencia", "region": "Castilla y León", "muni_dist_km": 2.0}}, {"type": "Feature", "geometry": {"type": "Point", "coordinates": [-6.94062, 38.91109]}, "properties": {"id": "adb7eb91c68e", "first_utc": "2026-07-25T12:38:00Z", "last_utc": "2026-07-25T12:38:00Z", "detections": 1, "frp_max_mw": 3.0, "frp_total_mw": 3.0, "pixel_area_ha": 14.1, "status": "out", "fire_class": "likely_agricultural", "municipality": "Badajoz", "province": "Badajoz", "region": "Extremadura", "muni_dist_km": 8.8}}, {"type": "Feature", "geometry": {"type": "Point", "coordinates": [-1.68747, 42.84548]}, "properties": {"id": "0433ae8a2731", "first_utc": "2026-07-25T13:16:00Z", "last_utc": "2026-07-25T13:16:00Z", "detections": 1, "frp_max_mw": 3.0, "frp_total_mw": 3.0, "pixel_area_ha": 14.1, "status": "out", "fire_class": "likely_agricultural", "municipality": "Berriozar", "province": "Navarra", "region": "Comunidad Foral de Navarra", "muni_dist_km": 1.47}}, {"type": "Feature", "geometry": {"type": "Point", "coordinates": [-0.91761, 37.56963]}, "properties": {"id": "f9c624d0631e", "first_utc": "2026-07-25T01:52:00Z", "last_utc": "2026-07-26T01:52:00Z", "detections": 2, "frp_max_mw": 3.0, "frp_total_mw": 4.7, "pixel_area_ha": 28.1, "status": "out", "fire_class": "forest", "municipality": "La Unión", "province": "Murcia", "region": "Región de Murcia", "muni_dist_km": 5.64}}, {"type": "Feature", "geometry": {"type": "Point", "coordinates": [-4.56195, 42.11143]}, "properties": {"id": "4ae45447154e", "first_utc": "2026-07-21T12:14:00Z", "last_utc": "2026-07-21T12:14:00Z", "detections": 1, "frp_max_mw": 2.9, "frp_total_mw": 2.9, "pixel_area_ha": 14.1, "status": "out", "fire_class": "forest", "official_area_ha": 1.88, "municipality": "Husillos", "province": "Palencia", "region": "Castilla y León", "muni_dist_km": 2.91}}, {"type": "Feature", "geometry": {"type": "Point", "coordinates": [-6.48322, 38.45251]}, "properties": {"id": "b346f94f7d76", "first_utc": "2026-07-23T12:29:00Z", "last_utc": "2026-07-23T12:29:00Z", "detections": 1, "frp_max_mw": 2.9, "frp_total_mw": 2.9, "pixel_area_ha": 14.1, "status": "out", "fire_class": "likely_agricultural", "municipality": "Zafra", "province": "Badajoz", "region": "Extremadura", "muni_dist_km": 3.35}}, {"type": "Feature", "geometry": {"type": "Point", "coordinates": [-1.88356, 39.01943]}, "properties": {"id": "d3bfb121c03e", "first_utc": "2026-07-26T13:14:00Z", "last_utc": "2026-07-26T13:14:00Z", "detections": 1, "frp_max_mw": 2.9, "frp_total_mw": 2.9, "pixel_area_ha": 14.1, "status": "out", "fire_class": "likely_agricultural", "municipality": "Albacete", "province": "Albacete", "region": "Castilla-La Mancha", "muni_dist_km": 7.09}}, {"type": "Feature", "geometry": {"type": "Point", "coordinates": [3.08004, 36.74763]}, "properties": {"id": "98ee34219908", "first_utc": "2026-07-27T01:15:00Z", "last_utc": "2026-07-28T02:36:00Z", "detections": 5, "frp_max_mw": 2.9, "frp_total_mw": 9.3, "pixel_area_ha": 42.2, "status": "active", "fire_class": "forest"}}, {"type": "Feature", "geometry": {"type": "Point", "coordinates": [-0.38366, 39.19785]}, "properties": {"id": "3664522a8a60", "first_utc": "2026-07-23T12:29:00Z", "last_utc": "2026-07-23T12:29:00Z", "detections": 1, "frp_max_mw": 2.8, "frp_total_mw": 2.8, "pixel_area_ha": 14.1, "status": "out", "fire_class": "likely_agricultural", "municipality": "Polinyà de Xúquer", "province": "València/Valencia", "region": "Comunitat Valenciana", "muni_dist_km": 1.26}}, {"type": "Feature", "geometry": {"type": "Point", "coordinates": [2.77083, 36.65226]}, "properties": {"id": "b7524e2c71fa", "first_utc": "2026-07-27T12:36:00Z", "last_utc": "2026-07-27T12:36:00Z", "detections": 1, "frp_max_mw": 2.8, "frp_total_mw": 2.8, "pixel_area_ha": 14.1, "status": "dying_down", "fire_class": "likely_agricultural"}}, {"type": "Feature", "geometry": {"type": "Point", "coordinates": [2.81994, 36.62259]}, "properties": {"id": "c16e2fc1b855", "first_utc": "2026-07-22T13:33:00Z", "last_utc": "2026-07-22T13:33:00Z", "detections": 1, "frp_max_mw": 2.7, "frp_total_mw": 2.7, "pixel_area_ha": 14.1, "status": "out", "fire_class": "likely_agricultural"}}, {"type": "Feature", "geometry": {"type": "Point", "coordinates": [-3.6422, 37.21695]}, "properties": {"id": "56b700fc1529", "first_utc": "2026-07-25T01:15:00Z", "last_utc": "2026-07-25T02:58:00Z", "detections": 5, "frp_max_mw": 2.7, "frp_total_mw": 9.3, "pixel_area_ha": 28.1, "status": "out", "fire_class": "forest", "municipality": "Maracena", "province": "Granada", "region": "Andalucía", "muni_dist_km": 0.68}}, {"type": "Feature", "geometry": {"type": "Point", "coordinates": [-8.95651, 38.60633]}, "properties": {"id": "44a024f89b32", "first_utc": "2026-07-27T12:38:00Z", "last_utc": "2026-07-27T12:38:00Z", "detections": 1, "frp_max_mw": 2.6, "frp_total_mw": 2.6, "pixel_area_ha": 14.1, "status": "dying_down", "fire_class": "likely_agricultural"}}, {"type": "Feature", "geometry": {"type": "Point", "coordinates": [-1.90402, 36.9662]}, "properties": {"id": "a8b4e7d18437", "first_utc": "2026-07-26T01:52:00Z", "last_utc": "2026-07-28T02:02:00Z", "detections": 5, "frp_max_mw": 2.6, "frp_total_mw": 9.8, "pixel_area_ha": 14.1, "status": "active", "fire_class": "forest", "municipality": "Carboneras", "province": "Almería", "region": "Andalucía", "muni_dist_km": 5.15}}, {"type": "Feature", "geometry": {"type": "Point", "coordinates": [1.24069, 36.12862]}, "properties": {"id": "47210516c923", "first_utc": "2026-07-27T00:39:00Z", "last_utc": "2026-07-28T02:56:00Z", "detections": 11, "frp_max_mw": 2.6, "frp_total_mw": 20.9, "pixel_area_ha": 98.4, "status": "active", "fire_class": "forest"}}, {"type": "Feature", "geometry": {"type": "Point", "coordinates": [3.35131, 43.41824]}, "properties": {"id": "b9748e6726a8", "first_utc": "2026-07-21T13:08:00Z", "last_utc": "2026-07-21T13:08:00Z", "detections": 1, "frp_max_mw": 2.5, "frp_total_mw": 2.5, "pixel_area_ha": 14.1, "status": "out", "fire_class": "likely_agricultural", "municipality": "Portbou", "province": "Girona", "region": "Cataluña", "muni_dist_km": 111.58}}, {"type": "Feature", "geometry": {"type": "Point", "coordinates": [3.44713, 36.71301]}, "properties": {"id": "475869352138", "first_utc": "2026-07-22T13:33:00Z", "last_utc": "2026-07-22T13:33:00Z", "detections": 1, "frp_max_mw": 2.5, "frp_total_mw": 2.5, "pixel_area_ha": 14.1, "status": "out", "fire_class": "likely_agricultural"}}, {"type": "Feature", "geometry": {"type": "Point", "coordinates": [3.47658, 36.19556]}, "properties": {"id": "31812d6e89bc", "first_utc": "2026-07-24T02:30:00Z", "last_utc": "2026-07-24T02:30:00Z", "detections": 1, "frp_max_mw": 2.5, "frp_total_mw": 2.5, "pixel_area_ha": 14.1, "status": "out", "fire_class": "forest"}}, {"type": "Feature", "geometry": {"type": "Point", "coordinates": [-4.68233, 37.62033]}, "properties": {"id": "c122edc2502d", "first_utc": "2026-07-27T02:19:00Z", "last_utc": "2026-07-27T02:19:00Z", "detections": 1, "frp_max_mw": 2.5, "frp_total_mw": 2.5, "pixel_area_ha": 14.1, "status": "dying_down", "fire_class": "forest", "municipality": "Montemayor", "province": "Córdoba", "region": "Andalucía", "muni_dist_km": 4.5}}, {"type": "Feature", "geometry": {"type": "Point", "coordinates": [1.66244, 41.31308]}, "properties": {"id": "7128cf84ce49", "first_utc": "2026-07-24T01:34:00Z", "last_utc": "2026-07-28T02:53:00Z", "detections": 10, "frp_max_mw": 2.5, "frp_total_mw": 14.1, "pixel_area_ha": 56.2, "status": "active", "fire_class": "forest", "municipality": "Santa Margarida i els Monjos", "province": "Barcelona", "region": "Cataluña", "muni_dist_km": 0.09}}, {"type": "Feature", "geometry": {"type": "Point", "coordinates": [-0.97315, 41.64638]}, "properties": {"id": "dc46479ec344", "first_utc": "2026-07-21T13:08:00Z", "last_utc": "2026-07-21T13:08:00Z", "detections": 1, "frp_max_mw": 2.4, "frp_total_mw": 2.4, "pixel_area_ha": 14.1, "status": "out", "fire_class": "likely_agricultural", "municipality": "Zaragoza", "province": "Zaragoza", "region": "Aragón", "muni_dist_km": 5.38}}, {"type": "Feature", "geometry": {"type": "Point", "coordinates": [-8.01787, 41.41554]}, "properties": {"id": "d7d4b98037ca", "first_utc": "2026-07-21T13:53:00Z", "last_utc": "2026-07-21T13:53:00Z", "detections": 1, "frp_max_mw": 2.4, "frp_total_mw": 2.4, "pixel_area_ha": 14.1, "status": "out", "fire_class": "likely_agricultural", "municipality": "Lobios", "province": "Ourense", "region": "Galicia", "muni_dist_km": 51.47}}, {"type": "Feature", "geometry": {"type": "Point", "coordinates": [-9.14305, 39.47481]}, "properties": {"id": "58868556b09b", "first_utc": "2026-07-21T14:29:00Z", "last_utc": "2026-07-21T14:29:00Z", "detections": 1, "frp_max_mw": 2.4, "frp_total_mw": 2.4, "pixel_area_ha": 14.1, "status": "out", "fire_class": "likely_agricultural"}}, {"type": "Feature", "geometry": {"type": "Point", "coordinates": [1.4116, 38.69503]}, "properties": {"id": "3dfcf4947e4d", "first_utc": "2026-07-25T12:38:00Z", "last_utc": "2026-07-25T12:38:00Z", "detections": 1, "frp_max_mw": 2.3, "frp_total_mw": 2.3, "pixel_area_ha": 14.1, "status": "out", "fire_class": "likely_agricultural", "municipality": "Formentera", "province": "Illes Balears", "region": "Illes Balears", "muni_dist_km": 4.12}}, {"type": "Feature", "geometry": {"type": "Point", "coordinates": [2.00936, 41.29974]}, "properties": {"id": "4ebd3d81c5bc", "first_utc": "2026-07-27T12:55:00Z", "last_utc": "2026-07-27T12:55:00Z", "detections": 1, "frp_max_mw": 2.3, "frp_total_mw": 2.3, "pixel_area_ha": 14.1, "status": "dying_down", "fire_class": "likely_agricultural", "municipality": "Viladecans", "province": "Barcelona", "region": "Cataluña", "muni_dist_km": 1.92}}, {"type": "Feature", "geometry": {"type": "Point", "coordinates": [-1.26724, 38.22147]}, "properties": {"id": "1edb534093db", "first_utc": "2026-07-21T12:14:00Z", "last_utc": "2026-07-21T12:14:00Z", "detections": 1, "frp_max_mw": 2.2, "frp_total_mw": 2.2, "pixel_area_ha": 14.1, "status": "out", "fire_class": "likely_agricultural", "municipality": "Blanca", "province": "Murcia", "region": "Región de Murcia", "muni_dist_km": 2.8}}, {"type": "Feature", "geometry": {"type": "Point", "coordinates": [-4.0519, 38.66671]}, "properties": {"id": "8729b0eefc83", "first_utc": "2026-07-23T01:54:00Z", "last_utc": "2026-07-23T01:54:00Z", "detections": 2, "frp_max_mw": 2.2, "frp_total_mw": 3.9, "pixel_area_ha": 28.1, "status": "out", "fire_class": "forest", "municipality": "Puertollano", "province": "Ciudad Real", "region": "Castilla-La Mancha", "muni_dist_km": 1.92}}, {"type": "Feature", "geometry": {"type": "Point", "coordinates": [-6.52094, 39.45896]}, "properties": {"id": "cda11f9f54de", "first_utc": "2026-07-23T12:29:00Z", "last_utc": "2026-07-23T12:32:00Z", "detections": 2, "frp_max_mw": 2.2, "frp_total_mw": 3.8, "pixel_area_ha": 14.1, "status": "out", "fire_class": "likely_agricultural", "municipality": "Malpartida de Cáceres", "province": "Cáceres", "region": "Extremadura", "muni_dist_km": 2.66}}, {"type": "Feature", "geometry": {"type": "Point", "coordinates": [-9.01178, 38.92138]}, "properties": {"id": "f9cf97027c81", "first_utc": "2026-07-19T02:24:00Z", "last_utc": "2026-07-24T03:15:00Z", "detections": 13, "frp_max_mw": 2.2, "frp_total_mw": 19.5, "pixel_area_ha": 56.2, "status": "out", "fire_class": "forest"}}, {"type": "Feature", "geometry": {"type": "Point", "coordinates": [-4.05088, 38.67092]}, "properties": {"id": "54b18e51ac5f", "first_utc": "2026-07-25T01:15:00Z", "last_utc": "2026-07-25T03:32:00Z", "detections": 6, "frp_max_mw": 2.2, "frp_total_mw": 9.4, "pixel_area_ha": 70.3, "status": "out", "fire_class": "forest", "municipality": "Puertollano", "province": "Ciudad Real", "region": "Castilla-La Mancha", "muni_dist_km": 1.87}}, {"type": "Feature", "geometry": {"type": "Point", "coordinates": [0.54042, 35.78404]}, "properties": {"id": "2ea7080786a9", "first_utc": "2026-07-26T01:54:00Z", "last_utc": "2026-07-28T02:02:00Z", "detections": 6, "frp_max_mw": 2.2, "frp_total_mw": 9.9, "pixel_area_ha": 28.1, "status": "active", "fire_class": "forest"}}, {"type": "Feature", "geometry": {"type": "Point", "coordinates": [-3.74451, 39.93679]}, "properties": {"id": "c367f522fb1b", "first_utc": "2026-07-17T01:20:00Z", "last_utc": "2026-07-28T02:36:00Z", "detections": 39, "frp_max_mw": 2.2, "frp_total_mw": 49.0, "pixel_area_ha": 70.3, "status": "active", "fire_class": "forest", "municipality": "Yepes", "province": "Toledo", "region": "Castilla-La Mancha", "muni_dist_km": 5.11}}, {"type": "Feature", "geometry": {"type": "Point", "coordinates": [-3.84411, 43.44182]}, "properties": {"id": "97cd5047b0c3", "first_utc": "2026-07-28T02:00:00Z", "last_utc": "2026-07-28T02:53:00Z", "detections": 3, "frp_max_mw": 2.2, "frp_total_mw": 5.1, "pixel_area_ha": 28.1, "status": "active", "fire_class": "forest", "municipality": "Santander", "province": "Cantabria", "region": "Cantabria", "muni_dist_km": 2.5}}, {"type": "Feature", "geometry": {"type": "Point", "coordinates": [-2.82065, 36.75642]}, "properties": {"id": "bdd219817496", "first_utc": "2026-07-21T13:55:00Z", "last_utc": "2026-07-21T13:55:00Z", "detections": 1, "frp_max_mw": 2.1, "frp_total_mw": 2.1, "pixel_area_ha": 14.1, "status": "out", "fire_class": "likely_agricultural", "municipality": "El Ejido", "province": "Almería", "region": "Andalucía", "muni_dist_km": 3.62}}, {"type": "Feature", "geometry": {"type": "Point", "coordinates": [-0.22302, 35.77113]}, "properties": {"id": "09c6714d7415", "first_utc": "2026-07-22T01:07:00Z", "last_utc": "2026-07-22T01:07:00Z", "detections": 1, "frp_max_mw": 2.1, "frp_total_mw": 2.1, "pixel_area_ha": 14.1, "status": "out", "fire_class": "forest"}}, {"type": "Feature", "geometry": {"type": "Point", "coordinates": [-4.68995, 43.30237]}, "properties": {"id": "e3ea6acc4d6c", "first_utc": "2026-07-23T13:18:00Z", "last_utc": "2026-07-23T13:18:00Z", "detections": 1, "frp_max_mw": 2.1, "frp_total_mw": 2.1, "pixel_area_ha": 14.1, "status": "out", "fire_class": "likely_agricultural", "municipality": "Peñamellera Alta", "province": "Asturias", "region": "Principado de Asturias", "muni_dist_km": 2.91}}, {"type": "Feature", "geometry": {"type": "Point", "coordinates": [-8.07287, 41.38325]}, "properties": {"id": "8fe9785f2432", "first_utc": "2026-07-28T02:00:00Z", "last_utc": "2026-07-28T02:00:00Z", "detections": 2, "frp_max_mw": 2.1, "frp_total_mw": 4.2, "pixel_area_ha": 28.1, "status": "active", "fire_class": "forest", "municipality": "Lobios", "province": "Ourense", "region": "Galicia", "muni_dist_km": 54.72}}, {"type": "Feature", "geometry": {"type": "Point", "coordinates": [-8.90687, 39.68579]}, "properties": {"id": "4ea4a618f1de", "first_utc": "2026-07-21T02:32:00Z", "last_utc": "2026-07-22T03:08:00Z", "detections": 6, "frp_max_mw": 2.0, "frp_total_mw": 9.3, "pixel_area_ha": 28.1, "status": "out", "fire_class": "forest"}}, {"type": "Feature", "geometry": {"type": "Point", "coordinates": [1.97832, 41.45489]}, "properties": {"id": "b698d2c39dc2", "first_utc": "2026-07-24T01:34:00Z", "last_utc": "2026-07-24T02:11:00Z", "detections": 2, "frp_max_mw": 2.0, "frp_total_mw": 3.7, "pixel_area_ha": 14.1, "status": "out", "fire_class": "forest", "municipality": "Sant Andreu de la Barca", "province": "Barcelona", "region": "Cataluña", "muni_dist_km": 1.16}}, {"type": "Feature", "geometry": {"type": "Point", "coordinates": [-3.76124, 40.31706]}, "properties": {"id": "519a68538c64", "first_utc": "2026-07-22T12:29:00Z", "last_utc": "2026-07-22T12:29:00Z", "detections": 2, "frp_max_mw": 1.9, "frp_total_mw": 2.3, "pixel_area_ha": 28.1, "status": "out", "fire_class": "likely_agricultural", "municipality": "Leganés", "province": "Madrid", "region": "Comunidad de Madrid", "muni_dist_km": 1.45}}, {"type": "Feature", "geometry": {"type": "Point", "coordinates": [1.23198, 36.12001]}, "properties": {"id": "9682eada34a9", "first_utc": "2026-07-27T01:15:00Z", "last_utc": "2026-07-27T01:15:00Z", "detections": 1, "frp_max_mw": 1.9, "frp_total_mw": 1.9, "pixel_area_ha": 14.1, "status": "dying_down", "fire_class": "forest"}}, {"type": "Feature", "geometry": {"type": "Point", "coordinates": [2.16534, 41.54597]}, "properties": {"id": "d810a758bb97", "first_utc": "2026-07-27T12:55:00Z", "last_utc": "2026-07-27T12:55:00Z", "detections": 1, "frp_max_mw": 1.9, "frp_total_mw": 1.9, "pixel_area_ha": 14.1, "status": "dying_down", "fire_class": "likely_agricultural", "municipality": "Santa Perpètua de Mogoda", "province": "Barcelona", "region": "Cataluña", "muni_dist_km": 1.7}}, {"type": "Feature", "geometry": {"type": "Point", "coordinates": [2.89742, 42.77126]}, "properties": {"id": "b88a310b383e", "first_utc": "2026-07-28T02:00:00Z", "last_utc": "2026-07-28T02:00:00Z", "detections": 1, "frp_max_mw": 1.9, "frp_total_mw": 1.9, "pixel_area_ha": 14.1, "status": "active", "fire_class": "forest", "municipality": "La Jonquera", "province": "Girona", "region": "Cataluña", "muni_dist_km": 36.88}}, {"type": "Feature", "geometry": {"type": "Point", "coordinates": [3.75702, 36.16043]}, "properties": {"id": "7ff5eea235c4", "first_utc": "2026-07-23T01:54:00Z", "last_utc": "2026-07-23T01:54:00Z", "detections": 1, "frp_max_mw": 1.8, "frp_total_mw": 1.8, "pixel_area_ha": 14.1, "status": "out", "fire_class": "forest"}}, {"type": "Feature", "geometry": {"type": "Point", "coordinates": [-3.3579, 38.64268]}, "properties": {"id": "cdd78a596495", "first_utc": "2026-07-23T01:54:00Z", "last_utc": "2026-07-23T02:30:00Z", "detections": 3, "frp_max_mw": 1.8, "frp_total_mw": 4.8, "pixel_area_ha": 28.1, "status": "out", "fire_class": "forest", "municipality": "Torrenueva", "province": "Ciudad Real", "region": "Castilla-La Mancha", "muni_dist_km": 0.82}}, {"type": "Feature", "geometry": {"type": "Point", "coordinates": [-7.51764, 41.36883]}, "properties": {"id": "4cb43c186a95", "first_utc": "2026-07-23T02:30:00Z", "last_utc": "2026-07-23T02:47:00Z", "detections": 2, "frp_max_mw": 1.8, "frp_total_mw": 3.0, "pixel_area_ha": 14.1, "status": "out", "fire_class": "forest", "municipality": "Oímbra", "province": "Ourense", "region": "Galicia", "muni_dist_km": 55.67}}, {"type": "Feature", "geometry": {"type": "Point", "coordinates": [-4.80956, 41.63617]}, "properties": {"id": "b73e24c8dbd3", "first_utc": "2026-07-23T12:12:00Z", "last_utc": "2026-07-23T12:12:00Z", "detections": 1, "frp_max_mw": 1.8, "frp_total_mw": 1.8, "pixel_area_ha": 14.1, "status": "out", "fire_class": "forest", "official_area_ha": 156.0, "municipality": "Arroyo de la Encomienda", "province": "Valladolid", "region": "Castilla y León", "muni_dist_km": 1.88}}, {"type": "Feature", "geometry": {"type": "Point", "coordinates": [3.06055, 36.54132]}, "properties": {"id": "5b13e7f58897", "first_utc": "2026-07-26T12:17:00Z", "last_utc": "2026-07-26T12:17:00Z", "detections": 1, "frp_max_mw": 1.8, "frp_total_mw": 1.8, "pixel_area_ha": 14.1, "status": "out", "fire_class": "likely_agricultural"}}, {"type": "Feature", "geometry": {"type": "Point", "coordinates": [-5.60937, 38.86652]}, "properties": {"id": "fed6ae60d306", "first_utc": "2026-07-25T02:58:00Z", "last_utc": "2026-07-25T03:32:00Z", "detections": 4, "frp_max_mw": 1.6, "frp_total_mw": 4.3, "pixel_area_ha": 42.2, "status": "out", "fire_class": "forest", "municipality": "Campanario", "province": "Badajoz", "region": "Extremadura", "muni_dist_km": 1.59}}, {"type": "Feature", "geometry": {"type": "Point", "coordinates": [-4.08772, 38.7182]}, "properties": {"id": "93fb03e8c9f3", "first_utc": "2026-07-25T13:33:00Z", "last_utc": "2026-07-25T13:33:00Z", "detections": 1, "frp_max_mw": 1.6, "frp_total_mw": 1.6, "pixel_area_ha": 14.1, "status": "out", "fire_class": "likely_agricultural", "municipality": "Argamasilla de Calatrava", "province": "Ciudad Real", "region": "Castilla-La Mancha", "muni_dist_km": 6.13}}, {"type": "Feature", "geometry": {"type": "Point", "coordinates": [-9.01191, 38.92143]}, "properties": {"id": "9bf8634379ab", "first_utc": "2026-07-26T02:38:00Z", "last_utc": "2026-07-26T02:38:00Z", "detections": 1, "frp_max_mw": 1.6, "frp_total_mw": 1.6, "pixel_area_ha": 14.1, "status": "out", "fire_class": "forest"}}, {"type": "Feature", "geometry": {"type": "Point", "coordinates": [1.97955, 41.4547]}, "properties": {"id": "484d5c25355e", "first_utc": "2026-07-26T01:52:00Z", "last_utc": "2026-07-27T02:17:00Z", "detections": 3, "frp_max_mw": 1.6, "frp_total_mw": 3.6, "pixel_area_ha": 28.1, "status": "dying_down", "fire_class": "forest", "municipality": "Sant Andreu de la Barca", "province": "Barcelona", "region": "Cataluña", "muni_dist_km": 1.14}}, {"type": "Feature", "geometry": {"type": "Point", "coordinates": [-4.05068, 38.05898]}, "properties": {"id": "096d3bf7dada", "first_utc": "2026-07-28T02:02:00Z", "last_utc": "2026-07-28T02:36:00Z", "detections": 3, "frp_max_mw": 1.6, "frp_total_mw": 4.6, "pixel_area_ha": 28.1, "status": "active", "fire_class": "forest", "municipality": "Arjonilla", "province": "Jaén", "region": "Andalucía", "muni_dist_km": 10.27}}, {"type": "Feature", "geometry": {"type": "Point", "coordinates": [-5.86566, 37.36034]}, "properties": {"id": "2c08e469e85f", "first_utc": "2026-07-28T02:38:00Z", "last_utc": "2026-07-28T02:38:00Z", "detections": 1, "frp_max_mw": 1.6, "frp_total_mw": 1.6, "pixel_area_ha": 14.1, "status": "active", "fire_class": "forest", "municipality": "Sevilla", "province": "Sevilla", "region": "Andalucía", "muni_dist_km": 8.77}}, {"type": "Feature", "geometry": {"type": "Point", "coordinates": [-4.33056, 36.71367]}, "properties": {"id": "12a74913d4dd", "first_utc": "2026-07-22T02:13:00Z", "last_utc": "2026-07-22T02:13:00Z", "detections": 1, "frp_max_mw": 1.5, "frp_total_mw": 1.5, "pixel_area_ha": 14.1, "status": "out", "fire_class": "forest", "municipality": "Rincón de la Victoria", "province": "Málaga", "region": "Andalucía", "muni_dist_km": 5.7}}, {"type": "Feature", "geometry": {"type": "Point", "coordinates": [-4.35566, 40.22992]}, "properties": {"id": "594a9c205244", "first_utc": "2026-07-23T01:54:00Z", "last_utc": "2026-07-23T01:54:00Z", "detections": 1, "frp_max_mw": 1.5, "frp_total_mw": 1.5, "pixel_area_ha": 14.1, "status": "out", "fire_class": "forest", "municipality": "Almorox", "province": "Toledo", "region": "Castilla-La Mancha", "muni_dist_km": 3.03}}, {"type": "Feature", "geometry": {"type": "Point", "coordinates": [-5.86544, 37.35989]}, "properties": {"id": "c8c68a450afb", "first_utc": "2026-07-26T02:38:00Z", "last_utc": "2026-07-27T02:19:00Z", "detections": 3, "frp_max_mw": 1.5, "frp_total_mw": 3.3, "pixel_area_ha": 28.1, "status": "dying_down", "fire_class": "forest", "municipality": "Sevilla", "province": "Sevilla", "region": "Andalucía", "muni_dist_km": 8.78}}, {"type": "Feature", "geometry": {"type": "Point", "coordinates": [2.82312, 41.9067]}, "properties": {"id": "2935c36def37", "first_utc": "2026-07-27T01:32:00Z", "last_utc": "2026-07-28T01:13:00Z", "detections": 4, "frp_max_mw": 1.5, "frp_total_mw": 5.0, "pixel_area_ha": 42.2, "status": "active", "fire_class": "forest", "municipality": "Campllong", "province": "Girona", "region": "Cataluña", "muni_dist_km": 1.07}}, {"type": "Feature", "geometry": {"type": "Point", "coordinates": [-8.93768, 38.50102]}, "properties": {"id": "ea8655e2a7af", "first_utc": "2026-07-21T02:32:00Z", "last_utc": "2026-07-22T02:13:00Z", "detections": 2, "frp_max_mw": 1.4, "frp_total_mw": 2.3, "pixel_area_ha": 14.1, "status": "out", "fire_class": "forest"}}, {"type": "Feature", "geometry": {"type": "Point", "coordinates": [-6.89431, 37.18038]}, "properties": {"id": "ba6abaabb959", "first_utc": "2026-07-23T02:49:00Z", "last_utc": "2026-07-23T02:49:00Z", "detections": 1, "frp_max_mw": 1.4, "frp_total_mw": 1.4, "pixel_area_ha": 14.1, "status": "out", "fire_class": "forest", "municipality": "Palos de la Frontera", "province": "Huelva", "region": "Andalucía", "muni_dist_km": 1.51}}, {"type": "Feature", "geometry": {"type": "Point", "coordinates": [-1.48851, 41.47544]}, "properties": {"id": "6638b0679f44", "first_utc": "2026-07-23T01:54:00Z", "last_utc": "2026-07-26T01:52:00Z", "detections": 8, "frp_max_mw": 1.4, "frp_total_mw": 7.6, "pixel_area_ha": 42.2, "status": "out", "fire_class": "forest", "municipality": "Chodes", "province": "Zaragoza", "region": "Aragón", "muni_dist_km": 0.83}}, {"type": "Feature", "geometry": {"type": "Point", "coordinates": [-5.12921, 37.29687]}, "properties": {"id": "8ab1da6a1250", "first_utc": "2026-07-26T12:55:00Z", "last_utc": "2026-07-26T12:55:00Z", "detections": 1, "frp_max_mw": 1.4, "frp_total_mw": 1.4, "pixel_area_ha": 14.1, "status": "out", "fire_class": "likely_agricultural", "municipality": "Osuna", "province": "Sevilla", "region": "Andalucía", "muni_dist_km": 5.3}}, {"type": "Feature", "geometry": {"type": "Point", "coordinates": [-7.84121, 40.40092]}, "properties": {"id": "c05df1727b8b", "first_utc": "2026-07-27T01:34:00Z", "last_utc": "2026-07-27T01:34:00Z", "detections": 2, "frp_max_mw": 1.4, "frp_total_mw": 2.6, "pixel_area_ha": 28.1, "status": "dying_down", "fire_class": "forest", "municipality": "Valverde del Fresno", "province": "Cáceres", "region": "Extremadura", "muni_dist_km": 80.4}}, {"type": "Feature", "geometry": {"type": "Point", "coordinates": [-4.05119, 38.66495]}, "properties": {"id": "c41818599e23", "first_utc": "2026-07-27T01:34:00Z", "last_utc": "2026-07-27T01:34:00Z", "detections": 1, "frp_max_mw": 1.4, "frp_total_mw": 1.4, "pixel_area_ha": 14.1, "status": "dying_down", "fire_class": "forest", "municipality": "Puertollano", "province": "Ciudad Real", "region": "Castilla-La Mancha", "muni_dist_km": 1.93}}, {"type": "Feature", "geometry": {"type": "Point", "coordinates": [1.21954, 41.19211]}, "properties": {"id": "84b71f4640a5", "first_utc": "2026-07-27T02:53:00Z", "last_utc": "2026-07-27T02:53:00Z", "detections": 2, "frp_max_mw": 1.4, "frp_total_mw": 2.5, "pixel_area_ha": 14.1, "status": "dying_down", "fire_class": "forest", "municipality": "El Morell", "province": "Tarragona", "region": "Cataluña", "muni_dist_km": 1.02}}, {"type": "Feature", "geometry": {"type": "Point", "coordinates": [3.10765, 36.68959]}, "properties": {"id": "e8f751f1f75a", "first_utc": "2026-07-27T02:56:00Z", "last_utc": "2026-07-27T02:56:00Z", "detections": 2, "frp_max_mw": 1.4, "frp_total_mw": 1.8, "pixel_area_ha": 14.1, "status": "dying_down", "fire_class": "forest"}}, {"type": "Feature", "geometry": {"type": "Point", "coordinates": [-3.84057, 43.41112]}, "properties": {"id": "e4d2d9edafbf", "first_utc": "2026-07-28T01:13:00Z", "last_utc": "2026-07-28T02:00:00Z", "detections": 3, "frp_max_mw": 1.4, "frp_total_mw": 3.4, "pixel_area_ha": 42.2, "status": "active", "fire_class": "forest", "municipality": "El Astillero", "province": "Cantabria", "region": "Cantabria", "muni_dist_km": 1.29}}, {"type": "Feature", "geometry": {"type": "Point", "coordinates": [-8.90573, 39.68387]}, "properties": {"id": "68df6dae3975", "first_utc": "2026-07-28T02:00:00Z", "last_utc": "2026-07-28T02:00:00Z", "detections": 1, "frp_max_mw": 1.4, "frp_total_mw": 1.4, "pixel_area_ha": 14.1, "status": "active", "fire_class": "forest"}}, {"type": "Feature", "geometry": {"type": "Point", "coordinates": [-2.8845, 43.22759]}, "properties": {"id": "27664f5a511f", "first_utc": "2026-07-21T01:26:00Z", "last_utc": "2026-07-22T01:26:00Z", "detections": 4, "frp_max_mw": 1.3, "frp_total_mw": 3.5, "pixel_area_ha": 42.2, "status": "out", "fire_class": "forest", "municipality": "Basauri", "province": "Bizkaia", "region": "País Vasco", "muni_dist_km": 0.31}}, {"type": "Feature", "geometry": {"type": "Point", "coordinates": [4.34183, 36.34367]}, "properties": {"id": "55da559f99bd", "first_utc": "2026-07-22T01:28:00Z", "last_utc": "2026-07-22T02:13:00Z", "detections": 2, "frp_max_mw": 1.3, "frp_total_mw": 2.6, "pixel_area_ha": 28.1, "status": "out", "fire_class": "forest"}}, {"type": "Feature", "geometry": {"type": "Point", "coordinates": [1.97845, 41.45626]}, "properties": {"id": "9d9fe24b61a0", "first_utc": "2026-07-22T01:26:00Z", "last_utc": "2026-07-22T02:47:00Z", "detections": 2, "frp_max_mw": 1.3, "frp_total_mw": 1.9, "pixel_area_ha": 14.1, "status": "out", "fire_class": "forest", "municipality": "Sant Andreu de la Barca", "province": "Barcelona", "region": "Cataluña", "muni_dist_km": 1.27}}, {"type": "Feature", "geometry": {"type": "Point", "coordinates": [-1.36385, 39.58706]}, "properties": {"id": "9a4a82c2137f", "first_utc": "2026-07-23T01:54:00Z", "last_utc": "2026-07-23T01:54:00Z", "detections": 1, "frp_max_mw": 1.3, "frp_total_mw": 1.3, "pixel_area_ha": 14.1, "status": "out", "fire_class": "forest", "municipality": "Fuenterrobles", "province": "València/Valencia", "region": "Comunitat Valenciana", "muni_dist_km": 1.05}}, {"type": "Feature", "geometry": {"type": "Point", "coordinates": [-6.32001, 37.26864]}, "properties": {"id": "8dd855a61331", "first_utc": "2026-07-23T02:30:00Z", "last_utc": "2026-07-23T02:49:00Z", "detections": 2, "frp_max_mw": 1.3, "frp_total_mw": 1.7, "pixel_area_ha": 28.1, "status": "out", "fire_class": "forest", "municipality": "Pilas", "province": "Sevilla", "region": "Andalucía", "muni_dist_km": 4.13}}, {"type": "Feature", "geometry": {"type": "Point", "coordinates": [-4.9099, 37.70407]}, "properties": {"id": "776515479e26", "first_utc": "2026-07-25T03:32:00Z", "last_utc": "2026-07-25T03:32:00Z", "detections": 1, "frp_max_mw": 1.3, "frp_total_mw": 1.3, "pixel_area_ha": 14.1, "status": "out", "fire_class": "forest", "municipality": "La Carlota", "province": "Córdoba", "region": "Andalucía", "muni_dist_km": 3.47}}, {"type": "Feature", "geometry": {"type": "Point", "coordinates": [0.17783, 41.92562]}, "properties": {"id": "2bfc1a51a0a7", "first_utc": "2026-07-26T01:52:00Z", "last_utc": "2026-07-26T01:52:00Z", "detections": 1, "frp_max_mw": 1.3, "frp_total_mw": 1.3, "pixel_area_ha": 14.1, "status": "out", "fire_class": "forest", "municipality": "Monzón", "province": "Huesca", "region": "Aragón", "muni_dist_km": 3.0}}, {"type": "Feature", "geometry": {"type": "Point", "coordinates": [-5.8603, 43.55204]}, "properties": {"id": "c168d2ec233e", "first_utc": "2026-07-26T02:38:00Z", "last_utc": "2026-07-26T02:38:00Z", "detections": 1, "frp_max_mw": 1.3, "frp_total_mw": 1.3, "pixel_area_ha": 14.1, "status": "out", "fire_class": "forest", "municipality": "Corvera de Asturias", "province": "Asturias", "region": "Principado de Asturias", "muni_dist_km": 4.32}}, {"type": "Feature", "geometry": {"type": "Point", "coordinates": [-6.71575, 38.65323]}, "properties": {"id": "18c9d9945c05", "first_utc": "2026-07-23T01:54:00Z", "last_utc": "2026-07-23T02:49:00Z", "detections": 3, "frp_max_mw": 1.2, "frp_total_mw": 2.7, "pixel_area_ha": 28.1, "status": "out", "fire_class": "forest", "municipality": "Torre de Miguel Sesmero", "province": "Badajoz", "region": "Extremadura", "muni_dist_km": 4.45}}, {"type": "Feature", "geometry": {"type": "Point", "coordinates": [1.99932, 41.40625]}, "properties": {"id": "a7b9b502894b", "first_utc": "2026-07-24T02:11:00Z", "last_utc": "2026-07-24T02:11:00Z", "detections": 1, "frp_max_mw": 1.2, "frp_total_mw": 1.2, "pixel_area_ha": 14.1, "status": "out", "fire_class": "forest", "municipality": "Sant Vicenç dels Horts", "province": "Barcelona", "region": "Cataluña", "muni_dist_km": 1.77}}, {"type": "Feature", "geometry": {"type": "Point", "coordinates": [3.80646, 43.55219]}, "properties": {"id": "074f9871fa1f", "first_utc": "2026-07-26T00:56:00Z", "last_utc": "2026-07-26T01:32:00Z", "detections": 2, "frp_max_mw": 1.2, "frp_total_mw": 1.7, "pixel_area_ha": 28.1, "status": "out", "fire_class": "forest"}}, {"type": "Feature", "geometry": {"type": "Point", "coordinates": [-1.37599, 43.84389]}, "properties": {"id": "1af0f0487d89", "first_utc": "2026-07-26T02:36:00Z", "last_utc": "2026-07-26T02:36:00Z", "detections": 1, "frp_max_mw": 1.2, "frp_total_mw": 1.2, "pixel_area_ha": 14.1, "status": "out", "fire_class": "forest", "municipality": "Urdazubi/Urdax", "province": "Navarra", "region": "Comunidad Foral de Navarra", "muni_dist_km": 63.96}}, {"type": "Feature", "geometry": {"type": "Point", "coordinates": [3.23521, 36.67454]}, "properties": {"id": "73239e63a799", "first_utc": "2026-07-27T01:34:00Z", "last_utc": "2026-07-27T01:34:00Z", "detections": 1, "frp_max_mw": 1.2, "frp_total_mw": 1.2, "pixel_area_ha": 14.1, "status": "dying_down", "fire_class": "forest"}}, {"type": "Feature", "geometry": {"type": "Point", "coordinates": [-5.19276, 37.52341]}, "properties": {"id": "1f82e3794028", "first_utc": "2026-07-27T02:19:00Z", "last_utc": "2026-07-27T02:56:00Z", "detections": 2, "frp_max_mw": 1.2, "frp_total_mw": 1.5, "pixel_area_ha": 28.1, "status": "dying_down", "fire_class": "forest", "municipality": "La Luisiana", "province": "Sevilla", "region": "Andalucía", "muni_dist_km": 3.58}}, {"type": "Feature", "geometry": {"type": "Point", "coordinates": [0.26976, 35.79157]}, "properties": {"id": "b42bd36de00a", "first_utc": "2026-07-27T02:56:00Z", "last_utc": "2026-07-27T02:56:00Z", "detections": 1, "frp_max_mw": 1.2, "frp_total_mw": 1.2, "pixel_area_ha": 14.1, "status": "dying_down", "fire_class": "forest"}}, {"type": "Feature", "geometry": {"type": "Point", "coordinates": [-0.56242, 38.36617]}, "properties": {"id": "f922c120dc3f", "first_utc": "2026-07-22T02:13:00Z", "last_utc": "2026-07-22T02:13:00Z", "detections": 1, "frp_max_mw": 1.1, "frp_total_mw": 1.1, "pixel_area_ha": 14.1, "status": "out", "fire_class": "forest", "municipality": "Alacant/Alicante", "province": "Alacant/Alicante", "region": "Comunitat Valenciana", "muni_dist_km": 2.81}}, {"type": "Feature", "geometry": {"type": "Point", "coordinates": [-2.22094, 43.04033]}, "properties": {"id": "42e1e36cca9d", "first_utc": "2026-07-21T01:26:00Z", "last_utc": "2026-07-22T02:47:00Z", "detections": 5, "frp_max_mw": 1.1, "frp_total_mw": 3.8, "pixel_area_ha": 56.2, "status": "out", "fire_class": "forest", "municipality": "Ormaiztegi", "province": "Gipuzkoa", "region": "País Vasco", "muni_dist_km": 1.96}}, {"type": "Feature", "geometry": {"type": "Point", "coordinates": [1.23958, 36.126]}, "properties": {"id": "4f4dd7655d9a", "first_utc": "2026-07-25T02:11:00Z", "last_utc": "2026-07-25T02:11:00Z", "detections": 1, "frp_max_mw": 1.1, "frp_total_mw": 1.1, "pixel_area_ha": 14.1, "status": "out", "fire_class": "forest"}}, {"type": "Feature", "geometry": {"type": "Point", "coordinates": [-5.44509, 37.12751]}, "properties": {"id": "152a39c5501a", "first_utc": "2026-07-25T02:11:00Z", "last_utc": "2026-07-25T02:11:00Z", "detections": 1, "frp_max_mw": 1.1, "frp_total_mw": 1.1, "pixel_area_ha": 14.1, "status": "out", "fire_class": "forest", "municipality": "Morón de la Frontera", "province": "Sevilla", "region": "Andalucía", "muni_dist_km": 2.18}}, {"type": "Feature", "geometry": {"type": "Point", "coordinates": [-4.0934, 38.68252]}, "properties": {"id": "7622020510fd", "first_utc": "2026-07-26T03:13:00Z", "last_utc": "2026-07-26T03:13:00Z", "detections": 1, "frp_max_mw": 1.1, "frp_total_mw": 1.1, "pixel_area_ha": 14.1, "status": "out", "fire_class": "forest", "municipality": "Puertollano", "province": "Ciudad Real", "region": "Castilla-La Mancha", "muni_dist_km": 4.66}}, {"type": "Feature", "geometry": {"type": "Point", "coordinates": [-8.93782, 38.49998]}, "properties": {"id": "777d027e467b", "first_utc": "2026-07-27T02:19:00Z", "last_utc": "2026-07-27T02:19:00Z", "detections": 1, "frp_max_mw": 1.1, "frp_total_mw": 1.1, "pixel_area_ha": 14.1, "status": "dying_down", "fire_class": "forest"}}, {"type": "Feature", "geometry": {"type": "Point", "coordinates": [-5.85883, 43.55269]}, "properties": {"id": "d953b9bdbe67", "first_utc": "2026-07-28T02:00:00Z", "last_utc": "2026-07-28T02:00:00Z", "detections": 1, "frp_max_mw": 1.1, "frp_total_mw": 1.1, "pixel_area_ha": 14.1, "status": "active", "fire_class": "forest", "municipality": "Corvera de Asturias", "province": "Asturias", "region": "Principado de Asturias", "muni_dist_km": 4.43}}, {"type": "Feature", "geometry": {"type": "Point", "coordinates": [3.03735, 36.59678]}, "properties": {"id": "d4165a5e4a19", "first_utc": "2026-07-28T02:02:00Z", "last_utc": "2026-07-28T02:02:00Z", "detections": 1, "frp_max_mw": 1.1, "frp_total_mw": 1.1, "pixel_area_ha": 14.1, "status": "active", "fire_class": "forest"}}, {"type": "Feature", "geometry": {"type": "Point", "coordinates": [2.75035, 36.47322]}, "properties": {"id": "44450ed59607", "first_utc": "2026-07-28T02:02:00Z", "last_utc": "2026-07-28T02:36:00Z", "detections": 4, "frp_max_mw": 1.1, "frp_total_mw": 3.3, "pixel_area_ha": 42.2, "status": "active", "fire_class": "forest"}}, {"type": "Feature", "geometry": {"type": "Point", "coordinates": [2.0005, 41.40671]}, "properties": {"id": "ab5ece133725", "first_utc": "2026-07-23T01:54:00Z", "last_utc": "2026-07-23T01:54:00Z", "detections": 1, "frp_max_mw": 1.0, "frp_total_mw": 1.0, "pixel_area_ha": 14.1, "status": "out", "fire_class": "forest", "municipality": "Sant Vicenç dels Horts", "province": "Barcelona", "region": "Cataluña", "muni_dist_km": 1.81}}, {"type": "Feature", "geometry": {"type": "Point", "coordinates": [-2.9982, 43.08165]}, "properties": {"id": "f0a7fb5e1e02", "first_utc": "2026-07-23T02:28:00Z", "last_utc": "2026-07-23T02:28:00Z", "detections": 1, "frp_max_mw": 1.0, "frp_total_mw": 1.0, "pixel_area_ha": 14.1, "status": "out", "fire_class": "forest", "municipality": "Laudio/Llodio", "province": "Araba/Álava", "region": "País Vasco", "muni_dist_km": 6.53}}, {"type": "Feature", "geometry": {"type": "Point", "coordinates": [1.22984, 43.98786]}, "properties": {"id": "83166d0bcf09", "first_utc": "2026-07-22T02:13:00Z", "last_utc": "2026-07-23T02:47:00Z", "detections": 4, "frp_max_mw": 1.0, "frp_total_mw": 2.6, "pixel_area_ha": 28.1, "status": "out", "fire_class": "forest"}}, {"type": "Feature", "geometry": {"type": "Point", "coordinates": [3.02753, 43.02462]}, "properties": {"id": "fc0420f55f7f", "first_utc": "2026-07-24T01:34:00Z", "last_utc": "2026-07-24T01:34:00Z", "detections": 1, "frp_max_mw": 1.0, "frp_total_mw": 1.0, "pixel_area_ha": 14.1, "status": "out", "fire_class": "forest", "municipality": "La Jonquera", "province": "Girona", "region": "Cataluña", "muni_dist_km": 65.83}}, {"type": "Feature", "geometry": {"type": "Point", "coordinates": [0.98936, 43.18583]}, "properties": {"id": "8015617a66e6", "first_utc": "2026-07-24T02:28:00Z", "last_utc": "2026-07-25T02:56:00Z", "detections": 4, "frp_max_mw": 1.0, "frp_total_mw": 3.6, "pixel_area_ha": 28.1, "status": "out", "fire_class": "forest", "municipality": "Canejan", "province": "Lleida", "region": "Cataluña", "muni_dist_km": 43.87}}, {"type": "Feature", "geometry": {"type": "Point", "coordinates": [-3.72753, 39.93506]}, "properties": {"id": "3c652f8d7f13", "first_utc": "2026-07-27T01:13:00Z", "last_utc": "2026-07-27T01:13:00Z", "detections": 1, "frp_max_mw": 1.0, "frp_total_mw": 1.0, "pixel_area_ha": 14.1, "status": "dying_down", "fire_class": "forest", "municipality": "Yepes", "province": "Toledo", "region": "Castilla-La Mancha", "muni_dist_km": 4.2}}, {"type": "Feature", "geometry": {"type": "Point", "coordinates": [-1.48753, 41.4751]}, "properties": {"id": "596932e76d40", "first_utc": "2026-07-27T02:17:00Z", "last_utc": "2026-07-28T02:36:00Z", "detections": 4, "frp_max_mw": 1.0, "frp_total_mw": 2.4, "pixel_area_ha": 42.2, "status": "active", "fire_class": "forest", "municipality": "Chodes", "province": "Zaragoza", "region": "Aragón", "muni_dist_km": 0.83}}, {"type": "Feature", "geometry": {"type": "Point", "coordinates": [-8.56827, 42.2832]}, "properties": {"id": "75dcda2c93e1", "first_utc": "2026-07-23T03:34:00Z", "last_utc": "2026-07-23T03:34:00Z", "detections": 1, "frp_max_mw": 0.9, "frp_total_mw": 0.9, "pixel_area_ha": 14.1, "status": "out", "fire_class": "forest", "official_area_ha": 8722.0, "perimeter_id": "11472", "municipality": "Pazos de Borbén", "province": "Pontevedra", "region": "Galicia", "muni_dist_km": 2.71}}, {"type": "Feature", "geometry": {"type": "Point", "coordinates": [-5.42433, 36.17733]}, "properties": {"id": "358ab034fcee", "first_utc": "2026-07-24T02:11:00Z", "last_utc": "2026-07-24T02:11:00Z", "detections": 1, "frp_max_mw": 0.9, "frp_total_mw": 0.9, "pixel_area_ha": 14.1, "status": "out", "fire_class": "forest", "municipality": "La Línea de la Concepción", "province": "Cádiz", "region": "Andalucía", "muni_dist_km": 7.92}}, {"type": "Feature", "geometry": {"type": "Point", "coordinates": [-8.42046, 40.29045]}, "properties": {"id": "316ae1e77911", "first_utc": "2026-07-24T02:30:00Z", "last_utc": "2026-07-24T02:30:00Z", "detections": 1, "frp_max_mw": 0.9, "frp_total_mw": 0.9, "pixel_area_ha": 14.1, "status": "out", "fire_class": "forest", "municipality": "Cedillo", "province": "Cáceres", "region": "Extremadura", "muni_dist_km": 108.96}}, {"type": "Feature", "geometry": {"type": "Point", "coordinates": [2.0365, 36.15838]}, "properties": {"id": "09e52c436a71", "first_utc": "2026-07-24T02:30:00Z", "last_utc": "2026-07-24T02:30:00Z", "detections": 4, "frp_max_mw": 0.9, "frp_total_mw": 3.5, "pixel_area_ha": 28.1, "status": "out", "fire_class": "forest"}}, {"type": "Feature", "geometry": {"type": "Point", "coordinates": [-3.84418, 43.44238]}, "properties": {"id": "26ce8f9991a3", "first_utc": "2026-07-23T02:28:00Z", "last_utc": "2026-07-25T02:11:00Z", "detections": 4, "frp_max_mw": 0.9, "frp_total_mw": 2.9, "pixel_area_ha": 28.1, "status": "out", "fire_class": "forest", "municipality": "Santander", "province": "Cantabria", "region": "Cantabria", "muni_dist_km": 2.32}}, {"type": "Feature", "geometry": {"type": "Point", "coordinates": [-3.83716, 43.41269]}, "properties": {"id": "f64281d32e7d", "first_utc": "2026-07-25T02:11:00Z", "last_utc": "2026-07-25T02:11:00Z", "detections": 1, "frp_max_mw": 0.9, "frp_total_mw": 0.9, "pixel_area_ha": 14.1, "status": "out", "fire_class": "forest", "municipality": "El Astillero", "province": "Cantabria", "region": "Cantabria", "muni_dist_km": 1.5}}, {"type": "Feature", "geometry": {"type": "Point", "coordinates": [-1.74293, 42.81481]}, "properties": {"id": "93ce82c2ef25", "first_utc": "2026-07-25T02:11:00Z", "last_utc": "2026-07-25T02:11:00Z", "detections": 1, "frp_max_mw": 0.9, "frp_total_mw": 0.9, "pixel_area_ha": 14.1, "status": "out", "fire_class": "forest", "municipality": "Cendea de Olza/Oltza Zendea", "province": "Navarra", "region": "Comunidad Foral de Navarra", "muni_dist_km": 1.98}}, {"type": "Feature", "geometry": {"type": "Point", "coordinates": [-4.28722, 37.29036]}, "properties": {"id": "dd94ccda4289", "first_utc": "2026-07-25T02:58:00Z", "last_utc": "2026-07-25T02:58:00Z", "detections": 2, "frp_max_mw": 0.9, "frp_total_mw": 1.6, "pixel_area_ha": 28.1, "status": "out", "fire_class": "forest", "municipality": "Iznájar", "province": "Córdoba", "region": "Andalucía", "muni_dist_km": 3.16}}, {"type": "Feature", "geometry": {"type": "Point", "coordinates": [-3.72717, 37.93284]}, "properties": {"id": "aa39f1b0e8ee", "first_utc": "2026-07-26T01:34:00Z", "last_utc": "2026-07-26T01:52:00Z", "detections": 2, "frp_max_mw": 0.9, "frp_total_mw": 1.2, "pixel_area_ha": 14.1, "status": "out", "fire_class": "forest", "municipality": "Villatorres", "province": "Jaén", "region": "Andalucía", "muni_dist_km": 2.9}}, {"type": "Feature", "geometry": {"type": "Point", "coordinates": [-0.54267, 38.37597]}, "properties": {"id": "866064fafad5", "first_utc": "2026-07-26T01:52:00Z", "last_utc": "2026-07-26T02:38:00Z", "detections": 2, "frp_max_mw": 0.9, "frp_total_mw": 1.8, "pixel_area_ha": 28.1, "status": "out", "fire_class": "forest", "municipality": "Alacant/Alicante", "province": "Alacant/Alicante", "region": "Comunitat Valenciana", "muni_dist_km": 0.7}}, {"type": "Feature", "geometry": {"type": "Point", "coordinates": [-1.47416, 41.47062]}, "properties": {"id": "888b80c49bcd", "first_utc": "2026-07-27T01:13:00Z", "last_utc": "2026-07-27T01:13:00Z", "detections": 1, "frp_max_mw": 0.9, "frp_total_mw": 0.9, "pixel_area_ha": 14.1, "status": "dying_down", "fire_class": "forest", "municipality": "Chodes", "province": "Zaragoza", "region": "Aragón", "muni_dist_km": 1.47}}, {"type": "Feature", "geometry": {"type": "Point", "coordinates": [-6.71854, 38.32064]}, "properties": {"id": "c9b965644317", "first_utc": "2026-07-26T01:52:00Z", "last_utc": "2026-07-27T02:19:00Z", "detections": 3, "frp_max_mw": 0.9, "frp_total_mw": 2.1, "pixel_area_ha": 14.1, "status": "dying_down", "fire_class": "forest", "municipality": "Jerez de los Caballeros", "province": "Badajoz", "region": "Extremadura", "muni_dist_km": 7.1}}, {"type": "Feature", "geometry": {"type": "Point", "coordinates": [-0.3407, 35.80873]}, "properties": {"id": "8a02b45bfecc", "first_utc": "2026-07-27T02:19:00Z", "last_utc": "2026-07-27T02:19:00Z", "detections": 1, "frp_max_mw": 0.9, "frp_total_mw": 0.9, "pixel_area_ha": 14.1, "status": "dying_down", "fire_class": "forest"}}, {"type": "Feature", "geometry": {"type": "Point", "coordinates": [-5.42132, 36.17829]}, "properties": {"id": "7d662dd552c9", "first_utc": "2026-07-28T02:02:00Z", "last_utc": "2026-07-28T02:38:00Z", "detections": 2, "frp_max_mw": 0.9, "frp_total_mw": 1.3, "pixel_area_ha": 14.1, "status": "active", "fire_class": "forest", "municipality": "La Línea de la Concepción", "province": "Cádiz", "region": "Andalucía", "muni_dist_km": 7.62}}, {"type": "Feature", "geometry": {"type": "Point", "coordinates": [-1.35145, 43.05841]}, "properties": {"id": "61b7194b7829", "first_utc": "2026-07-22T02:11:00Z", "last_utc": "2026-07-22T03:06:00Z", "detections": 4, "frp_max_mw": 0.8, "frp_total_mw": 2.6, "pixel_area_ha": 42.2, "status": "out", "fire_class": "forest", "municipality": "Luzaide/Valcarlos", "province": "Navarra", "region": "Comunidad Foral de Navarra", "muni_dist_km": 2.95}}, {"type": "Feature", "geometry": {"type": "Point", "coordinates": [0.98999, 43.18691]}, "properties": {"id": "6ee006ca77b7", "first_utc": "2026-07-23T01:07:00Z", "last_utc": "2026-07-23T01:52:00Z", "detections": 2, "frp_max_mw": 0.8, "frp_total_mw": 1.3, "pixel_area_ha": 28.1, "status": "out", "fire_class": "forest", "municipality": "Canejan", "province": "Lleida", "region": "Cataluña", "muni_dist_km": 44.09}}, {"type": "Feature", "geometry": {"type": "Point", "coordinates": [2.6364, 43.25883]}, "properties": {"id": "5cd1755cf201", "first_utc": "2026-07-23T01:52:00Z", "last_utc": "2026-07-23T01:52:00Z", "detections": 1, "frp_max_mw": 0.8, "frp_total_mw": 0.8, "pixel_area_ha": 14.1, "status": "out", "fire_class": "forest", "municipality": "La Jonquera", "province": "Girona", "region": "Cataluña", "muni_dist_km": 93.65}}, {"type": "Feature", "geometry": {"type": "Point", "coordinates": [2.28012, 41.94793]}, "properties": {"id": "5c6a0f574c00", "first_utc": "2026-07-24T01:34:00Z", "last_utc": "2026-07-24T01:34:00Z", "detections": 1, "frp_max_mw": 0.8, "frp_total_mw": 0.8, "pixel_area_ha": 14.1, "status": "out", "fire_class": "forest", "municipality": "Calldetenes", "province": "Barcelona", "region": "Cataluña", "muni_dist_km": 2.87}}, {"type": "Feature", "geometry": {"type": "Point", "coordinates": [-0.54486, 38.37632]}, "properties": {"id": "918f58fc6188", "first_utc": "2026-07-24T02:13:00Z", "last_utc": "2026-07-24T02:13:00Z", "detections": 1, "frp_max_mw": 0.8, "frp_total_mw": 0.8, "pixel_area_ha": 14.1, "status": "out", "fire_class": "forest", "municipality": "Alacant/Alicante", "province": "Alacant/Alicante", "region": "Comunitat Valenciana", "muni_dist_km": 0.91}}, {"type": "Feature", "geometry": {"type": "Point", "coordinates": [-3.90045, 40.009]}, "properties": {"id": "f3d7bb925132", "first_utc": "2026-07-25T02:11:00Z", "last_utc": "2026-07-25T02:11:00Z", "detections": 1, "frp_max_mw": 0.8, "frp_total_mw": 0.8, "pixel_area_ha": 14.1, "status": "out", "fire_class": "forest", "municipality": "Villaluenga de la Sagra", "province": "Toledo", "region": "Castilla-La Mancha", "muni_dist_km": 1.9}}, {"type": "Feature", "geometry": {"type": "Point", "coordinates": [-4.07534, 38.02166]}, "properties": {"id": "b0b5b84b25a3", "first_utc": "2026-07-25T02:13:00Z", "last_utc": "2026-07-25T02:13:00Z", "detections": 1, "frp_max_mw": 0.8, "frp_total_mw": 0.8, "pixel_area_ha": 14.1, "status": "out", "fire_class": "forest", "municipality": "Arjonilla", "province": "Jaén", "region": "Andalucía", "muni_dist_km": 5.9}}, {"type": "Feature", "geometry": {"type": "Point", "coordinates": [-1.70236, 39.44446]}, "properties": {"id": "ef0b8c7c4d63", "first_utc": "2026-07-25T13:33:00Z", "last_utc": "2026-07-25T13:33:00Z", "detections": 1, "frp_max_mw": 0.8, "frp_total_mw": 0.8, "pixel_area_ha": 14.1, "status": "out", "fire_class": "likely_agricultural", "municipality": "Iniesta", "province": "Cuenca", "region": "Castilla-La Mancha", "muni_dist_km": 3.21}}, {"type": "Feature", "geometry": {"type": "Point", "coordinates": [-0.69179, 39.48645]}, "properties": {"id": "33ba268438f7", "first_utc": "2026-07-26T01:52:00Z", "last_utc": "2026-07-26T01:52:00Z", "detections": 2, "frp_max_mw": 0.8, "frp_total_mw": 1.5, "pixel_area_ha": 28.1, "status": "out", "fire_class": "forest", "municipality": "Cheste", "province": "València/Valencia", "region": "Comunitat Valenciana", "muni_dist_km": 2.55}}, {"type": "Feature", "geometry": {"type": "Point", "coordinates": [3.85068, 36.49359]}, "properties": {"id": "0bd9a78cb8e4", "first_utc": "2026-07-26T01:52:00Z", "last_utc": "2026-07-26T01:52:00Z", "detections": 1, "frp_max_mw": 0.8, "frp_total_mw": 0.8, "pixel_area_ha": 14.1, "status": "out", "fire_class": "forest"}}, {"type": "Feature", "geometry": {"type": "Point", "coordinates": [-3.90058, 40.00856]}, "properties": {"id": "8be8276f99f7", "first_utc": "2026-07-27T02:19:00Z", "last_utc": "2026-07-27T02:19:00Z", "detections": 1, "frp_max_mw": 0.8, "frp_total_mw": 0.8, "pixel_area_ha": 14.1, "status": "dying_down", "fire_class": "forest", "municipality": "Villaluenga de la Sagra", "province": "Toledo", "region": "Castilla-La Mancha", "muni_dist_km": 1.93}}, {"type": "Feature", "geometry": {"type": "Point", "coordinates": [-8.43637, 43.34605]}, "properties": {"id": "c1681f1d36ff", "first_utc": "2026-07-27T02:53:00Z", "last_utc": "2026-07-27T02:53:00Z", "detections": 1, "frp_max_mw": 0.8, "frp_total_mw": 0.8, "pixel_area_ha": 14.1, "status": "dying_down", "fire_class": "forest", "municipality": "A Coruña", "province": "A Coruña", "region": "Galicia", "muni_dist_km": 1.14}}, {"type": "Feature", "geometry": {"type": "Point", "coordinates": [3.80448, 36.669]}, "properties": {"id": "e966cd1853a8", "first_utc": "2026-07-28T00:56:00Z", "last_utc": "2026-07-28T00:56:00Z", "detections": 2, "frp_max_mw": 0.8, "frp_total_mw": 1.2, "pixel_area_ha": 14.1, "status": "active", "fire_class": "forest"}}, {"type": "Feature", "geometry": {"type": "Point", "coordinates": [-2.88196, 43.22569]}, "properties": {"id": "546c48bf10c8", "first_utc": "2026-07-28T01:13:00Z", "last_utc": "2026-07-28T01:13:00Z", "detections": 2, "frp_max_mw": 0.8, "frp_total_mw": 1.3, "pixel_area_ha": 28.1, "status": "active", "fire_class": "forest", "municipality": "Basauri", "province": "Bizkaia", "region": "País Vasco", "muni_dist_km": 0.62}}, {"type": "Feature", "geometry": {"type": "Point", "coordinates": [1.99854, 41.40622]}, "properties": {"id": "e2af8d084819", "first_utc": "2026-07-27T02:17:00Z", "last_utc": "2026-07-28T02:00:00Z", "detections": 3, "frp_max_mw": 0.8, "frp_total_mw": 2.0, "pixel_area_ha": 28.1, "status": "active", "fire_class": "forest", "municipality": "Sant Vicenç dels Horts", "province": "Barcelona", "region": "Cataluña", "muni_dist_km": 1.77}}, {"type": "Feature", "geometry": {"type": "Point", "coordinates": [0.98991, 43.18592]}, "properties": {"id": "f14aba173af1", "first_utc": "2026-07-27T02:53:00Z", "last_utc": "2026-07-28T02:34:00Z", "detections": 3, "frp_max_mw": 0.8, "frp_total_mw": 2.1, "pixel_area_ha": 14.1, "status": "active", "fire_class": "forest", "municipality": "Canejan", "province": "Lleida", "region": "Cataluña", "muni_dist_km": 43.85}}, {"type": "Feature", "geometry": {"type": "Point", "coordinates": [-4.92055, 37.83062]}, "properties": {"id": "47177338b16b", "first_utc": "2026-07-28T02:02:00Z", "last_utc": "2026-07-28T02:36:00Z", "detections": 3, "frp_max_mw": 0.8, "frp_total_mw": 1.8, "pixel_area_ha": 42.2, "status": "active", "fire_class": "forest", "municipality": "Almodóvar del Río", "province": "Córdoba", "region": "Andalucía", "muni_dist_km": 7.65}}, {"type": "Feature", "geometry": {"type": "Point", "coordinates": [-2.77548, 43.20564]}, "properties": {"id": "e129c5a1fa1c", "first_utc": "2026-07-22T02:11:00Z", "last_utc": "2026-07-22T02:11:00Z", "detections": 1, "frp_max_mw": 0.7, "frp_total_mw": 0.7, "pixel_area_ha": 14.1, "status": "out", "fire_class": "forest", "municipality": "Lemoa", "province": "Bizkaia", "region": "País Vasco", "muni_dist_km": 0.42}}, {"type": "Feature", "geometry": {"type": "Point", "coordinates": [-5.72499, 43.55994]}, "properties": {"id": "240bccd5119a", "first_utc": "2026-07-22T02:11:00Z", "last_utc": "2026-07-22T02:11:00Z", "detections": 1, "frp_max_mw": 0.7, "frp_total_mw": 0.7, "pixel_area_ha": 14.1, "status": "out", "fire_class": "forest", "municipality": "Carreño", "province": "Asturias", "region": "Principado de Asturias", "muni_dist_km": 5.44}}, {"type": "Feature", "geometry": {"type": "Point", "coordinates": [3.86359, 43.56918]}, "properties": {"id": "da66bffb5e0f", "first_utc": "2026-07-22T02:45:00Z", "last_utc": "2026-07-22T02:45:00Z", "detections": 1, "frp_max_mw": 0.7, "frp_total_mw": 0.7, "pixel_area_ha": 14.1, "status": "out", "fire_class": "forest"}}, {"type": "Feature", "geometry": {"type": "Point", "coordinates": [-2.2978, 40.77541]}, "properties": {"id": "2db3db78e996", "first_utc": "2026-07-23T01:07:00Z", "last_utc": "2026-07-23T01:07:00Z", "detections": 1, "frp_max_mw": 0.7, "frp_total_mw": 0.7, "pixel_area_ha": 14.1, "status": "out", "fire_class": "forest", "municipality": "Armallones", "province": "Guadalajara", "region": "Castilla-La Mancha", "muni_dist_km": 4.82}}, {"type": "Feature", "geometry": {"type": "Point", "coordinates": [-0.54467, 38.37737]}, "properties": {"id": "6d6a98a28f5f", "first_utc": "2026-07-23T01:54:00Z", "last_utc": "2026-07-23T01:54:00Z", "detections": 1, "frp_max_mw": 0.7, "frp_total_mw": 0.7, "pixel_area_ha": 14.1, "status": "out", "fire_class": "forest", "municipality": "Alacant/Alicante", "province": "Alacant/Alicante", "region": "Comunitat Valenciana", "muni_dist_km": 0.82}}, {"type": "Feature", "geometry": {"type": "Point", "coordinates": [-4.2203, 40.38029]}, "properties": {"id": "f33dbfe3e94d", "first_utc": "2026-07-25T02:11:00Z", "last_utc": "2026-07-25T02:11:00Z", "detections": 1, "frp_max_mw": 0.7, "frp_total_mw": 0.7, "pixel_area_ha": 14.1, "status": "out", "fire_class": "forest", "municipality": "Chapinería", "province": "Madrid", "region": "Comunidad de Madrid", "muni_dist_km": 1.35}}, {"type": "Feature", "geometry": {"type": "Point", "coordinates": [-7.35361, 42.89535]}, "properties": {"id": "243edda93c3d", "first_utc": "2026-07-26T01:52:00Z", "last_utc": "2026-07-26T01:52:00Z", "detections": 1, "frp_max_mw": 0.7, "frp_total_mw": 0.7, "pixel_area_ha": 14.1, "status": "out", "fire_class": "forest", "municipality": "Láncara", "province": "Lugo", "region": "Galicia", "muni_dist_km": 5.75}}, {"type": "Feature", "geometry": {"type": "Point", "coordinates": [-5.72608, 43.5644]}, "properties": {"id": "fe84b246184e", "first_utc": "2026-07-27T01:32:00Z", "last_utc": "2026-07-27T01:32:00Z", "detections": 1, "frp_max_mw": 0.7, "frp_total_mw": 0.7, "pixel_area_ha": 14.1, "status": "dying_down", "fire_class": "forest", "municipality": "Carreño", "province": "Asturias", "region": "Principado de Asturias", "muni_dist_km": 5.48}}, {"type": "Feature", "geometry": {"type": "Point", "coordinates": [-1.51209, 42.9214]}, "properties": {"id": "299ca329ce3d", "first_utc": "2026-07-20T02:49:00Z", "last_utc": "2026-07-22T02:47:00Z", "detections": 6, "frp_max_mw": 0.6, "frp_total_mw": 2.7, "pixel_area_ha": 28.1, "status": "out", "fire_class": "forest", "municipality": "Esteribar", "province": "Navarra", "region": "Comunidad Foral de Navarra", "muni_dist_km": 2.94}}, {"type": "Feature", "geometry": {"type": "Point", "coordinates": [2.42988, 41.85309]}, "properties": {"id": "945141a0f9ee", "first_utc": "2026-07-27T02:53:00Z", "last_utc": "2026-07-27T02:53:00Z", "detections": 2, "frp_max_mw": 0.6, "frp_total_mw": 1.0, "pixel_area_ha": 28.1, "status": "dying_down", "fire_class": "forest", "municipality": "Espinelves", "province": "Girona", "region": "Cataluña", "muni_dist_km": 2.32}}, {"type": "Feature", "geometry": {"type": "Point", "coordinates": [-2.77185, 43.2064]}, "properties": {"id": "8d0e459139e7", "first_utc": "2026-07-28T02:36:00Z", "last_utc": "2026-07-28T02:36:00Z", "detections": 1, "frp_max_mw": 0.6, "frp_total_mw": 0.6, "pixel_area_ha": 14.1, "status": "active", "fire_class": "forest", "municipality": "Lemoa", "province": "Bizkaia", "region": "País Vasco", "muni_dist_km": 0.24}}, {"type": "Feature", "geometry": {"type": "Point", "coordinates": [-6.7672, 42.55221]}, "properties": {"id": "35f729da1b92", "first_utc": "2026-07-28T02:36:00Z", "last_utc": "2026-07-28T02:36:00Z", "detections": 1, "frp_max_mw": 0.6, "frp_total_mw": 0.6, "pixel_area_ha": 14.1, "status": "active", "fire_class": "forest", "municipality": "Toral de los Vados", "province": "León", "region": "Castilla y León", "muni_dist_km": 0.7}}, {"type": "Feature", "geometry": {"type": "Point", "coordinates": [2.92125, 36.72724]}, "properties": {"id": "cf69fd7d0166", "first_utc": "2026-07-24T01:37:00Z", "last_utc": "2026-07-24T01:37:00Z", "detections": 1, "frp_max_mw": 0.5, "frp_total_mw": 0.5, "pixel_area_ha": 14.1, "status": "out", "fire_class": "forest"}}, {"type": "Feature", "geometry": {"type": "Point", "coordinates": [3.01001, 36.68004]}, "properties": {"id": "bcda60abb142", "first_utc": "2026-07-24T01:37:00Z", "last_utc": "2026-07-24T01:37:00Z", "detections": 1, "frp_max_mw": 0.5, "frp_total_mw": 0.5, "pixel_area_ha": 14.1, "status": "out", "fire_class": "forest"}}, {"type": "Feature", "geometry": {"type": "Point", "coordinates": [-4.2471, 38.67488]}, "properties": {"id": "ba69ffed1a23", "first_utc": "2026-07-25T02:13:00Z", "last_utc": "2026-07-25T02:13:00Z", "detections": 1, "frp_max_mw": 0.5, "frp_total_mw": 0.5, "pixel_area_ha": 14.1, "status": "out", "fire_class": "forest", "municipality": "Cabezarrubias del Puerto", "province": "Ciudad Real", "region": "Castilla-La Mancha", "muni_dist_km": 12.58}}, {"type": "Feature", "geometry": {"type": "Point", "coordinates": [-7.24823, 40.51282]}, "properties": {"id": "896d18d7edca", "first_utc": "2026-07-27T02:19:00Z", "last_utc": "2026-07-27T02:19:00Z", "detections": 1, "frp_max_mw": 0.5, "frp_total_mw": 0.5, "pixel_area_ha": 14.1, "status": "dying_down", "fire_class": "forest", "municipality": "La Alamedilla", "province": "Salamanca", "region": "Castilla y León", "muni_dist_km": 37.01}}, {"type": "Feature", "geometry": {"type": "Point", "coordinates": [-2.77247, 43.20777]}, "properties": {"id": "38382f46ca61", "first_utc": "2026-07-23T02:28:00Z", "last_utc": "2026-07-23T02:28:00Z", "detections": 1, "frp_max_mw": 0.4, "frp_total_mw": 0.4, "pixel_area_ha": 14.1, "status": "out", "fire_class": "forest", "municipality": "Lemoa", "province": "Bizkaia", "region": "País Vasco", "muni_dist_km": 0.4}}, {"type": "Feature", "geometry": {"type": "Point", "coordinates": [-3.14555, 41.15652]}, "properties": {"id": "b844c75d718f", "first_utc": "2026-07-25T01:52:00Z", "last_utc": "2026-07-25T01:52:00Z", "detections": 1, "frp_max_mw": 0.4, "frp_total_mw": 0.4, "pixel_area_ha": 14.1, "status": "out", "fire_class": "forest", "municipality": "La Huerce", "province": "Guadalajara", "region": "Castilla-La Mancha", "muni_dist_km": 2.8}}, {"type": "Feature", "geometry": {"type": "Point", "coordinates": [-1.51155, 42.92043]}, "properties": {"id": "db35742a05fe", "first_utc": "2026-07-28T02:53:00Z", "last_utc": "2026-07-28T02:53:00Z", "detections": 1, "frp_max_mw": 0.3, "frp_total_mw": 0.3, "pixel_area_ha": 14.1, "status": "active", "fire_class": "forest", "municipality": "Esteribar", "province": "Navarra", "region": "Comunidad Foral de Navarra", "muni_dist_km": 3.13}}, {"type": "Feature", "geometry": {"type": "Point", "coordinates": [-3.79919, 37.21086]}, "properties": {"id": "9b61b19c7a9c", "first_utc": "2026-07-26T01:52:00Z", "last_utc": "2026-07-26T01:52:00Z", "detections": 1, "frp_max_mw": 0.2, "frp_total_mw": 0.2, "pixel_area_ha": 14.1, "status": "out", "fire_class": "forest", "municipality": "Fuente Vaqueros", "province": "Granada", "region": "Andalucía", "muni_dist_km": 1.53}}, {"type": "Feature", "geometry": {"type": "Point", "coordinates": [-4.31678, 40.45193]}, "properties": {"id": "0ed8a5e869da", "first_utc": "2026-07-28T02:36:00Z", "last_utc": "2026-07-28T02:36:00Z", "detections": 1, "frp_max_mw": 0.2, "frp_total_mw": 0.2, "pixel_area_ha": 14.1, "status": "active", "fire_class": "forest", "municipality": "Valdemaqueda", "province": "Madrid", "region": "Comunidad de Madrid", "muni_dist_km": 6.3}}]}